id,address,city,state,zip
1,415-419 Cedar Bridge Avenue,Lakewood,NJ,08701
2,526 Yale Avenue North,Seattle,WA,98109
3,Neptune Boulevard & SR-33,Neptune,NJ,07753
4,4280 South Hualapai Way,Las Vegas,NV,89147
5,406 E. Safari Road,Grand Prairie,TX,75050
6,11625-11715 Fox Road,Indianapolis,IN,46236
7,205 Collins Avenue,Colma,CA,94014
8,818 Spring Lane,Sanford,NC,27330
9,20 Easthampton Road,Holyoke,MA,01040
10,8701 J.W. Clay Blvd.,Charlotte,NC,28217
11,21251 Ridgetop Circle,Sterling,VA,20166
12,12500 - 12600 Dunlap,Houston,TX,77035
13,32 Blacks Lane,Springfield,NJ,07081
14,26797 Hanna Road,Conroe,TX,77385
15,310 Old Chatham Road,Dennis,MA,02660
16,5306-5310 Windward Parkway,Alpharetta,GA,30004
17,8004 Palmetto Avenue,Fontana,CA,92336
18,916 Union Street,Brooklyn,NY,11215
19,6455 South Yosemite Street,Greenwood Village,CO,80111
20,1642-44 W. Morse Avenue,Chicago,IL,60626
21,6 Monticello Drive,Athens,OH,45701
22,9227-9331 Coors Boulevard Northwest,Albuquerque,NM,87114
23,2021 Highridge Drive,Huntsville,AL,35802
24,10461 East Apache Trail,Apache Junction,AZ,85220
25,905-993 Lomas Santa Fe Drive,Solana Beach,CA,92075
26,780 Ocean Beach Highway,Longview,WA,98632
27,4101  Brittany Street,Bakersfield,CA,93312
28,1650 Richmond Avenue,Staten Island,NY,10314
29,10105 224th Street E,Graham,WA,98338
30,2207 South Western Street,Amarillo,TX,79109
31,6601 Abercorn Street,Savannah,GA,31405
32,5001 Monroe Street,Toledo,OH,43623
33,800 South Salisbury Blvd.,Salisbury,MD,21801
34,9401-9453 Katy Freeway,Houston,TX,77024
35,5350 Tech Data Drive,Clearwater,FL,33760
36,2320 Northeast 5th Avenue,Pompano Beach,FL,33064
37,122 South Michigan Avenue,Chicago,IL,60603
38,2930 SW 23rd Terrace,Gainesville,FL,32608
39,120 West Railroad Street,Long Beach,MS,39560
40,2220 West Mission Lane,Phoenix,AZ,85021
41,3520 East Dupont Road,Fort Wayne,IN,46825
42,8251 West Union Hills Drive,Glendale,AZ,85308
43,3801-3899 Aramingo Avenue,Philadelphia,PA,19137
44,5849 Peachtree Road,Chamblee,GA,30341
45,3447-3469 University Drive,Sunrise,FL,33351
46,3906-3910 Buena Vista Street,Dallas,TX,75204
47,6380 South Valley View Boulevard,Las Vegas,NV,89118
48,2501 Anken Drive,Austin,TX,78741
49,25421 Alta Loma,Lake Forest,CA,92630
50,5500 Nolansville Road,Nashville,TN,37211
51,4002 South Cedar Street,Pecos,TX,79772
52,1401-1419 First Avenue & 92-96Union Street,Seattle,WA,98101
53,95 Powers Street,Milford,NH,03055
54,301 West Gonzales Road,Oxnard,CA,93036
55,710 S. Frontage Road,Nipomo,CA,93444
56,4633 La Palma Avenue,Anaheim,CA,92807
57,11720 and 11730 Plaza America Drive,Reston,VA,20190
58,18000-18080 Matney Road,Germantown,MD,20874
59,9515 North Lamar Boulevard,Austin,TX,78753
60,2005 Broadhollow Road,Farmingdale,NY,11735
61,4140 East Lancaster Avenue,Ft. Worth,TX,76103
62,5601 Pacific Highway East,Fife,WA,98424
63,9550 West Sahara Avenue,Las Vegas,NV,89117
64,251-255 Najoles Road,Millersville,MD,21108
65,8570 Hermosa Avenue,Rancho Cucamonga,CA,91730
66,"16505 & 16541 Redmond Way and 16421, 16528 & 16564 Cleveland Street",Redmond,WA,98052
67,Clinton Street,Hudson,OH,44236
68,2828 West Thunderbird Road,Phoenix,AZ,85053
69,1210 Parklane Road,Mccomb,MS,39648
70,1415 Main Street,Dunedin,FL,34698
71,1743 Park Center Drive,Orlando,FL,32835
72,10935 US Highway 98 West,Miramar Beach,FL,32550
73,1250 Tech Drive,Norcross,GA,30093
74,38 West 9th Street,New York,NY,10011
75,245 Front Street,Key West,FL,33040
76,500 South Salina Street,Syracuse,NY,13202
77,33 Homestretch Lane,Crawfordville,FL,32327
78,"1869 Mintwood Place, NW",Washington,DC,20009
79,12655 Southwest Freeway,Stafford,TX,77477
80,6730 4th Avenue,Sacramento,CA,95817
81,3585-3595 Central Avenue,Fort Myers,FL,33901
82,1805 30th Street Northwest,Bemidji,MN,56601
83,1106 N. St. Augustine Road,Valdosta,GA,31601
84,10282-10492 Trask Avenue,Garden Grove,CA,92843
85,13414 Clayton Road,St. Louis,MO,63131
86,805 NE Kane Drive,Gresham,OR,97030
87,45 Clinton Avenue,Brooklyn,NY,11205
88,1620 Bay Area Boulevard,Houston,TX,77058
89,25 High Street,Waldorf,MD,20602
90,120 Old Post Road,Rye,NY,10580
91,2500 Marcus Avenue,Lake Success,NY,11042
92,4339 Cutler Avenue NE,Albuquerque,NM,87110
93,3301 Hampton Highway,Yorktown,VA,23693
94,8343 Hogan Road,Jacksonville,FL,32216
95,9-58 Cynthias Place,Fredericksburg,VA,22406
96,6003 Old Bullard Road,Tyler,TX,75703
97,"1700, 1710, 1716, 1730 4th Street",Berkeley,CA,94710
98,5914 Buffalo Avenue and 13545 Califa Street,Van Nuys,CA,91401
99,1624 North Coast Highway 101,Encinitas,CA,92024
100,41 Loughlin Road,Binghamton,NY,13904
101,"240, 262, 278 N. 5th Street, 225, 251 N. Neilston Street",Columbus,OH,43215
102,100 & 150 College Road West,Princeton,NJ,08540
103,1000 Chesterbrook Boulevard,Berwyn,PA,19312
104,955 Broadway & 1715 Aurora Avenue,Boulder,CO,80302
105,241 Ridge Street,Reno,NV,89501
106,5000 Meadowood Mall Circle,Reno,NV,89502
107,23461 South Pointe Drive,Laguna Hills,CA,92653
108,1650-1720 Sherman Boulevard,Muskegon,MI,49445
109,255-261 Hamilton Avenue & 541-545 Ramona Street,Palo Alto,CA,94301
110,14810-14900 Manchester Boulevard,Ballwin,MO,63011
111,8700 Turnpike Drive,Westminster,CO,80031
112,6400-6500 Landsdowne Centre,Alexandria,VA,22315
113,7941 Tara Boulevard,Jonesboro,GA,30274
114,432 South Arroyo Parkway,Pasadena,CA,91105
115,5324 Jefferson Davis Highway,Fredericksburg,VA,22408
116,"228 Timberbrook Lane and 1209, 1213, 1237, 1246-54, 1279 26th Street SE","Hickory, Granite Falls",NC,28630
117,36-02 35th Avenue,Astoria,NY,11106
118,202-208 W. San Ysidro Blvd.,San Ysidro,CA,92173
119,27261-27271 Las Ramblas,Mission Viejo,CA,92691
120,220 Northwest Second Avenue,Portland,OR,97209
121,2905-2993 Duff Road,Lakeland,FL,33810
122,404-406 Broadway,New York,NY,10013
123,595 East Ordnance Road,Glen Burnie,MD,21060
124,4164 St. Elmo Avenue,Memphis,TN,38128
125,133 Fayetteville Street,Raleigh,NC,27601
126,2669/2675 Broadway a/k/a 240 West 102nd Street,New York,NY,10025
127,901 Enterprise Way,Portsmouth City,VA,23704
128,Intersection of Routes 40 & 67,Schaghticoke,NY,12154
129,350 Alumni Road,Newington,CT,06111
130,5151 Lafayette Street/2318 Calle De Luna/ 5122 Calle Del Sol,Santa Clara,CA,95054
131,163 Business Park Drive,Lebanon,TN,37090
132,6427 N. Canton Center Road,Canton Township,MI,48187
133,1500 Lorene Drive,Harvey,LA,70058
134,5712 Cleveland Street,Virginia Beach,VA,23462
135,4300 Pouncey Tract Road,Glen Allen,VA,23060
136,1301 Trumansburg Road,Ithaca,NY,14850
137,1120 Litton Avenue,Nashville,TN,37216
138,5 Peters Canyon Road,Irvine,CA,92606
139,27380 Cook Road,Olmsted Township,OH,44138
140,3421-3433 Broadway,American Canyon,CA,94503
141,4747 Hopyard Road,Pleasanton,CA,94588
142,4701 East Paris Avenue Southeast,Kentwood,MI,49512
143,9601 McAllister Freeway,San Antonio,TX,78216
144,6014 Blanco Road,San Antonio,TX,78216
145,4250 34th Street South,St. Petersburg,FL,33711
146,15920 West Valley Highway,Tukwila,WA,98188
147,1150 Mineral Wells Avenue,Paris,TN,38242
148,35 Carl Street,Lowell,MA,01851
149,1101 Melbourne Road,Euless,TX,76053
150,215 Old Hammock Road,Swansboro,NC,28584
151,41840 Ford Road,Canton Township,MI,48187
152,17474-17580 Yorba Linda Boulevard,Yorba Linda,CA,92886
153,12914 FM 1960 Road West,Houston,TX,77065
154,3091 College Park Drive,The Woodlands,TX,77384
155,1248 Sussex Turnpike,Randolph,NJ,07869
156,"3600, 3601, 3700 O'Donnell Street",Baltimore,MD,21224
157,2801 & 2815 Division Street,St. Cloud,MN,56301
158,85 Metro Park,Rochester,NY,14623
159,140 N. MacDade Blvd.,Glenolden,PA,19036
160,8321 Pines Boulevard,Pembroke Pines,FL,33024
161,5526 Lauretta Street,San Diego,CA,92110
162,2951 Granger Drive,Springfield,IL,62707
163,8600 State Road 84,Davie,FL,33324
164,6390 Plaster Mill Road,Victor,NY,14564
165,200 Main Street,Fort Worth,TX,76102
166,1211 Water Street,Port Townsend,WA,98368
167,606 Highway 79,Hutto,TX,78634
168,1151 East 100 South,Salt Lake City,UT,84102
169,106 St. Philip Street,Charleston,SC,29403
170,4401-4407 4th Avenue,Brooklyn,NY,11220
171,57 Littlefield Street,Avon,MA,02322
172,4954 West Pine Boulevard,St. Louis,MO,63108
173,3920-3950 South Eastern Avenue,Las Vegas,NV,89119
174,64-11 99th Street,Rego Park,NY,11374
175,701-707 Technology Center Drive,Stoughton,MA,02072
176,2301 E. Lamar Blvd.,Arlington,TX,76006
177,5651  East Edison Street,Tucson,AZ,85712
178,4605 Kirkwood Highway,Wilmington,DE,19808
179,1333 Burr Ridge Rd.,Burr Ridge,IL,60521
180,3961 Lake Tahoe Boulevard,South Lake Tahoe,CA,96150
181,1500 South Lamar Boulevard,Austin,TX,78704
182,805-955 Garden of the Gods Road,Colorado Springs,CO,80907
183,2102 North Walnut Street,Ellensburg,WA,98926
184,4835 North Cedar Avenue,Fresno,CA,93726
185,123 West 7th Street,North Little Rock,AR,72114
186,295 Highway 90 (at Dunbar Ave),Bay St. Louis,MS,39520
187,4100 North Marine Drive,Chicago,IL,60613
188,4701 Charles Place,Plano,TX,75093
189,100 Connetquot Avenue,East Islip,NY,11730
190,NWC W. Florissant Road & Dunn Road,Florissant,MO,63033
191,101 Rogers Street,Cambridge,MA,02142
192,1865 Hotel Circle South,San Diego,CA,92108
193,8799 Balboa Ave,San Diego,CA,92123
194,1900 Tamiami Trail North,Naples,FL,34102
195,211 South Federal Highway,Boynton Beach,FL,33435
196,6208 Lawn Drive,Hodgkins,IL,60525
197,"361, 381, 370 Mallory Station Road, 206 Gothic Court",Franklin,TN,37067
198,43-53 Mineola Avenue,Roslyn Heights,NY,11577
199,126 12th Street,Wellsburg,WV,26070
200,20992 Bridge Street,Southfield,MI,48033
201,3499 E Bayshore Road,Redwood City,CA,94063
202,100 Independence Way,Princeton,NJ,08540
203,300 North Nova Road,Ormond Beach,FL,32174
204,8802 Evergreen Avenue,Indianapolis,IN,46240
205,5201-5409 Washington Avenue,Mount Pleasant,WI,53406
206,1781 Jones Way,Oxnard,CA,93033
207,5500 Ridge Road,Cincinnati,OH,45213
208,599 Avenue Z,Brooklyn,NY,11223
209,770 Ocean Parkway,Brooklyn,NY,11230
210,1575 North Sandusky Avenue,Bucyrus,OH,44820
211,1011 Highway 71,Bastrop,TX,78602
212,"20770 Westwood Dr, 21848 Commerce Pkwy, 23221 Morgan Ct & 28600 Fountain Pkwy",Cleveland,OH,
213,7901 Flying Cloud Drive,Eden Prairie,MN,55344
214,3320 Thompson Bridge Road,Gainesville,GA,30501
215,101-102 College Station Drive,Brevard,NC,28712
216,1200 N Street,Lincoln,NE,68508
217,360 North Crescent Drive,Beverly Hills,CA,90210
218,213 2nd Avenue,New York,NY,10003
219,3501 North Granville Avenue,Muncie,IN,47303
220,9117 Winton Road,Cincinnati,OH,45231
221,215-225 Route 73 North,Berlin,NJ,08009
222,16027-16205 Brookhurst Street,Fountain Valley,CA,92708
223,3102-3214 North Main,Taylor,TX,76574
224,755 Telshor Boulevard,Las Cruces,NM,88001
225,4940 Belleville Circle,South Bend,IN,46619
226,340-10 West Duarte Road,Monrovia,CA,91016
227,4220 Pasadena Boulevard,Pasadena,TX,77503
228,2605 Franklin Road,Mesquite,TX,75150
229,"450 H Street, NW",Washington,DC,20001
230,3601 W. Orange Avenue,Anaheim,CA,92804
231,7100 Georgia Highway 85,Riverdale,GA,30274
232,1 Apollo Drive,Glen Falls,NY,12801
233,254 Daniel Webster Highway,Nashua,NH,30605
234,185 Billy Mitchell Blvd,Brownsville,TX,78521
235,20704 Earl Street,Torrance,CA,90503
236,50555-50659 Gratiot Avenue,Chesterfield,MI,48051
237,4343 Victory Drive,Columbus,GA,31903
238,5251 Business Center Drive,Fairfield,CA,94534
239,9115 Digital Drive,Manassas Park,VA,20110
240,"1695, 1705, & 1715 Indian Wood Circle",Maumee,OH,43537
241,7209 International Drive,Orlando,FL,32819
242,3300-3310 East Rancier Avenue,Killeen,TX,76543
243,8010 & 8020 Towers Crescent Drive,Vienna,VA,22182
244,830 & 840 Sunset Drive,Athens,GA,30601
245,2901-2931 North Tenaya Way,Las Vegas,NV,89128
246,13050 & 13101 Northeast 16th Avenue,North Miami,FL,33181
247,333 West Kilbourn Avenue,Milwaukee,WI,53203
248,1163-1191 Boylston St.,Boston,MA,02115
249,231 S. 177th Place,Burien,WA,98148
250,1200 US Highway 190,Covington,LA,70433
251,7326 College Street,Irmo,SC,29063
252,926-942 West Orangethorpe Avenue,Fullerton,CA,92832
253,150-300 North Hurstbourne Parkway,Louisville,KY,40222
254,16233 Sylvester Road Southwest,Burien,WA,98166
255,I-95 and Duval Road,Jacksonville,FL,32218
256,4243 Forest Creek Court,Kentwood,MI,49512
257,7767 La Riviera Drive,Sacramento,CA,95826
258,1912 Green Mountain Drive,Little Rock,AR,72211
259,77 Sugar Creek Center Boulevard,Sugarland,TX,77478
260,901 North Garden Ridge Boulevard,Lewisville,TX,75077
261,16602-16668 San Pedro Avenue,San Antonio,TX,78232
262,299 Miller Road,Mauldin,SC,29662
263,345 Commonwealth Drive,Wytheville,VA,24382
264,400 Burman Avenue,Trotwood,OH,45426
265,480 Gate 5 Road,Sausalito,CA,94965
266,805-815 Fiero Lane,San Luis Obispo,CA,93401
267,7401-7415 Slater Avenue,Huntington Beach,CA,92647
268,4855 Technology Way,Boca Raton,FL,33431
269,6605 & 6607 South Semoran Boulevard,Orlando,FL,32822
270,155 Hill Street,Milford,CT,06460
271,150 Fisher Drive,Avon,CT,06103
272,5-19 Delavan Street,Brooklyn,NY,11231
273,1265 Dewar Drive,Rock Springs,WY,82901
274,720 University Drive East,College Station,TX,77840
275,"1429 Seventh Street, 1202 Lincoln Avenue, 1434, 1617, 1801 Ninth Street",Charleston,IL,61920
276,901 East 18th Avenue,Ellensburg,WA,98926
277,10118 W. 119th Street,Overland Park,KS,66210
278,40 Ali Way,Oxford,AL,36203
279,121 Bass Harbor Road,Southwest Harbor,ME,04679
280,One Govenor Drive,Newburgh,NY,12550
281,701 East Market Street,Leesburg,VA,20176
282,301 Northstonestreet Avenue,Rockville,MD,20850
283,704 West Sunset Road,Henderson,NV,89015
284,1661 and 1919 County Road 313,Jarrell,TX,76537
285,2201 I-35E South,Denton,TX,76205
286,915 Cedartree Lane,Claymont,DE,19703
287,13697 West Colonial Drive,Winter Garden,FL,34787
288,43-45 Crossways Park Drive,Woodbury,NY,11797
289,Old Canton Road & NWC Upper Roswell Road,Marietta,GA,30062
290,225 West 80th Street,New York,NY,10024
291,1621 SUPER PLAZA,Hutchinson,KS,67501
292,131 Baroni Avenue,San Jose,CA,95136
293,2420 East 14 Mile Road,Warren,MI,48092
294,30 Fifth Avenue a/k/a 28/34 5th Avenue a/k/a 2/8 West 10th Street,New York,NY,10011
295,7617 West North Avenue,River Forest,IL,60305
296,2715 Bissonnet Street,Houston,TX,77005
297,2100 South Avenue A,Yuma,AZ,85364
298,100 East Highway 287,Midlothian,TX,76065
299,3801 Gaston Avenue,Dallas,TX,75246
300,14047 Emerald Coast Parkway,Destin,FL,32541
301,360 Main Street,Hartford,CT,06106
302,1435-1445 E. Ft. Lowell Rd.,Tucson,AZ,85719
303,Rte 9,Barrington,NH,03825
304,9575 SW Locust Street,Tigard,OR,97223
305,410 East 23rd Street,Roswell,NM,88201
306,1400 Lowell Street,Elyria,OH,44035
307,2900-3030 Horshoe Drive South and 3050 Horshoe Drive North,Naples,FL,34104
308,1355 West Maple Avenue,Mundelein,IL,61941
309,8183-8187 West Fairfield Drive,Pensacola,FL,32506
310,310 Grand Central Boulevard,Laredo,TX,78045
311,9009 North FM 620,Austin,TX,78726
312,5202 Almeda Road,Houston,TX,77004
313,1100 E. 7th Street,Long Beach,CA,90813
314,5061 Beech Place,Temple Hills,MD,20748
315,4100 Midway Road,Carrollton,TX,75007
316,655 West Warner Road,Tempe,AZ,85284
317,"6000-34 Amberwood,5619-29 Frankford,6052-56 Moravia Park,5602-06Albanene",Baltimore,MD,21206
318,2475 Robb Drive,Reno,NV,89523
319,601-611 Lincoln Avenue,Bellevue,PA,15202
320,3100 East Imperial Highway,Lynnwood,CA,90262
321,910 Lincoln Street,Portsmouth,VA,23704
322,1680 Westbrook Plaza Drive,Winston Salem,NC,27103
323,410 Severn Avenue,Annapolis,MD,21403
324,170-180 West Westfield Avenue,Roselle Park,NJ,07204
325,30 Arcadia Road,Hackensack,NJ,07601
326,1401-1409 West San Carlos Street,San Jose,CA,95126
327,801 Market Street and 22 4th Street,San Francisco,CA,94103
328,7024 Smith Corner Boulevard,Charlotte,NC,28269
329,401 Maplewood Drive,Jupiter,FL,33458
330,68-37 108th Street,Forest Hills,NY,11375
331,11681-11721 Westminster Avenue and 13481-13882 A Better Way,Garden Grove,CA,92843
332,2170 Trawood Road,El Paso,TX,79935
333,1442 North Church Street,Mckinney,TX,75069
334,10970 - 11000 S. Parker Rd.,Parker,CO,80134
335,1440-1450 West Patrick Street,Frederick,MD,21701
336,6420 Poplar Avenue,Memphis,TN,38119
337,6456 Outer Loop,Louisville,KY,40228
338,5515 River Avenue,Newport Beach,CA,92663
339,13750 West Colonial Drive,Winter Garden,FL,34787
340,250 Westport Avenue,Norwalk,CT,06851
341,1107 Highland Colony Parkway,Ridgeland,MS,39157
342,"1500, 1621 and 1701 South Fresno Street",Ft. Smith,AR,72901
343,417 W. Barry Avenue/3030 N. Sheridan Road,Chicago,IL,60657
344,2101 Camino Ramon,San Ramon,CA,94583
345,28601 Chagrin Boulevard,Woodmere,OH,44122
346,3947 Pleasant Run Road,Irving,TX,75038
347,6790 Daniels Parkway,Fort Myers,FL,33912
348,821 N. Nellis Boulevard,Las Vegas,NV,89110
349,101 South Marengo Avenue,Pasadena,CA,91101
350,1251 Clay Court,Deer Park,TX,77536
351,2308 Broadway,Santa Monica,CA,90404
352,130 East 75th Street,New York,NY,10021
353,1120-1130 Bird Avenue,San Jose,CA,95125
354,7111 and 7171 North Austin Avenue,Niles,IL,60714
355,13890 NE 3rd Court,North Miami,FL,33181
356,4265 San Felipe Street,Houston,TX,77027
357,9670 Halsey Road,Lenexa,KS,66215
358,11055 Bell Road,Duluth,GA,30097
359,1275 Commerce Blvd.,American Canyon,CA,94589
360,402 31st Street Northeast,Rochester,MN,55906
361,4523 North Pine Hills Road,Orlando,FL,32808
362,7848 E. Hill Road,Mt. Airy,MD,21771
363,11000 Richmond Avenue,Houston,TX,77042
364,4000 South Sherwood Forest Boulevard,Baton Rouge,LA,70816
365,156 East 61st Street,New York,NY,10021
366,7400 West Colonial Drive,Orlando,FL,32818
367,6100 4th Avenue South,Seattle,WA,98108
368,5171 N.W. 43rd Street,Gainesville,FL,32606
369,841 Sparkleberry Lane,Columbia,SC,29229
370,6855 Lyons Technology Circle,Coconut Creek,FL,33073
371,501 West Central Texas Expressway,Killeen,TX,76541
372,3939 South Park Avenue,Tucson,AZ,85714
373,9350 Wilshire Boulevard,Los Angeles,CA,90212
374,355 Adrian Road,Millbrae,CA,94030
375,3025 E. Park Row,Arlington,TX,76010
376,101 North Main Street,Ann Arbor,MI,48104
377,6302-6360 W. Third St/ 300-370 S. Fairfax Ave./ 347 Ogden Dr,Los Angeles,CA,90048
378,1524 East Dowling Road,Anchorage,AK,99503
379,1100 Branson Hills Parkway,Branson,MO,65616
380,835-855 Greens Parkway,Houston,TX,77067
381,621 North Governor Printz Boulevard,Essington,PA,19029
382,701 Town Center Drive,Newport News,VA,23606
383,345 South Cloverdale Avenue,Los Angeles,CA,90036
384,4711 S Himes Ave,Tampa,FL,33611
385,"16184, 16192, 16212 and 16232 Foothill Boulevard; 8023 Citrus Avenue",Fontana,CA,92335
386,3355 East Fort Lowell Road,Tucson,AZ,85716
387,185/187/189 Chelmsford St.,Chelmsford,MA,01824
388,39 W 56th Street,New York,NY,10019
389,3821 Marconi Avenue,Sacramento,CA,95821
390,6818 Northbury Lane,Charlotte,NC,28226
391,170 McCutcheon Road,Triadelphia,WV,26059
392,2705 & 2619 South Tacoma Way & 3016 South Fife St.,Tacoma,WA,98409
393,2807-2927 Elliott & 33653 Dequindre Rd.,Troy,MI,48083
394,"300 M Street, SE",Washington,DC,20003
395,2100 Acklen Avenue,Nashville,TN,37212
396,5 Ruth Road,Elsmere,DE,19805
397,401 Whitehorse Road,Voorhees Township,NJ,08043
398,3660 Cascade Road,Atlanta,GA,30331
399,35 Tri County Parkway,Cincinnati,OH,45246
400,3501-3511 Hancock Street; 3502-3550 Kurtz Street,San Diego,CA,92110
401,542 Williamsburg Court,Wooster,OH,44691
402,2505 Chastain Meadows Parkway,Marietta,GA,30066
403,949-59 East Aurora Road,Macedonia,OH,44056
404,181 Maple Avenue,Rockville Center,NY,11570
405,12404 Warwick Boulevard,Newport News,VA,23606
406,5160 Vineland Avenue,North Hollywood,CA,91601
407,87-97 Boston Turnpike,Shrewsbury,MA,01545
408,351 Turk Street,San Francisco,CA,94102
409,Mill Road,Upper Providence Township,PA,19403
410,600 South Broadway,Sylacauga,AL,35150
411,6800 Woodstork Road,Tampa,FL,33637
412,2296 Henderson Mill Road,Atlanta,GA,30309
413,9150 South Dairy Ashford,Houston,TX,77099
414,200 Bristol Street,Perry,GA,31069
415,1430 South Dixie and 1430 Madruga Avenue,Coral Gables,FL,33146
416,"3549 Iowa Road, 3549A Iowa Road, 3549B Iowa Road, 3549C Iowa Road, 3549D Iowa Road, 3549E Iowa Road, 3549F Iowa Road",Riverside,CA,92507
417,11707 Vance Jackson Road,San Antonio,TX,78230
418,28032 Marguerite Parkway,Mission Viejo,CA,92692
419,"7177 Ames Avenue, 7051 Ames Avenue, 4455-4457 North 72nd Street",Omaha,NE,68134
420,1 Nestle Court,Mcdonough,GA,30253
421,12051 W. Sunrise Boulevard,Broward,FL,33323
422,4405 Continental Drive,Flint Township,MI,48507
423,314 South Erie Drive,Fort Pierce,FL,34946
424,10621 Sepulveda Boulevard,Mission Hills,CA,91345
425,1415 West Airport Freeway,Irving,TX,75062
426,2111 East Rawson Avenue,Oak Creek,WI,53154
427,1900 Hogan Lane,Conway,AR,72034
428,4201 S Shackleford Road,Little Rock,AR,72204
429,1376 South Main Street,Greenwood,SC,29646
430,1692-1702 and 1706 Union Street,Brooklyn,NY,11213
431,2209 Miguel Chavez Road,Santa Fe,NM,87505
432,4201-4207 Kitsap Way,Bremerton,WA,98312
433,121 Days Inn Drive,Easley,SC,29640
434,4249 & 4279 Lien Road,Madison,WI,53704
435,2800 Martin Luther King Jr. Drive,Atlanta,GA,30311
436,1643 Martin Luther King Jr Boulevard,Houma,LA,70360
437,1500 Froom Ranch Way,San Luis Obispo,CA,93405
438,"7580,7588,7596 Parkway Drive",Leeds,AL,35094
439,1655 and 1675 Robb Drive,Reno,NV,89523
440,2100 West Loop South,Houston,TX,77027
441,150-152 East 83rd Street,New York,NY,10028
442,100 PRAIRIE CENTER DR,Eden Prairie,MN,55344
443,9610 North Allisonville Road,Fishers,IN,46038
444,11701 Park Lane South,Kew Gardens,NY,11418
445,1400 East 57th Street,Chicago,IL,60637
446,1034 Elm Avenue,Americus,GA,31709
447,One-Three Bridge Street,Irvington,NY,10533
448,10945-10947 Causeway Boulevard,Brandon,FL,33511
449,21-77 33rd Street,Astoria,NY,11105
450,14825 St. Marys Lane,Houston,TX,77079
451,3308-3466 Bragg Boulevard,Fayetteville,NC,28303
452,145 Sable Pointe Drive,Hurricane,WV,25526
453,29 East 61st Street,New York,NY,10021
454,2010 South Westgate Avenue,Los Angeles,CA,90025
455,2003-2033 West McNab Road,Pompano Beach,FL,33069
456,12618 Studebaker Road,Norwalk,CA,90650
457,8225  Mercury Court,San Diego,CA,92111
458,6412 Beulah Street,Franconia,VA,22310
459,173 Main Street and 10 Catherine Street,Norwalk,CT,06851
460,2402 Bay Area Boulevard,Houston,TX,77058
461,"6518, 6520, 6522 South McCarran Boulevard",Reno,NV,89509
462,11900 South Street,Lincoln Station,CA,90701
463,2339 Route 9,Ocean View,NJ,08230
464,4210 Portsmouth Blvd.,Chesapeake,VA,23321
465,4801-4929 Allentown Road,Camp Springs,MD,20746
466,2518  2nd Street North Bldg,Minneapolis,MN,55411
467,33 Fifth Avenue,New York,NY,10001
468,12100 Blue Valley Parkway,Overland Park,KS,66213
469,744 West Fallbrook Street,Fallbrook,CA,92028
470,2480 Fairview Avenue North,Roseville,MN,55113
471,45 Milk Street,Boston,MA,02109
472,1581 U.S. Route 202,Pomona,NY,10970
473,607 West End Avenue,New York,NY,10024
474,1104 140th Street East,Tampa,FL,33613
475,1001 Harvey Road,College Station,TX,77840
476,6100 Southwest Boulevard,Benbrook,TX,76109
477,21522-21526 Ventura Boulevard,Woodland Hills,CA,91364
478,5000 City Line Road,Hampton,VA,23661
479,8120 Timberlake Way,Sacramento,CA,95823
480,2850 East Bonanza Road,Las Vegas,NV,89101
481,886 North A1A/2 Fairfield Boulevard,Ponte Vedra Beach,FL,32082
482,11233 Shadow Creek Parkway,Pearland,TX,77584
483,1224 North Albert Pike Avenue,Fort Smith,AR,72904
484,3701-3799 20th Avenue,Valley,AL,36854
485,14315 Midway Road,Addison,TX,75001
486,1202 East Mulberry Avenue,San Antonio,TX,78209
487,111-123 Bath Avenue,Long Branch,NJ,07740
488,1272 Highway 36,Hazlet,NJ,07730
489,5080 Riverside Drive,Macon,GA,31210
490,"15, 35, 45, 65 Division Avenue",Eugene,OR,97404
491,80 West County Center,Des Peres,MO,63131
492,874 County Street,Taunton,MA,02780
493,4002 Montdale Drive,Valparaiso,IN,46383
494,2801 Stonebridge Boulevard,New Castle,DE,19720
495,180 West Grange Avenue,Milwaukee,WI,53207
496,5400 Preston Oaks,Dallas,TX,75254
497,845 Village Boulevard,Abingdon,VA,24210
498,6912 Milwood Avenue,Canoga Park,CA,91303
499,39331-39523 10th Street West,Palmdale,CA,93551
500,2575 98th Avenue,Vero Beach,FL,32966
501,"500 Exeter Hall,2801-2849 Greenmount Ave,2900 Mathews St.",Baltimore,MD,21218
502,701 East King Street,Shippensburg,PA,17257
503,7000 Muirkirk Meadows Drive,Laurel,MD,20707
504,4700 S. McClintock Drive,Tempe,AZ,85282
505,2801 South Marsh Avenue,Yorktown,IN,47396
506,9203 Skillman Street,Dallas,TX,75243
507,12829 Bear Valley Road,Victorville,CA,92392
508,1001 Winstead Drive,Cary,NC,27513
509,460 Wythe Creek Road,Poquoson,VA,23662
510,7300-7422 Carmel Executive Park Drive,Charlotte,NC,28226
511,3003 Corporate West Drive,Lisle,IL,60532
512,4040 Royal Lane,Irving,TX,75063
513,1325 Eastern Parkway,Brooklyn,NY,11233
514,360 West 22nd Street,New York,NY,10011
515,3730 Ingleside Boulevard,North Charleston,SC,29456
516,10280 Maysville Road,Fort Wayne,IN,46835
517,1250 Western Boulevard,Jacksonville,NC,28546
518,807 and 811 William Hilton Parkway,Hilton Head Island,SC,29928
519,750 North Orleans Street,Chicago,IL,60610
520,6021 South Syracuse Way,Greenwood Village,CO,80111
521,493 North Highway 90 Bypass,Sierra Vista,AZ,85635
522,2036 North Walnut Street,Bloomington,IN,47404
523,12220 Jefferson Avenue,Newport News,VA,23602
524,5625 - 5645 S. Rainbow Blvd.,Las Vegas,NV,89118
525,6037 Fry Road,Katy,TX,77449
526,1716 Fulton Road,Fultondale,AL,35068
527,750 West 42 Avenue,Moline,IL,61265
528,"698, 750 & 800 Queen Street",Southington,CT,06489
529,2750 Sierra Sunrise Terrace,Chico,CA,95928
530,525 West 236th Street,Riverdale,NY,10463
531,81801 Overseas Highway,Islamorada,FL,33036
532,4849 Connecticut Avenue Northwest,Washington,DC,20008
533,6008 Vista Drive,Falls Church,VA,22041
534,915 North Wilton Place,Los Angeles,CA,90038
535,5302 Sara Lane,Waterford,MI,48327
536,2113 Emmorton Park Rd.,Edgewood,MD,21040
537,1017-1031 Center Point Place Road,Franklin,TN,37064
538,18307 Kenrick Ave,Lakeville,MN,55044
539,114-116 Surrey Circle,Chamblee,GA,30341
540,1489 North Military Trail,West Palm Beach,FL,33409
541,1744 W. Katella Avenue,Orange,CA,92867
542,"2403-2404 Heathrow, 2404 Chiswick & 21 Thatcham Drive",Champaign,IL,61820
543,18635 Soledad Canyon Road,Santa Clarita,CA,91351
544,2050 Express Drive South,Hauppauge,NY,11788
545,32600 Telegraph Road,Bingham Farms,MI,48025
546,6013 King Street,Shawnee,KS,66203
547,100 City Parkway,Las Vegas,NV,89106
548,10204 Two Notch Road,Columbia,SC,29229
549,975 East State Street,Athens,OH,45701
550,6730 Lenox Center Court,Memphis,TN,38115
551,116 New Montgomery Street,San Francisco,CA,94105
552,2905 & 2907 Butterfield Road,Oak Brook,IL,60523
553,1001 West Cypress Creek Road,Fort Lauderdale,FL,33309
554,1600 S. Kanner Highway,Stuart,FL,34994
555,11290 Pines Blvd.,Pembroke Pines,FL,33026
556,1301 Inland Seas Boulevard,Winter Garden,FL,34787
557,101 Express Drive,Reidsville,NC,27320
558,15615 John F. Kennedy Boulevard,Houston,TX,77032
559,1021 Main Street,Houston,TX,77002
560,545 West 111th Street,New York,NY,10025
561,975 Sheldon Road,Channelview,TX,77530
562,1705 Metrocrest Drive,Carrollton,TX,75006
563,5150 East Dublin-Granville Road,Columbus,OH,43081
564,2305 Pendelton Street,Memphis,TN,38114
565,3100 North Elm Street,Greensboro,NC,27408
566,9825 Spectrum Drive,Austin,TX,78717
567,313-315 West Muhammad Ali Boulevard,Louisville,KY,40202
568,1327-1341 Chestnut Street,Philadelphia,PA,19107
569,3500 West College Road,Ocala,FL,34474
570,2721 Edgington Street,Franklin Park,IL,60131
571,2740 Greenbriar Parkway,Atlanta,GA,30331
572,2813-2899 Dulles Avenue,Missouri City,TX,77459
573,2876 West Jefferson Street,Boise,ID,83702
574,200 Valley Road,Mount Arlington,NJ,07856
575,6822 South Hulen Street,Fort Worth,TX,76133
576,3333 Masonic Drive,Alexandria,LA,71301
577,East Boulevard/Calmar Drive,Montgomery,AL,36116
578,328 & 332 Front Street South and 102 Jay Street,La Crosse,WI,54601
579,1419 North Wells Street,Chicago,IL,60610
580,4385 Fountain Hills Drive,Prior Lake,MN,55372
581,6799 Sky Way,Paradise,CA,95969
582,12249 Science Drive,Orlando,FL,32826
583,5055-73 Federal Boulevard & 1551-61 Altadena Avenue,San Diego,CA,92102
584,1130 3rd Avenue,Oakland,CA,94606
585,2975 Pinole Valley Road,Pinole,CA,94564
586,1675 Route 9,Clifton Park,NY,12065
587,1510 Old Oakland Road,San Jose,CA,95112
588,"800, 850, 875 Concourse Parkway South",Maitland,FL,32751
589,38 Holloway Boulevard,Buffalo,NY,14209
590,13001 Pennock Avenue,Apple Valley,MN,55124
591,3801-3803 Parkwood Boulevard,Frisco,TX,75034
592,169 Fifth Avenue,Brooklyn,NY,11217
593,15 Clark Street,Brooklyn,NY,11201
594,1001 Third West Avenue,Bradenton,FL,34205
595,951 18th Street South,Birmingham,AL,35205
596,8610 Pinetree Court,Tampa,FL,33604
597,1100 Lincoln Road,Miami Beach,FL,33139
598,903 Rucker Boulevard,Enterprise,AL,36330
599,6300 West Bellfort Street,Houston,TX,77035
600,US Route 30 & Fruitville Pike,Lancaster,PA,17603
601,500 Northwest 77th Street,Boca Raton,FL,33487
602,78 Croton Avenue,Ossining,NY,10562
603,2121 N. Center St.,Mesa,AZ,85201
604,One and Three Long Wharf Drive,New Haven,CT,06511
605,415-461 Tennessee Street,Redlands,CA,92373
606,353 Trophy Lake Drive,Trophy Club,TX,76262
607,512 Autumn Springs Court,Franklin,TN,37067
608,1046 West Patrick Street,Frederick,MD,21703
609,1205 University Avenue,Columbia,MO,65201
610,615 West Wilshire Boulevard,Oklahoma City,OK,73116
611,1300 Laban Avenue,Houma,LA,70363
612,3179-3187 Bellevue Avenue,Syracuse,NY,13219
613,"1280, 1300, 1400 North Johnson Avenue",El Cajon,CA,92020
614,15202 Major Lansdale Boulevard,Bowie,MD,20716
615,3400 E. McDowell Road,Phoenix,AZ,85008
616,1015 East Ray Road,Chandler,AZ,85225
617,500 Main Street,Breckenridge,CO,80424
618,10500 Monterey Place Circle,Louisville,KY,40272
619,600 Wyndhurst Avenue,Baltimore,MD,21210
620,305-315 Linden Boulevard,Brooklyn,NY,11226
621,40-42 West 22nd Street,New York,NY,10010
622,3801 Clemson Boulevard,Anderson,SC,29621
623,32432 Capitol Street,Livonia,MI,48150
624,230 Cumberland Bend Drive,Nashville,TN,37228
625,2033 North Prospect Avenue,Champaign,IL,61822
626,1704 Nelms Drive,Austin,TX,78744
627,6201 Fairview Road,Charlotte,NC,28210
628,1842 Beacon Street,Brookline,MA,02445
629,5600 Buford Highway Northeast,Doraville,GA,30340
630,702 Bankhead Highway,Carrollton,GA,30117
631,4784 Boston Post Road,Pelham Manor,NY,10803
632,2057-2065 Mission Street,San Francisco,CA,94110
633,182 Summer Street,Kingston,MA,02364
634,61 Irving Place,New York,NY,10003
635,3621 and 3701 Winkler Avenue,Fort Myers,FL,33916
636,400 Legends Terrace Drive,Eureka,MO,63025
637,1226 South Mebane Street,Burlington,NC,27215
638,3601 Chichester Avenue,Upper Chichester Township,PA,19061
639,32151 Camino Capistrano,San Juan Capistrano,CA,92807
640,280 Euclid Avenue,Pasadena,CA,91101
641,1334 Walnut Street,Philadelphia,PA,19107
642,319 East 50th Street,New York,NY,10022
643,1350 North Meridian Street,Indianapolis,IN,46202
644,124-126-128 Neptune Avenue & 6 Sheffield Street,Jersey City,NJ,07305
645,4205-4255 Spring Mountain Road,Las Vegas,NV,89103
646,86-88 Prospect Park West,Brooklyn,NY,11215
647,1600 North State Route 50,Bourbonnais,IL,60914
648,26 East 64th Street,New York,NY,10021
649,"13355, 13455, 13155 Noel Road",Dallas,TX,75240
650,500-564 Southwest 93rd & 9400-9828 South Shartel Avenue,Oklahoma City,OK,73139
651,451 North Interstate 35,Georgetown,TX,78628
652,100 Riverbend Drive,West Columbia,SC,29169
653,2400 S. Jones Boulevard,Las Vegas,NV,89102
654,2600 Westward Drive,San Antonio,TX,78227
655,18645 East Arrow Highway,Covina,CA,91722
656,1101 New York Avenue NW,Washington,DC,20005
657,205 West Randolph Street,Chicago,IL,60606
658,1550 Blalock,Houston,TX,77080
659,2700 Candler Rd,Decatur,GA,30034
660,4425 Corporation Lane,Virginia Beach,VA,23462
661,615 Douglas Street and 5704 Fayetteville Road,Durham,NC,
662,2800 Parmer Avenue,Fort Worth,TX,76109
663,7615 Magnolia Beach Road,Denham Springs,LA,70726
664,6601 West Indian School Road,Phoenix,AZ,85033
665,1514 E. Irvington Road,Tucson,AZ,85714
666,12 South Central Avenue,Mechanicville,NY,12118
667,9903-9963 East Baseline Road,Mesa,AZ,85201
668,94-102 Hamilton Place,New York,NY,10031
669,1924 East Maple Avenue,El Segundo,CA,90245
670,Dale Road,Hereford Township,PA,19504
671,510-580 East 17th Street,Idaho Falls,ID,83404
672,2111 Fair Park Boulevard,Jonesboro,AR,72401
673,3084 Yale Avenue,Memphis,TN,38112
674,210 South 7th Avenue,Scranton,PA,18505
675,707 L Street,Chula Vista,CA,91911
676,1530-1618 Washington Blvd.,Fremont,CA,94539
677,1625 West Chandler Boulevard,Chandler,AZ,85224
678,1900 St. Louis Ave.,Duluth,MN,55802
679,4441 South Escondido Road,Las Vegas,NV,89119
680,2741 Faudree Road,Odessa,TX,79765
681,16300-16320 Stagg Street,Van Nuys,CA,91406
682,NEC  Route 23 & Morse Avenue,Butler,NJ,07405
683,6736 West Washington Street,West Allis,WI,53214
684,1650 U.S. Highway 441,Mount Dora,FL,32757
685,14740 North Northsight Boulevard,Scottsdale,AZ,85260
686,1545 Spruce Terrace,Tampa,FL,33607
687,"334, 340, 416 West Las Tunas Drive",San Gabriel,CA,91776
688,1306 Southport Drive,Austin,TX,78704
689,10331 Hotel Avenue NE,Albuquerque,NM,87123
690,2588-1 Seaford Circle,Tampa,FL,33612
691,465 West San Carlos Street,San Jose,CA,95110
692,3795 Orchard Road,Oswego,IL,60543
693,111 Corporate Lane,Columbia,SC,29202
694,1700 Park Avenue,Bridgeport,CT,06604
695,2976 & 2984 Chapel Valley Road and 3001 & 3005 Triverton Pik,Fitchburg,WI,53711
696,2433 West Campbell Avenue,Phoenix,AZ,85015
697,134 Golden Gate Avenue,San Francisco,CA,94102
698,8350 & 8366 Westheimer,Houston,TX,77063
699,159 West 74th Street,New York,NY,10023
700,303 H Street,Chula Vista,CA,91910
701,9621 & 9631 Irondale Avenue,Chatsworth,CA,91311
702,4400 Boone Road,Houston,TX,77072
703,"3600, 3642 & 3752 University Boulevard West",Jacksonville,FL,32217
704,801-837 West 119th Street,Chicago,IL,60643
705,11230 S.W. 137th Avenue,Miami,FL,33186
706,5800 Woodside Drive,Rocklin,CA,95677
707,Elaine Place and Roscoe Street,Chicago,IL,60657
708,1622 Walter Street,Ventura,CA,93003
709,2250 Sidney Road,Port Orchard,WA,98366
710,6 Washington Street,North Reading,MA,01864
711,7208 - 7290 W. Lake Mead Blvd,Las Vegas,NV,89128
712,11322-11338 Princeton Pike,Cincinnati,OH,45246
713,10852 Verhaven Lane,Saint Louis,MO,63114
714,1505 Wirt Road,Houston,TX,77055
715,"E. Side of Haines Road, S. of Mt. Rose Avenue",Springettsbury,PA,17402
716,27400 McCall Boulevard,Sun City,CA,92585
717,501 Davis Street,Vacaville,CA,95688
718,6812 Poss Road,Leon Valley,TX,78238
719,1211 Avenue of the Americas,New York,NY,10036
720,2202 North Market Street,Champaign,IL,61822
721,3425 Orange Grove Avenue,North Highlands,CA,95660
722,2950 South Archibald Ave,Ontario,CA,91761
723,2963 Park Avenue,Memphis,TN,38114
724,10802 IH 37,Corpus Christi,TX,78410
725,2920 Davie Road,Davie,FL,33314
726,2211 Kuhio Avenue,Honolulu,HI,96815
727,201 Dixie Drive,Clute,TX,77531
728,8039 Vincent Road,Denham Springs,LA,70726
729,25000 Euclid Avenue,Euclid,OH,44117
730,2900 Westchester Avenue,Purchase,NY,10577
731,219 Marlboro Avenue,Easton,MD,21601
732,1212 Maple Avenue,Zanesville,OH,43701
733,5504 Town Center Drive,Granger,IN,46530
734,5600 Mt. Solo Road,Longview,WA,98632
735,1220 North Highland Avenue,Los Angeles,CA,90038
736,"6340, 6341, 6395, 6431 St. Andrews Drive",Canfield,OH,44406
737,4458 Elvis Presley,Memphis,TN,38116
738,6555 Park Brook,Forest Hill,TX,76140
739,5235 Post Road,Riverdale,NY,10471
740,5904 Riggs Road,Adelphi,MD,20783
741,6366 East Evans Avenue,Denver,CO,80222
742,6201 Bert Kouns Industrial Loop,Shreveport,LA,71129
743,1835 Amsterdam Avenue,New York,NY,10031
744,6121 Lankershim Boulevard,North Hollywood,CA,91606
745,1091 Calcot Place,Oakland,CA,94606
746,704 Ne Hogan,Gresham,OR,97030
747,4 Home Depot Drive,Plymouth,MA,02360
748,5050-5180 Kietzke Lane; 6150 South McCarran Boulevard,Reno,NV,89511
749,564 6th Street,San Francisco,CA,94103
750,4235 Marsh Landing Boulevard,Jacksonville,FL,32250
751,1379-1419 Old Bridge Road,Woodbridge,VA,22192
752,10504 Broadway,Pearland,TX,77584
753,4310 Buffalo Gap Road,Abilene,TX,79606
754,650 Way Market Drive,Ann Arbor,MI,48103
755,1475-1485 Richardson Drive,Richardson,TX,75080
756,19260 28th Avenue South,Seatac,WA,98188
757,5641 - 5661 NE 18th Avenue,Fort Lauderdale,FL,33334
758,1001 N. Kings Highway,Cherry Hill Township,NJ,08034
759,605 Market Street,San Francisco,CA,94105
760,8108 Abercorn Street,Savannah,GA,31406
761,1430 South Babcock Street,Melbourne,FL,32901
762,550 2nd Street West,Sonoma,CA,95476
763,70380 Highway 21,Covington,LA,70433
764,3351 Cove Lake Drive,Lexington,KY,40509
765,5765 South State Route 48,Maineville,OH,45039
766,821-901 W. Park Avenue,Ocean Township,NJ,07712
767,3371 Decatur Avenue,Bronx,NY,10467
768,440-490 State Route 211 East,Middletown,NY,10940
769,"15 North 18th Street, Unit 3",Richmond,VA,23223
770,920 West Taylor Road,Romeoville,IL,60446
771,210 & 40 Meadowlands Parkway,Secaucus,NJ,07094
772,3501 Electronics Way,West Palm Beach,FL,33407
773,224 North McPherson Road,Orange,CA,92869
774,550 Clinton Avenue,Hutchinson,MN,55350
775,14818 Shark Street,Hudson,FL,34667
776,14014 Admiralty Way,Lynnwood,WA,98087
777,3985 Atlanta Highway,Bogart,GA,30622
778,20969 Woodland Glen Drive,Northville,MI,48167
779,2675 East Patrick Lane and 6145 Harrison Drive,Las Vegas,NV,89120
780,E. 9518 4th Avenue,Spokane,WA,99206
781,10291 & 10293 North Meridian Street,Indianapolis,IN,46290
782,5200 South Alameda Street,Vernon,CA,90058
783,3815 Martin Luther King Jr. Drive,Atlanta,GA,30331
784,14700 Tamiami Trail North,Naples,FL,34110
785,17310 Kieth Harrow Boulevard,Houston,TX,77084
786,76-98 DeHaven Drive,Yonkers,NY,10703
787,500 and 506 El Rancho Drive,Sparks,NV,89431
788,22600 Crenshaw Boulevard,Torrance,CA,90505
789,1415 Richmond Avenue,Staten Island,NY,10314
790,1305-07 N. Vermont Ave.,Los Angeles,CA,90027
791,5608 Newman Drive,Port Orange,FL,32127
792,950 North Western Avenue,Lake Forest,IL,60045
793,1520-1540 West Interstate 20,Arlington,TX,76017
794,620 Dover Center Road,Bay Village,OH,44140
795,2506-2610 West Pioneer Parkway,Pantego,TX,76013
796,56965 Stoney Creek Drive,Shelby Township,MI,48316
797,415-425 S. McClintock Dr. & 402-420 S. Perry Lane,Tempe,AZ,85281
798,660 Woodbury-Glassboro Road,Sewell,NJ,08080
799,2450 South Reynolds Road,Toledo,OH,43614
800,910 Florin Road,Sacramento,CA,95831
801,1545 Three Village Road,Weston,FL,33326
802,1430 South Roan Street,Johnson City,TN,37601
803,1001 North Barfield Drive,Marco Island,FL,34145
804,345 Adams Street,Brooklyn,NY,11201
805,9669 Forest Lane,Dallas,TX,75243
806,5421 East Williams Boulevard,Tucson,AZ,85711
807,910 South Broadway,Amityville,NY,11701
808,220 Jackson Street,San Francisco,CA,94111
809,24900 Kennedy Ridge Road,North Olmsted,OH,44070
810,175 Admiral Cochrane Drive,Annapolis,MD,21401
811,332 East 95th Street,New York,NY,10128
812,8547 Hickory Drive,Sterling Heights,MI,48312
813,13811 West 63rd Street,Shawnee,KS,66216
814,335 E SAN AUGUSTINE,Deer Park,TX,77536
815,5748 Baltimore National Pike,Baltimore,MD,21228
816,901 Southwest Highland Drive,Gresham,OR,97080
817,210-50 41st Avenue,Bayside,NY,11361
818,4440 East Tropicana Avenue,Las Vegas,NV,89121
819,565 St. Johns Avenue Southwest,Atlanta,GA,30315
820,510-522 Main Street,Bangor,ME,04401
821,1601-1631 West Main Street,Bozeman,MT,59715
822,2220 Chanticleer Avenue,Santa Cruz,CA,95062
823,13700 Baltimore Avenue,Laurel,MD,20707
824,506 and 706 McNeil Road,Round Rock,TX,78681
825,8925_8955_8985 East Nichols Avenue,Englewood,CO,80112
826,2901 Somersville Road,Antioch,CA,94509
827,205-225 108th Avenue Northeast,Bellevue,WA,98004
828,500 Nolen Drive,Southlake,TX,76092
829,1075 Northern Boulevard,Flower Hill,NY,11576
830,21301 Kuykendahal Road,Spring,TX,77379
831,700 Garden Lane,Shakopee,MN,55379
832,2151 Three Lakes Road,Albany,OR,97322
833,"3706-3746, 3808, 3844, 3850, 3900-3940 South Mooney Boulevard",Visalia,CA,93277
834,O'Neill Highway and Monahan Avenue,Dunmore,PA,18512
835,588 Lakeview Parkway,Vernon Hills,IL,60061
836,59-61 Chubb Way,Branchburg,NJ,08876
837,2125 West Highway 70,Thatcher,AZ,85552
838,7300 East Gainey Suites Drive,Scottsdale,AZ,85258
839,447 Atlantic Avenue,New York,NY,11217
840,11700 Stearns Street,Overland Park,KS,66210
841,66 Milton Road; 75 Milton Road,Rye,NY,10580
842,2800 North Water Street,Decatur,IL,62526
843,325 W. Lancaster Avenue,Ardmore,PA,19003
844,400 East 2nd Avenue,Durango,CO,81301
845,980-990 Hammond Drive,Atlanta,GA,30328
846,1 Guenevere Court,Newport News,VA,23602
847,3807 Wilshire Boulevard,Los Angeles,CA,90010
848,3420-28 Boston Road,Bronx,NY,10469
849,4325 West Tropicana Ave.,Las Vegas,NV,89118
850,100 Domain Drive,Exeter,NH,03833
851,20800 Highway 281 North,San Antonio,TX,78258
852,11140 Parkside Drive,Knoxville,TN,37922
853,13501 Independence Parkway,Fort Worth,TX,76177
854,210 Innovation Way,Akron,OH,44306
855,14918 Foothill Blvd,Fontana,CA,92335
856,3330 Rosecrans Street,San Diego,CA,92110
857,25 Plaza Street West,Brooklyn,NY,11217
858,"1000, 1100, 1200, 1300 and 1400 Airport North Office Park",Fort Wayne,IN,46825
859,901-974 Summerfield Apartments,Winchester,VA,22601
860,4650-4850 E. Southport Road; 6810 S. Emerson,Indianapolis,IN,46217
861,1700 - 1790 West State Street,Boise,ID,83702
862,5930 Moulton Court,Charlotte,NC,28213
863,38665 12th Street East,Palmdale,CA,93550
864,3235 Avondale Mill Road,Macon,GA,31216
865,8106-8160 Springboro Pike,Miamisburg,OH,45342
866,9601 Forest Lane,Dallas,TX,75243
867,840 1st Street,Washington,DC,20002
868,1302 Blalock,Houston,TX,77055
869,222 South First Street,Rogers,AR,72756
870,211 Century Drive,Greenville,SC,29607
871,5102-5116 West Museum Drive,Oak Lawn,IL,60453
872,4142 Pacific Coast Hwy.,Torrance,CA,90722
873,1802  A  Street Southeast,Auburn,WA,98002
874,1900 Churn Creek Rd,Redding,CA,96002
875,163 Birchview Drive,Piscataway,NJ,08854
876,1405 Cortez Street,Denver,CO,80221
877,11101 Metro Airport Ctr. Dr.,Romulus,MI,48174
878,2697 International Parkway,Virginia Beach,VA,23542
879,738-746 West 17th Street,Costa Mesa,CA,92627
880,310 Avenida Pico,San Clemente,CA,92672
881,150 Fourth Avenue North,Nashville,TN,37219
882,170-190 State Street and 112 Golden Street,New London,CT,06320
883,"1607 and 1656 South 8th Street, 1616 South 11th Street, 1655 South 17th Street, 2130 South 7th Street, 2309 West National Avenue, 2603, 2613 and 2621 West Michigan Street, 528 North 27th Street",Milwaukee,WI,
884,15210 and 15220 South 50th Street,Phoenix,AZ,85044
885,9307-9329 & 9335-9341 Kingston Pike,Knoxville,TN,37922
886,3412 College Avenue,San Diego,CA,92115
887,3985 Bennett Drive,Bellingham,WA,98225
888,885 East H Street,Chula Vista,CA,91910
889,13975 Lakeside Circle,Sterling Heights,MI,48313
890,900-1000 Park Centre Boulevard,Miami,FL,33169
891,400 River Place,Monona,WI,53716
892,5929-5947 Jimmy Carter Boulevard,Norcross,GA,30071
893,600 Elm Street,Page,AZ,86040
894,2 Andover Road,Athens,OH,45701
895,5830-5832 Uplander Way,Culver City,CA,90230
896,5200 North Keystone Avenue,Indianapolis,IN,46220
897,900 Poplar Place South,Seattle,WA,98144
898,2264 Creston Avenue,Bronx,NY,10453
899,7345-7445 South Durango Drive,Las Vegas,NV,89113
900,453 Country Drive,Dover,DE,19901
901,6631 West Broad Street,Richmond,VA,23230
902,10 Lakeside Way,Newnan,GA,30265
903,2735 East Highway 80,Mesquite,TX,75150
904,1400 & 1401 Namekagon,Hudson,WI,54016
905,4500 Leeds Avenue,North Charleston,SC,29419
906,302-402 S. Milliken Avenue,Ontario,CA,91761
907,620-636 Long Point Road,Mt. Pleasant,SC,29464
908,2607 Broadway Avenue,Yankton,SD,57078
909,5701 Coastal Highway,Ocean City,MD,21842
910,1000 Route 611,Tannersville,PA,18372
911,3389 Memorial Boulevard,Murfreesboro,TN,37129
912,2105 Lake Smith Drive,Virginia Beach,VA,23455
913,5916 West Loop 289,Lubbock,TX,79424
914,1050 Ponce De Leon Avenue,Atlanta,GA,30306
915,296 Roy Huie Road,Riverdale,GA,30274
916,3919 Carnegie Avenue,Myrtle Beach,SC,29588
917,47 West Polk Street,Chicago,IL,60605
918,3700 Haney Drive,Westmoreland,PA,15668
919,2029 Lynnhaven Parkway,Virginia Beach,VA,23456
920,6600-6602 International Drive,Orlando,FL,32819
921,39 Remsen Street,Brooklyn,NY,11201
922,890 Hidden Valley Road,Bozeman,MT,59718
923,314 South Main Street,Angels Camp,CA,95222
924,1000 & 1100 E. Warrenville Road,Naperville,IL,60563
925,5335 East Broadway Boulevard,Tucson,AZ,85711
926,8210 Lakeshore Trail East Drive,Indianapolis,IN,46250
927,7858 Shrader Road,Richmond,VA,23294
928,515 Bash Street et. al.,Champaign-Urbana,IL,61820
929,3270 W. Silver Lake Road,Fenton,MI,48430
930,4800 Corporation Drive,Fayetteville,NC,28306
931,17120 Gulf Boulevard,North Redington Beach,FL,33708
932,7303 Plantation Road,Pensacola,FL,32504
933,3842 North University Drive,Sunrise,FL,33321
934,1500 Freedom Self Storage Road,Fort Walton Beach,FL,32547
935,33 Broad Street,Providence,RI,02903
936,20301 Bruce B Downs Boulevard,Tampa,FL,33647
937,3250 Craig Drive,Mckinney,TX,75070
938,65 Lambert Street,Portland,ME,04102
939,334 South Water Street,Providence,RI,02903
940,"631 South Orlando Avenue & 1220, 1230 and 1234 West Fairbanks Avenue",Winter Park,FL,32789
941,16170 Red Arrow Highway,Union Pier,MI,49129
942,3380 South 4th Avenue,Yuma,AZ,85365
943,20921 Lahser Road,Southfield,MI,48034
944,75 Public Square,Cleveland,OH,44113
945,1101 Pacific Avenue,Santa Cruz,CA,95060
946,36505 Northview Blvd,Sterling Heights,MI,48310
947,7569 West 72nd Street,Arvada,CO,80003
948,7002-7014 Reisterstown Road,Baltimore,MD,21215
949,"1616, 1620, 1630 & 1634 West 42nd Street",Davenport,IA,52806
950,140 Second Street,San Francisco,CA,94105
951,950-984 and 1007-1049 10th Avenue Southeast,Minneapolis,MN,55414
952,8200-8247 North 116th East Avenue,Owasso,OK,74055
953,6700 Belcrest Road,Hyattsville,MD,20782
954,327 West Wilson Street,Costa Mesa,CA,92627
955,50 Commerce Drive,Spring Township,PA,19610
956,3205 NW 83rd Street,Gainesville,FL,32606
957,304 East 89th Street,New York,NY,10128
958,9735 Interstate Highway 35 North,San Antonio,TX,78233
959,300 West FM 1417,Sherman,TX,75090
960,5300 Kennedy Road and 5345 Old Dixie Highway,Forest Park,GA,30297
961,1330 W. 43rd St.,Chicago,IL,60609
962,4314 Dresden Street,Columbus,OH,43224
963,1209 East Belt Line Road,Desoto,TX,75115
964,8085 Brandon Mill Road,Atlanta,GA,30350
965,22543 Ventura Boulevard,Woodland Hills,CA,91364
966,2910 Beverly Boulevard,Los Angeles,CA,90057
967,300 Frandor Avenue,Lansing,MI,48912
968,4260-4310 West Broad Street,Columbus,OH,43228
969,419 Lafayette Street,New York,NY,10003
970,22330-22360 Sterling Boulevard,Sterling,VA,20164
971,"3002, 3004, 3102, & 3104 Edward Hoffman Drive",Champaign,IL,61820
972,2554 Millcreek Drive,Sacramento,CA,95833
973,3301 - 3325  Olive Street,St. Louis,MO,63103
974,2489 Grove Way,Castro Valley,CA,94546
975,"2300, 2304, 2308 and 2312 Sir Barton Way",Lexington,KY,40509
976,Two Elm Street & 10-16 Post Office Road,Andover,MA,01810
977,2015 Lord Baltimore Drive,Windsor Mill,MD,21244
978,431 Dekalb Avenue,Brooklyn,NY,11205
979,4836 Northfield Road,North Randall,OH,44128
980,2700-27400 Carronade Drive,Perrysburg Township,OH,43551
981,100 Peachwood Centre Drive,Spartanburg,SC,29301
982,5515 and 5601 Concord Pike,Wilmington,DE,19803
983,305 Watkins Road,Horseheads,NY,14845
984,4325 North 23rd Street,Phoenix,AZ,85015
985,10211-10239 Brookpark Road,Parma,OH,44130
986,12200 Williams Road,Perrysburg,OH,43551
987,7770 Caldwell Road,Harrisburg,NC,28075
988,2055 Cliff Road,Eagan,MN,55122
989,150 Pierce Street,Franklin Township,NJ,08873
990,"17 Walker Way, 18 and 20 Petra Lane",Colonie,NY,12205
991,2401 Mall Drive,North Charleston,SC,29406
992,421 Robert Parker Coffin Road,Long Grove,IL,60047
993,138-160 Johnson Avenue,Hackensack,NJ,07601
994,22601 Pacific Coast Highway,Malibu,CA,90265
995,8115 Perry Hills Road,White Marsh,MD,21236
996,27200 Parkview Boulevard,Warren,MI,48092
997,850 Lincoln Drive,Idaho Falls,ID,83401
998,7301 Metro Center Drive,Austin,TX,78744
999,2829 South Oakland Forest Drive,Oakland Park,FL,33309
1000,4801-4845 Pine Street,Philadelphia,PA,19143
1001,231 North Evergreen Avenue,Woodbury,NJ,08096
1002,4400 Broadway,Kansas City,MO,64111
1003,130 South Illinois Street,Indianapolis,IN,46225
1004,1505 E. Warner Avenue & 1590 East St. Gertrude Place,Santa Ana,CA,92705
1005,"1417, 1425, 1457, 1469 and 1481 8th Avenue",Bethlehem,PA,18018
1006,1100-8100 Town Center Way,Livingston,NJ,07039
1007,2535 Camino Del Rio South,San Diego,CA,92108
1008,1100 West Corral Avenue,Kingsville,TX,78363
1009,87-10 Northern Boulevard,Jackson Heights,NY,11372
1010,1515 - 1525 Walsh Avenue,Santa Clara,CA,95050
1011,4330 East Miraloma Avenue,Anaheim,CA,92807
1012,6685 Poplar Avenue,Germantown,TN,38138
1013,40 East 88th Street,New York,NY,10128
1014,23326-23550 Hawthorne Boulevard; 3701 Skypark Drive; 23441-23451 Madison Avenue,Torrance,CA,90505
1015,13401 North Western Avenue,Oklahoma City,OK,73114
1016,606 Lloyd Street,Chester,PA,19013
1017,1 Briarwood Place,Roswell,NM,88201
1018,8028 South Wheeling Avenue,Tulsa,OK,74136
1019,"1090, 1100 and 1122 Coney Island Avenue",Brooklyn,NY,11230
1020,3500 45th Street,West Palm Beach,FL,33407
1021,4225 45th Street,West Palm Beach,FL,33407
1022,24 Creekside Lane,Canyon,TX,79015
1023,1900 South Charles Boulevard,Greenville,NC,27858
1024,1175 McKendree Church Road,Lawrenceville,GA,30043
1025,"1750, 1810, 1830 and 1850 49th Street SW",Fargo,ND,58103
1026,199 Planters Road,Sunnyvale,TX,75182
1027,8400 Northwest 36th Street,Doral,FL,33166
1028,1111 Augusta Drive,Houston,TX,77057
1029,2284 North Craig Road,Spokane,WA,99224
1030,474 East 25 South,Ephraim,UT,84627
1031,300 West 145th Street,New York,NY,10030
1032,500 Polk Avenue,Greenwood,IN,46143
1033,4505 Columbus Street,Virginia Beach,VA,23462
1034,2300 Nesconset Highway,Stony Brook,NY,11790
1035,720-728 White Horse Pike,Absecon,NJ,08201
1036,1701-1899 South Academy Boulevard,Colorado Springs,CO,80929
1037,5442 Cleveland Avenue,Columbus,OH,43231
1038,7203 South State Street,Midvale,UT,84047
1039,1001 & 1003 25th Avenue,Phenix City,AL,36869
1040,5101 NW 21st Avenue,Fort Lauderdale,FL,33309
1041,2111 Tabor Drive,Rock Hill,SC,29730
1042,1619 Broadway,New York,NY,10019
1043,148 East 84th Street,New York,NY,10028
1044,6801-6997 West Commercial Boulevard,Tamarac,FL,33319
1045,1825 Cooper Point Road Southwest,Olympia,WA,98502
1046,8403 State Highway 151,San Antonio,TX,78245
1047,10 Fort Eddy Road,Concord,NH,03301
1048,15849 North 71st Street,Scottsdale,AZ,85254
1049,1643 Route 82,Lagrangeville,NY,12540
1050,6323-6333 Camp Bowie Boulevard; 3501 Bernie Anderson Boulevard; 6201 Sunset Drive; 6300-6324 Waverly Way,Fort Worth,TX,76116
1051,1901 Se Green Oaks Blvd,Arlington,TX,76013
1052,2189 Westover Road,Chicopee,MA,01022
1053,607-629 Johnnie Dodds Boulevard,Mount Pleasant,SC,29464
1054,150 East 61st Street,New York,NY,10021
1055,301 South FM 1417,Sherman,TX,75092
1056,2008 Woodhaven Drive,Fort Wayne,IN,46819
1057,3900 Chagrin Drive,Columbus,OH,43219
1058,12115 Parklawn Drive,Rockville,MD,20852
1059,14251 Princeton Drive,Plymouth,MI,48170
1060,2700 Ygnacio Valley Road,Walnut Creek,CA,94598
1061,2211 Elder Lane,Kannapolis,NC,28083
1062,2096 Saint Georges Avenue,Rahway,NJ,07065
1063,2427 & 2461 East 29th Street,Brooklyn,NY,11235
1064,303 Victory Drive and 385 Spring Street,Herndon,VA,20170
1065,"3500 I-70 Drive, S.E.",Columbia,MO,65201
1066,9 Saluda Dam Road,Greenville,SC,29617
1067,3001 Stonecrest Promenade,Lithonia,GA,30038
1068,1 Keewaydin Drive,Salem,NH,03079
1069,7345 Medical Center Drive,West Hills,CA,91307
1070,220 E. Ashland Street,Brockton,MA,02402
1071,100 Laurel Circle,Bartow,FL,33830
1072,2601 Yale Boulevard SE,Albuquerque,NM,87106
1073,4401 East Dixon Boulevard,Shelby,NC,28152
1074,1425 N. Detroit Street,Los Angeles,CA,90046
1075,25 Point Lobos Avenue,San Francisco,CA,94121
1076,7801 Bankhead Highway,Carrollton,GA,30117
1077,2101 West Anderson Lane,Austin,TX,78757
1078,1110 Montlimar Drive,Mobile,AL,36609
1079,3131 East Indian School Road,Phoenix,AZ,85016
1080,482-490 Norristown Road,Whitpain Township,PA,19422
1081,520-620  Hunt Club Boulevard,Apopka,FL,32703
1082,27110 Cinco Ranch Boulevard,Katy,TX,77494
1083,123-35 82nd Road,Kew Gardens,NY,11415
1084,16401 Chenal Valley Dr.,Little Rock,AR,72223
1085,7200 Leamington,Bedford Park,IL,60638
1086,1710 Southwest 12th Avenue,Battle Ground,WA,98604
1087,121 West 77th Street,New York,NY,10024
1088,300 West Adams Street,Chicago,IL,60606
1089,1101-1121 Mac Arthur Road,Madison,WI,53714
1090,2167 Medford Road,Ann Arbor,MI,48104
1091,2912 Glenhaven Drive,Midwest City,OK,73110
1092,2431 Mercantile Drive,Sacramento,CA,95742
1093,72 & 76 West Horizon Ridge Parkway,Henderson,NV,89102
1094,6491-6565 Taft Street,Hollywood,FL,33024
1095,23610 & 23620 North 20th Drive,Phoenix,AZ,85085
1096,17730 South Dixie Highway,Miami,FL,33157
1097,2665 Royal Forest Drive,Kingwood,TX,77339
1098,2001 East Dixon Boulevard,Shelby,NC,28152
1099,2900 West Airport Boulevard,Sanford,FL,32771
1100,2350 North Sam Houston Parkway East,Houston,TX,77032
1101,8180 Silverbrook Road,Lorton,VA,22079
1102,4701 Northwest 79 Avenue,Miami,FL,33166
1103,125 Delawanna Avenue,Clifton,NJ,07014
1104,1758 Allentown Road,Lansdale,PA,19446
1105,11201-11275 Sierra Avenue,Fontana,CA,92337
1106,130  West 400 South,Salt Lake City,UT,84101
1107,6400 Baltimore National Pike,Catonsville,MD,21228
1108,5005 Colleyville Boulevard,Colleyville,TX,76034
1109,1780 Sharkey Way,Lexington,KY,40511
1110,2260 Washington Ave,Bronx,NY,10457
1111,Northeast Corner of 120th Avenue & Washington Street,Thornton,CO,80241
1112,2 South University Drive,Plantation,FL,33324
1113,Northeast Corner Loop 101 and Camelback Road,Glendale,AZ,85305
1114,500 Green Road,Pompano Beach,FL,33064
1115,970 Momument St.,Los Angeles,CA,90272
1116,2000 West 79th Street,Indianapolis,IN,46260
1117,165-08 Liberty Avenue,Jamaica,NY,11433
1118,14050-14398 Baltimore Avenue,Laurel,MD,20707
1119,33300  Mission Blvd,Union City,CA,94587
1120,1600 East 80th Street,Merrillville,IN,46410
1121,23026-23036 Soledad Canyon Road & 26210-26270 Bouquet Canyon Road,Santa Clarita,CA,91350
1122,9510 Van Nuys Boulevard,Arleta,CA,91402
1123,100 Trace Drive,Jackson,TN,38305
1124,1345-1375 New Scotland Road,Slingerlands,NY,12159
1125,21630 Southwest 104th Court,Miami,FL,33190
1126,North Alpine Road & West Lane Road,Machesney Park,IL,61115
1127,3135 Roosevelt Drive,San Antonio,TX,78214
1128,110 East Nine Mile Road,Pensacola,FL,32534
1129,1450-1452 Halsey Way,Carrollton,TX,75007
1130,6630 McGinnis Ferry Road,Duluth,GA,30097
1131,2225 Boundary Street,Beaufort,SC,29902
1132,79 South Main Street,Marlboro,NJ,07746
1133,1428 Raymond Street,Boise,ID,83701
1134,380 North Broadway,Yonkers,NY,10701
1135,430 Elm Street,Pottstown,PA,19464
1136,251 East Front Street,Boise,ID,83702
1137,35801-36091 US 19 North,Palm Harbor,FL,34683
1138,22601 Pacific Coast Highway,Malibu,CA,90265
1139,"8360, 8378 and 8422 West Thunderbird Road",Peoria,AZ,85381
1140,1063 Highway 315,Wilkes Barre,PA,18702
1141,19501 West Hopi Drive,Casa Grande,AZ,85222
1142,1115 Westford Street,Lowell,MA,01851
1143,2317-2335 Market Street,San Francisco,CA,94114
1144,10564 US Highway #15 501,Southern Pines,NC,28387
1145,10615 Meadowglen Lane,Houston,TX,77042
1146,10430 South Kirkwood,Houston,TX,77099
1147,South Cherry Grove Avenue,Annapolis,MD,21401
1148,5030-5086 North High Street,Columbus,OH,43214
1149,500 West Catalina Drive,Yuma,AZ,85364
1150,575 West Crossroads Parkway,Bolingbrook,IL,60440
1151,7738-7853 N.W. 44th St,Sunrise,FL,33351
1152,1395 Third Street South,Naples,FL,34102
1153,4100-4120 Valley Blvd,Walnut,CA,91789
1154,166 West 76th Street,New York,NY,10023
1155,2500 North Hollywood Way,Burbank,CA,91505
1156,445 Forest Square Street,Longview,TX,75605
1157,200 and 310 North Madison Avenue,Yuma,AZ,85364
1158,"1512-1530 Demonbreun, 112-118 16th Avenue, 1529-1533 McGavock Street",Nashville,TN,37203
1159,226 Landis Avenue,Vineland,NJ,08360
1160,35-38 Kimmig Avenue,Lodi,NJ,07644
1161,8600 Bartram Ave,Philadelphia,PA,19153
1162,1400 Dell Ave.,Campbell,CA,95008
1163,5816 Boca Raton Boulevard,Fort Worth,TX,76112
1164,10325 West Broward Boulevard,Plantation,FL,33324
1165,150 Wellesley Dr,Newport News,VA,23606
1166,10946 Golden West Drive,Hunt Valley,MD,21031
1167,1155 Market Street,San Francisco,CA,94103
1168,811 East Wetmore Road,Tucson,AZ,85719
1169,11000 & 13000 Midlantic Drive,Mt. Laurel,NJ,08054
1170,200 East Capitol Street,Jackson,MS,39201
1171,100 Arbor Court,Wheeling,IL,60090
1172,910 West Lake Street,Chicago,IL,60607
1173,25 Elizabeth Street,Farmingdale,NY,11735
1174,7400-7490 S. University Boulevard,Littleton,CO,80122
1175,300-402 Ryders Lane,Milltown,NJ,08850
1176,25650 Baffin Bay Drive,Lake Forest,CA,92630
1177,3237 Berlin Turnpike,Newington,CT,06111
1178,6910 Interbay Boulevard,Tampa,FL,33616
1179,1960-1980 North Sequoia Avenue,Simi Valley,CA,93063
1180,4351 East Imperial Highway & 10901-10927 Atlantic Avenue,Lynwood,CA,90262
1181,1011 Southwest 134th Street,Oklahoma City,OK,73170
1182,"1400 Valwood Parkway, 1645 Wallace Drive, 1617 and 1650 West Crosby Road",Carrollton,TX,75006
1183,3532-3616 W. Thomas Rd. & 2910-2928 N. 35th Ave.,Phoenix,AZ,85017
1184,3800 West Hamlin Road,Auburn Hills,MI,48326
1185,10060-10080 Arrow Route,Rancho Cucamonga,CA,91730
1186,150 West Center Street,North Salt Lake,UT,84054
1187,75 Felton Street,Marlborough,MA,01752
1188,29  West Anapamu Street,Santa Barbara,CA,93101
1189,980 South Main Street,Kernersville,NC,27284
1190,150 South US Highway 1,Jupiter,FL,33477
1191,2203-2215 Tasman Drive,Santa Clara,CA,95054
1192,3001 North Midland Drive,Midland,TX,79707
1193,130 W 42nd Street,New York,NY,10036
1194,125 E. Baltimore Street,Baltimore,MD,21202
1195,3053 Villa Avenue,Bronx,NY,10468
1196,1600 North Willis Drive,Bloomington,IN,47404
1197,1611 South Methow Street,Wenatchee,WA,98801
1198,4400 Avenue A,Austin,TX,78751
1199,4100 Lonas Parkway,Midlothian,VA,23112
1200,10919 Town Center Drive,San Antonio,TX,78251
1201,101 Northeast 40th Street,Miami,FL,33137
1202,16021-16031 Arrow Highway,Irwindale,CA,91706
1203,2127 Peach Avenue,Clovis,CA,93612
1204,42201 and 42211 North 41st Drive,Phoenix,AZ,85086
1205,7101 U.S. Highway 41 North,Evansville,IN,47725
1206,90 Good Drive,East Hempfield Township,PA,17603
1207,1140 31st Street,Downers Grove,IL,60515
1208,505 North Tyler Street,Wichita,KS,67212
1209,1700-1710 Connecticut Avenue NW,Washington,DC,20009
1210,500 South Pickett Street,Alexandria,VA,22304
1211,3700 Manchaca Road,Austin,TX,78704
1212,158 Union Turnpike,Hudson,NY,12534
1213,6500 Mineral Drive,Coeur D'Alene,ID,83815
1214,1303 Ocala Road,Tallahasse,FL,32304
1215,1851 & 1871 Sunrise Highway (Route 27),Bayshore,NY,11706
1216,1625-1637 Market Street,Philadelphia,PA,19103
1217,1127 Wilshire Boulevard,Los Angeles,CA,90017
1218,9685-9733 & 9749 Dixie Highway,Clarkston,MI,48348
1219,5900 Roche Drive,Columbus,OH,43299
1220,1025 W. Boone Street,Santa Maria,CA,93454
1221,8251 Orangethorpe Avenue,Buena Park,CA,90621
1222,109 -111 Grant Avenue,Endicott,NY,13760
1223,911 Saint Louis Street and 333 Marshall Street,Ferndale,MI,48220
1224,1800 South Brand Boulevard,Glendale,CA,91204
1225,177-199 Forest Hills Street,Jamaica Plain,MA,02130
1226,12813 Ware Lane,Dade City,FL,33525
1227,225 South Berendo Street,Los Angeles,CA,90004
1228,890 W. Loveland,Loveland,OH,45140
1229,1941 North Black Horse Pike,Williamstown,NJ,08094
1230,88 Madison Avenue,New York,NY,10016
1231,3601 Thirlane Road,Roanoke,VA,24019
1232,111 East Monument Avenue,Kissimmee,FL,34741
1233,112-50 78th Avenue,Forest Hills,NY,11375
1234,7410 Old Centreville Road,Manassas,VA,20111
1235,84-88 Charles Street,New York,NY,10014
1236,250 Johnson Street,Palmyra,NY,14522
1237,1509 East Wells Branch Parkway,Pflugerville,TX,78660
1238,1935 Lor Ray Drive,North Mankato,MN,56003
1239,2744 East 11th Street,Oakland,CA,94601
1240,3253 Walters Lane,Forestville,MD,20747
1241,3220 Blume Drive,Richmond,CA,94806
1242,8301  Reseda Boulevard,Northridge,CA,91324
1243,5050-5055 South Duneville Avenue,Las Vegas,NV,89118
1244,1000 & 1020 Eden Road,Tarrant,TX,76001
1245,1410 South Country Club Drive,Mesa,AZ,85210
1246,7600 Dr. Phillips Boulevard,Orlando,FL,32819
1247,1328-1336 Pine Street,Philadelphia,PA,19107
1248,1400 Welton Street,Denver,CO,80202
1249,1125-1139 Post Road,Fairfield,CT,06824
1250,1319-1343 3rd Avenue,Chula Vista,CA,91911
1251,8910 Two Notch Road,Columbia,SC,29223
1252,440 Boston Post Road,Orange,CT,06477
1253,91 - 1049 Paumae'ole Street,Ewa,HI,96706
1254,50 West Daily Drive,Camarillo,CA,93010
1255,9601 Renner Boulevard,Lenexa,KS,66216
1256,100 Cresson Boulevard,Phoenixville,PA,19460
1257,220 Jackson Street,San Francisco,CA,94111
1258,1000 Cranberry Square Drive,Cranberry,PA,16319
1259,14801 Broadway Avenue,Maple Heights,OH,44137
1260,23005-23233 Outer Drive,Allen Park,MI,48101
1261,397 7th Street,Brooklyn,NY,10003
1262,1661 and 1671 South Research Loop,Tucson,AZ,85710
1263,6121 Landmark Center Blvd.,Greensboro,NC,27407
1264,4501 Old Caldwell Mill Road,Birmingham,AL,35242
1265,7040 Shawnee Drive,Romulus,MI,48174
1266,9940 Paddle Wheel Drive,Cordova,TN,38016
1267,950 Haverford Road,Bryn Mawr,PA,19010
1268,3111 Mahan Drive,Tallahassee,FL,32308
1269,2615 Pleasant Hill Road,Duluth,GA,30096
1270,11525 Main Street,Broomfield,CO,80020
1271,1045 North Azusa Avenue,Covina,CA,91772
1272,2001 Americana Boulevard,Orlando,FL,34759
1273,4503 Lake Avenue,Dallas,TX,75219
1274,82nd Street and Allisonville Road,Indianapolis,IN,46250
1275,15616 76th Avenue East,Puyallup,WA,98375
1276,12474 Industrial Boulevard,Victorville,CA,92392
1277,101 Avenue A,New York,NY,10009
1278,690 Holcomb Bridge Road,Roswell,GA,30076
1279,1845 Business Center Drive,San Bernardino,CA,92408
1280,7200-7260 North Kendall Drive,Miami,FL,33156
1281,200 Capitol Lodging Court,Winston-Salem,NC,27103
1282,4788 Caughlin Parkway,Reno,NV,89519
1283,633 Germantown Pike,Plymouth Meeting,PA,19462
1284,5850 San Felipe Street,Houston,TX,77057
1285,100 South Ocean Avenue,Freeport,NY,11520
1286,509 Brand Lane,Stafford,TX,77477
1287,1701 Crossing Drive,Wyomissing,PA,19610
1288,421 North General McMullen Drive,San Antonio,TX,78237
1289,850 North Lee Highway,Lexington,VA,24450
1290,307 East 12th Street,New York,NY,10003
1291,468 Mission Road,San Marcos,CA,92069
1292,"2621 Burlingame, 2645 Prairie Street, 1750 28th Street",Wyoming,MI,49509
1293,300 University Avenue,Sacramento,CA,95825
1294,12815 Aldine-Westfield Road,Houston,TX,77039
1295,5710-5730 Northwest 176th Street,Hialeah,FL,33015
1296,3888 Highway 90,Pace,FL,32571
1297,4510 Mobile Highway,Pensacola,FL,32506
1298,12440 Imperial Highway,Norwalk,CA,90650
1299,"3045, 3055 and 3065 Columbia Boulevard",Titusville,FL,32780
1300,15 Berkeley Place,Brooklyn,NY,11217
1301,150 Spring Street,New York,NY,10012
1302,12393-12399 Pembroke Road,Pembroke Pines,FL,33024
1303,2310 Spur 54,Harlingen,TX,78552
1304,600-602 Sherman Street,Akron,OH,44311
1305,610 Old York Road,Jenkintown,PA,19046
1306,6603 East Lovers Lane,Dallas,TX,75214
1307,1 Juniper Drive,Delmar,NY,12054
1308,13802 North 32nd Street,Phoenix,AZ,85032
1309,700 Tech Court,Louisville,CO,80027
1310,463-467 Pedretti Avenue,Cincinnati,OH,45238
1311,704-732 West Emmaus Avenue,Allentown,PA,18103
1312,10600 Corporate Drive,Stafford,TX,77477
1313,400 University Avenue,Sacramento,CA,95825
1314,2101 N. Haskell Ave.,Dallas,TX,75204
1315,3100 Hawthorne Street,Sarasota,FL,34239
1316,125 Nova Albion Way,San Rafael,CA,94903
1317,1489 East Silver Star Road,Ocoee,FL,34761
1318,1181 California Avenue,Corona,CA,92881
1319,134 Meeting Street,Charleston,SC,29401
1320,800 Truse Parkway,Memphis,TN,38117
1321,7601-7833 North Kings Highway,Myrtle Beach,SC,29572
1322,7633 American Way,Groveland,FL,34736
1323,935 West Randolph Street,Chicago,IL,60607
1324,82-06 Northern Blvd,Jackson Heights,NY,11372
1325,655 Goodpasture Island Rd,Eugene,OR,97401
1326,U.S. Hwy 1 & Sunset Blvd.,Jensen Beach,FL,34994
1327,5701 & 5721 Southeast Columbia Way,Vancouver,WA,98661
1328,8400 Winchester Road,Memphis,TN,38125
1329,2812 Spring Avenue,Decatur,AL,35603
1330,11140 Rockville Pike & 5410 Edson Lane,Rockville,MD,20852
1331,8745 International Drive,Orlando,FL,32819
1332,1213 North 4th Avenue,Winterset,IA,50273
1333,801 South Rancho Drive,Las Vegas,NV,89106
1334,416 Williamstown Road,Sicklerville,NJ,08081
1335,3575 Ringsby Court,Denver,CO,80216
1336,5601 Southeast 122nd Street,Portland,OR,97238
1337,3410 East University Drive,Phoenix,AZ,85034
1338,39 Brighton Avenue,Boston,MA,02134
1339,135 Crossways Park Drive,Woodbury,NY,11797
1340,1634 South Marion Avenue,Springfield,MO,65807
1341,2 Kirby Avenue,Mountaintop,PA,18707
1342,"2060, 2070, 2080, 2090 & 2100 Zink Road",Fairborn,OH,45234
1343,7425-7719 East Iliff Avenue and 2150 South Quebec Street,Denver,CO,80231
1344,23005-23233 Outer Drive,Allen Park,MI,48101
1345,130 West Grand River,Brighton,MI,48116
1346,2831 Jacks Run Road,White Oak,PA,15131
1347,400 North 48th Street,Lincoln,NE,68504
1348,6400 Glenhurst Drive,Maumee,OH,43537
1349,336 Bay Street West,Jacksonville,FL,32202
1350,1601 Beltline Road,Garland,TX,75044
1351,400-596 Long Beach Boulevard,Long Beach,CA,90802
1352,601  W. 7th Ave.,Corsicana,TX,75110
1353,1086-1100 N .State Road 267,Avon,IN,46213
1354,160 North Pantano Road,Tucson,AZ,85710
1355,3501 Fowler Street,Fort Myers,FL,33901
1356,4820-4860 South 76th Street,Greenfield,WI,53220
1357,2040 North 1st Avenue,Tucson,AZ,85719
1358,17835 Ventura Blvd.,Encino,CA,91316
1359,9400/9410/9420/9430 Topanga Canyon Blvd.,Chatsworth,CA,91311
1360,518-736 Southwest Military Drive,San Antonio,TX,78221
1361,6791 Highway 2,Commerce City,CO,80022
1362,382 West Harden Street,Burlington,NC,27215
1363,3549 Esplanade,Chico,CA,95973
1364,3985 East Bijou Avenue,Colorado Springs,CO,80909
1365,14501-14665 Millikan Way,Beaverton,OR,97006
1366,459 Smith Street,Brooklyn,NY,11231
1367,4646 Scottsville Road,Bowling Green,KY,42104
1368,4224 Northeast Halsey Street,Portland,OR,97213
1369,2780 & 2790 Somerset Drive,Lauderdale Lakes,FL,33311
1370,801 Willie L. Miner Avenue,El Reno,OK,73036
1371,506 South Broadway,Yonkers,NY,10705
1372,325 West 45th Street,New York,NY,10036
1373,180 Madison Avenue,New York,NY,10016
1374,251 East Avenue K6,Lancaster,CA,93535
1375,218 East 5th Street,New York,NY,10003
1376,4750 - 4770 Crittenden Drive,Louisville,KY,40299
1377,48 Craftwood Road,Waterbury,CT,06705
1378,14155 U.S. Highway 1,Juno Beach,FL,33408
1379,340 Myrtle Avenue,Brooklyn,NY,11205
1380,2390 West Detroit Boulevard,Pensacola,FL,32534
1381,30 East 85th Street,New York,NY,10028
1382,6201-6391 Atlantic Avenue,Bell,CA,90201
1383,1600 North Riverside Avenue,Medford,OR,97501
1384,723 Riverside Street,Portland,ME,04103
1385,East Side Route 487 North at Brook Road,Scott & Orange Townships,PA,17815
1386,12250 Parkway Center Dr,Poway,CA,92064
1387,15325 Orange Avenue,Paramount,CA,90723
1388,2200/2250 Park Place,El Segundo,CA,90245
1389,1451 West Ajo Way,Tucson,AZ,85713
1390,900 Riesling Lane,West Chester,PA,19382
1391,839 Livingston Place,Troutdale,OR,97060
1392,711 Shore Road,Long Beach,NY,11561
1393,3980-4260 El Camino Real,Atascadero,CA,93422
1394,18370 Burbank Boulevard; 18365 Clark Street,Tarzana,CA,91356
1395,14355 32nd Avenue NE,Seattle,WA,98125
1396,144-10 135th Avenue,Jamaica,NY,11436
1397,3414 W. Union Hills Drive,Phoenix,AZ,85027
1398,2375 Anselmo Drive,Corona,CA,92879
1399,13090 Pettigru Drive,Carmel,IN,46032
1400,3939 Covington Highway,Decautor,GA,30032
1401,1717 Independence Parkway,Plano,TX,75075
1402,50-60 Lakefront Boulevard,Buffalo,NY,14202
1403,939 South McLean Boulevard,Elgin,IL,60123
1404,8711 Dunwoody Place,Atlanta,GA,30350
1405,14525 Highway 7,Minnetonka,MN,55345
1406,135 West Forest Hill Avenue,Oak Creek,WI,53154
1407,495 S. Grand Central Parkway,Las Vegas,NV,89106
1408,4431 PGA Blvd,Palm Beach Gardens,FL,33410
1409,1309 West Fairmont Parkway,LaPorte,TX,77571
1410,505 Mall Boulevard,Savannah,GA,31406
1411,4650 East Carey Avenue,Las Vegas,NV,89115
1412,1651 South Central Avenue,Los Angeles,CA,90021
1413,915 Ronald Reagan Boulevard,Cumming,GA,30041
1414,4601 - 4701 West Freeway,Fort Worth,TX,76107
1415,1720 Crete Street,Moberly,MO,65270
1416,1324-1360 Grove Park NE & 1370 Chestnut Street,Orangeburg,SC,29115
1417,2025 Morganton Boulevard Southwest,Lenoir,NC,28645
1418,25 Fontana Lane,Rosedale,MD,21237
1419,50 Evergreen Way,Stockbridge,GA,30281
1420,9050 Highway 64,Lakeland,TN,38002
1421,557 Englishtown Road,Monroe Township,NJ,08831
1422,7102 East Baseline Road,Mesa,AZ,85208
1423,9201 Glenwater Drive,Charlotte,NC,28262
1424,11102-11118 Lee Highway,Fairfax City,VA,22030
1425,1126 US Highway 321 Business South,Winnsboro,SC,29180
1426,1605 New Garden Road,Greensboro,NC,27410
1427,75 Commerce Drive,Allendale,NJ,07401
1428,9415-9459 Coppertop Loop,Bainbridge Island,WA,98110
1429,4257 Interstate 35 North,Lacy Lakeview,TX,76705
1430,SEQ Highway 85 and Highway 138,Atlanta,GA,30274
1431,1099 Beltline Road,Collinsville,IL,62234
1432,814 Sheldon Road,Channelview,TX,77530
1433,13520 Hull Street Road,Midlothian,VA,23112
1434,563 Lewelling Boulevard,San Leandro,CA,94579
1435,1230 Montana Avenue,Santa Monica,CA,90403
1436,2836 East Lincoln Highway,Lynwood,IL,60411
1437,650 Victory Boulevard,Staten Island,NY,10301
1438,144 Hollywood Boulevard,Anderson,IN,46016
1439,18300 Governors Highway,Homewood,IL,60430
1440,235 Queen Street,Southington,CT,02849
1441,3920 Capitol Avenue,City Of Industry,CA,90601
1442,11818 Rock Landing Drive,Newport News,VA,23612
1443,12708 Riata Vista Circle,Austin,TX,78727
1444,"4300, 4317 & 4320 Charlestown Road",New Albany,IN,47150
1445,"4104, 4102 & 4302 Ayers Street",Corpus Christi,TX,78415
1446,2901 Carlisle Boulevard Northeast,Albuquerque,NM,87110
1447,17547 Ventura Boulevard,Encino,CA,91316
1448,2350 Douglas Road,Ferndale,WA,98248
1449,2701 Emmons Avenue,Brooklyn,NY,11235
1450,6403 Del Monte Drive,Houston,TX,77057
1451,40 State Route 94,Vernon,NJ,07462
1452,13696 East Iliff Avenue,Aurora,CO,80014
1453,22914-22964 Victory Blvd.,Woodland Hills,CA,91367
1454,827 Elkridge Landing Road,Linthicum Heights,MD,21090
1455,418 Town Center Place,Columbia,SC,29229
1456,211 East Ontario Street,Chicago,IL,60611
1457,One and Two Jericho Plaza,Jericho,NY,11753
1458,6010 to 6024 West Maple Road,West Bloomfield,MI,48322
1459,990 Cedar Bridge Avenue,Brick,NJ,08723
1460,791 South Main Street,Pleasant Grove,UT,84062
1461,12197 North Meridian Street,Carmel,IN,46032
1462,1509 West Jefferson Street,Quincy,FL,32351
1463,801 Fiber Optic Drive,Little Rock,AR,72117
1464,8627 16th Street,Silver Spring,MD,20910
1465,602 Honea Egypt Rd,Magnolia,TX,77354
1466,2760-2794 Stantonsburg Road,Greenville,NC,27834
1467,400 N 500 W,Moab,UT,84532
1468,137 East Franklin Street,Chapel Hill,NC,27514
1469,140 Franklin Turnpike,Waldwick,NJ,07463
1470,1960 McDonough Road,Hampton,GA,30228
1471,1301  1315  1317 and 1319 Ft. Meyer Drive,Arlington,VA,22209
1472,8300 E. Jefferson Avenue,Detroit,MI,48214
1473,7650 Melrose Avenue,Los Angeles,CA,90046
1474,260 California Street,San Francisco,CA,94111
1475,US 231 and South Boulevard,Crawfordsville,IN,47933
1476,4301 Tonnelle Avenue,North Bergen,NJ,07047
1477,780 Canton Road,Marietta,GA,30060
1478,1901 Savoy Drive,Atlanta,GA,30341
1479,"23292 Farmington Road, 33171-33199 Grand River Avenue, 23340-23354 Farmington Rel., 23300-23336 Farmington Road, 33305 and 33313 Orchard Street.",Farmington,MI,48336
1480,300 Sunchase Boulevard,Farmville,VA,23901
1481,77850 - 77920 Country Club Drive,Palm Desert,CA,92211
1482,222 Eulalia Street,Glendale,CA,91204
1483,2900 West US Highway 22,Landen,OH,45039
1484,9101 Basil Court,Largo,MD,20774
1485,321 North Chimney Rock Road,Grennsboro,NC,27410
1486,2200 E. Beltline Road,Carrollton,TX,75006
1487,725 Metker St.,Irving,TX,75062
1488,878 Mollala Avenue,Oregon City,OR,97045
1489,7961-7963 Melrose Avenue,Los Angeles,CA,90046
1490,15 Constitution Drive,Bedford,NH,03110
1491,1201 South Sharp Street,Baltimore,MD,21230
1492,825 West Whitestone Boulevard,Cedar Park,TX,78613
1493,2480 Middlefield Road,Redwood City,CA,94063
1494,2405 Florida Highway 60,Bartow,FL,33830
1495,4464 Fremont Avenue North,Seattle,WA,98103
1496,3430 Country Square Drive,Carrollton,TX,75006
1497,1699 Gallatin Pike,Nashville,TN,37115
1498,1828  El Camino Real,Burlingame,CA,94010
1499,1077 Virginia Beach Blvd.,Virginia Beach,VA,23451
1500,Stemmons Highway,Dallas,TX,75207
1501,940 North Providence Road,Media,PA,19063
1502,5671 Washington Street,Hollywood,FL,33023
1503,5314 South Yale Avenue,Tulsa,OK,74135
1504,7900 Logistic,Zeeland Township,MI,49464
1505,425 North Quince Street,Escondido,CA,92025
1506,2 North through 90 South Cascade Avenue,Colorado Springs,CO,80903
1507,326-328 East 73rd Street,New York,NY,10021
1508,2115 West Walnut Avenue,Rogers,AR,72756
1509,NEC of Bell Road and N. 82nd Street,Scottsdale,AZ,85255
1510,2150 62nd Avenue South,St. Petersburg,FL,33712
1511,912 West Bay Avenue,Barnegat,NJ,08005
1512,2302-2310 Lubbock Highway,Lamesa,TX,79331
1513,1400 and 1420 North McDowell Boulevard,Petaluma,CA,94954
1514,One Maple Drive,Great Neck Plaza,NY,11021
1515,975 Foxcroft Ave,Martinsburg,WV,25401
1516,13980 Peyton Drive,Dallas,TX,75240
1517,231 St. Asaphs Road,Bala Cynwyd,PA,19004
1518,3708-3732 Eubank Blvd NE,Albuquerque,NM,87111
1519,37-80 Junction Boulevard,Corona,NY,11368
1520,2216 Brierbrook Road,Germantown,TN,38138
1521,2806 Peachtree Road,Statesville,NC,28677
1522,140 Taunton Avenue,Seekonk,MA,02771
1523,3003-3097 West Bullard Avenue,Fresno,CA,93711
1524,515 53rd Avenue West,Bradenton,FL,34207
1525,411 Laurel Street,Des Moines,IA,50314
1526,5901-5921 South Dale Mabry Highway,Tampa,FL,33616
1527,2407 Neil Armstrong Drive,West Lafayette,IN,47906
1528,9090 SW 87th Court,Miami,FL,33176
1529,Highway 27 at Highway 27 Bypass,Chickamauga,GA,30707
1530,"2215-2245, 2101-2133, 2025-2057 Lyons Road & 8147-8177, 8179-8209 Washington Church Road",Miamisburg,OH,45342
1531,2370 East Mulberry,Angleton,TX,77516
1532,1251 North 21st Street,Laramie,WY,82072
1533,5893-5915 South Archer Avenue,Chicago,IL,60638
1534,2132 Stirrup Lane,Toledo,OH,43613
1535,9230-9470 West Northern Avenue,Glendale,AZ,85305
1536,1963-2023 Elmwood Avenue,Buffalo,NY,14207
1537,1 Henry Court,Wilmington,DE,19808
1538,120 South Central Avenue,Clayton,MO,63105
1539,27532-27596 Sierra Highway and 18402 Soledad Canyon Road,Santa Clarita,CA,91351
1540,1750 South Erie Blvd.,Hamilton,OH,45011
1541,2000 and 2030 35th Avenue,Greeley,CO,80634
1542,7965 Clilffbrook Drive,Dallas,TX,75254
1543,18650-678 Van Horn Road,Woodhaven,MI,48183
1544,181 East 119th Street,New York,NY,10035
1545,3378 Three Mile Road NW,Walker,MI,49544
1546,409 Stokes Road,Medford Township,NJ,08055
1547,2&4 Industrial Boulevard,Paoli,PA,19301
1548,1001 Sage Avenue,Reading,PA,19605
1549,706 South Main Street,Adrian,MI,49221
1550,350 South Beverly Drive,Beverly Hills,CA,90212
1551,550 State Road 60 West,Lake Wales,FL,33853
1552,54728 - 54808 Shelby Road,Shelby Township,MI,48315
1553,330 South Tyler Road,Wichita,KS,67209
1554,5850 W Gulf Bank Road,Houston,TX,77088
1555,6271 Carver Oaks Drive,Fayetteville,NC,28311
1556,13855 Superior Road,East Cleveland,OH,44118
1557,4002-4024 N. 67th Avenue,Phoenix,AZ,85033
1558,11501 Georgia Avenue & 2413 Blueridge Avenue,Wheaton,VA,20902
1559,11215-11225 Shawnee Mission Pkwy,Shawnee,KS,66203
1560,3295 Rocker Drive,Cincinnati,OH,45239
1561,1552 Sunset Drive,Grenada,MS,38901
1562,20 City Boulevard West,Orange,CA,92868
1563,"1940, 1968 & 1865 Black Rock Tpke",Fairfield,CT,06430
1564,1360 US Highway 1,Jupiter,FL,33469
1565,5755 East River road,Tucson,AZ,85750
1566,20285 Western Avenue,Torrance,CA,90501
1567,2500 - 2540 N. Main Street,Walnut Creek,CA,94597
1568,19 Commerce Ctr. Dr.,Henderson,NV,89014
1569,6265 Gunbarrel Avenue,Boulder,CO,80301
1570,7175 West Lake Mead Boulevard,Las Vegas,NV,89128
1571,2282-2300 Brodhead Road,Aliquippa,PA,15001
1572,155 N Crescent Dr & 9355 Wilshire Boulevard,Beverly Hills,CA,90210
1573,947-991 South Township Line Road,Royersford,PA,19468
1574,221 Walmart Drive,Uniontown,PA,15401
1575,202-500 Walnut Street,Redwood City,CA,94063
1576,3141 Johnston Street,Lafayette,LA,70503
1577,739 Canal Street,New Orleans,LA,70130
1578,1129-1131 Campbell Avenue,West Haven,CT,06516
1579,3755 W. Dublin-Granville Rd.,Dublin,OH,43017
1580,3539 Ridgeway Road,Memphis,TN,38815
1581,3001 Crystal Springs Street,Bedford,TX,76021
1582,1929 Opal Street,Reynoldsburg,OH,43068
1583,5711 South 86th Circle,Omaha,NE,68127
1584,436 Broadway,Tacoma,WA,98402
1585,"2611, 2621 & 2641 Coors Boulevard Northwest",Albuquerque,NM,87120
1586,3410 and 3420 Buford Drive,Buford,GA,30519
1587,2169 Kalia Road,Honolulu,HI,96815
1588,2906 Washtenaw Avenue,Ypsilanti Township,MI,48197
1589,"26852, 26876-26888, 26952, 27032 & 27054-27072 La Paz Road",Aliso Viejo,CA,92656
1590,1200 Whispering Circle,St Augustine,FL,32084
1591,2506 and 2507 Atlantic Avenue,Long Beach,CA,90806
1592,10440 Valley Forge,Houston,TX,77042
1593,6985 West Sahara Avenue,Las Vegas,NV,89117
1594,2600 Michelson Drive,Irvine,CA,92612
1595,1370 W. Allison Avenue,Los Angeles,CA,90026
1596,330 East Main Street,Barrington,IL,60010
1597,2458-2486 Old Fort Parkway,Murfreesboro,TN,37128
1598,7379 Baltimore Annapolis Boulevard,Glen Burnie,MD,21061
1599,10741 N. Wolfe Road,Cupertino,CA,95014
1600,2908 N Main St,High Point,NC,27265
1601,402-414 Bay Ridge Parkway,Brooklyn,NY,11209
1602,4640 Roosevelt Boulevard,Philadelphia,PA,19124
1603,101 West Mulberry Boulevard,Savannah,GA,31322
1604,"200 River Road, 502 and 504 Riverside Drive",East Peoria,IL,61611
1605,8110 North Academy Boulevard,Colorado Springs,CO,80920
1606,71 South Wacker Drive,Chicago,IL,60606
1607,1324 State Street,Santa Barbara,CA,93101
1608,1232 Arch Street,Philadelphia,PA,19107
1609,3700 Russell Street,Missoula,MT,59801
1610,208 North Street,Foxborough,MA,02035
1611,4255 Industrial Road,Las Vegas,NV,89103
1612,302A - 310F North 16th Street & 1703 Fremont Drive,Canon City,CO,81212
1613,3684 Paradise Road,Las Vegas,NV,89109
1614,10650-64 Sierra Avenue,Fontana,CA,92337
1615,1697 West Hubert Street,Hubbard Lake,MI,49747
1616,2000 North Mattis Avenue,Champaign,IL,61821
1617,2031 South Mooney Boulevard,Visalia,CA,93277
1618,252 Chapman Road,Christiana,DE,19702
1619,4740 East Broadway Road,Mesa,AZ,85206
1620,10530 and 10540 Wilshire Boulevard,Los Angeles,CA,90068
1621,4060 Via Pescador,Camarillo,CA,93012
1622,8686 Coy Drive,Baton Rouge,LA,70810
1623,2800-2878 Zinfandel Drive,Rancho Cordova,CA,95670
1624,555 & 620 Aspen Ridge Drive,Lafayette,CO,80026
1625,625 Arizona Avenue,Santa Monica,CA,90401
1626,8900 Darrow Road,Twinsburg,OH,44087
1627,2301 Renaissance Boulevard,King Of Prussia,PA,19406
1628,7000 Terminal Square,Upper Darby,PA,19082
1629,16222 Clay Road,Houston,TX,77084
1630,4245 Kemp Boulevard,Wichita Falls,TX,76308
1631,929 Keyser Avenue,Natchitoches,LA,71457
1632,6517 Melody Lane,Dallas,TX,75231
1633,10230 Atlantic Blvd.,Jacksonville,FL,32246
1634,29 Prince Street,New York,NY,10012
1635,9225 West Parmer Lane,Austin,TX,78717
1636,5565 Connie Jean Road,Jacksonville,FL,32222
1637,94-849 Lumiaina Street,Waipahu,HI,96797
1638,3671 Joor Road,Baton Rouge,LA,70814
1639,2000 West Mission Road,Alhambra,CA,91803
1640,10777 North Freeway,Houston,TX,77038
1641,2238 Hyde Street,San Francisco,CA,94109
1642,2900 Island Avenue,Philadelphia,PA,19153
1643,1050 Imperial Highway,Placentia,CA,92670
1644,3700-3754 SE Ocean Boulevard,Sewalls Point,FL,34997
1645,709 North Westover Boulevard,Albany,GA,31707
1646,26300 Northwestern Highway,Southfield,MI,48076
1647,1502-1910 Sweetwater Road,National City,CA,91950
1648,6400 Moonstone Beach Drive,Cambria,CA,93428
1649,2520 Longview Street,Austin,TX,78705
1650,1600 Toronto Road,Springfield,IL,62712
1651,1107 Frost Road,Streetsboro,OH,44241
1652,24 Broadway,Lynnfield,MA,01940
1653,"3201, 3205-07, 3211, 3217-23 Powelton Avenue",Philadelphia,PA,19104
1654,6531 Emmons Drive,Fort Wayne,IN,46835
1655,13162 Highway 8 Business,El Cajon,CA,92021
1656,4060 Via Pescador,Camarillo,CA,93012
1657,14805 Magnolia Boulevard,Sherman Oaks,CA,91403
1658,7115-7149 Southwest Freeway,Houston,TX,77074
1659,2605 Calloway Road,Tyler,TX,75707
1660,1205-1209 West Loop North,Houston,TX,77055
1661,4600 Sheridan Street,Hollywood,FL,33021
1662,304-350 Northeast Agness Avenue,Grants Pass,OR,97526
1663,3820 South Nova Road,Port Orange,FL,32127
1664,2400 Florin Road,Sacramento,CA,95822
1665,NWC of Coral Springs Drive and Wiles Road,Coral Springs,FL,33076
1666,2750 & 2760 E. Main Street,Mesa,AZ,85213
1667,501 Liberty Road,Eldersburg,MD,21784
1668,1375 Piccard Dr,Rockville,MD,20850
1669,404 State Route 17 North,Paramus,NJ,07652
1670,5493 & 5500 South Cornell Avenue,Chicago,IL,60615
1671,2174 White Plains Road,The Bronx,NY,10462
1672,102 East 103rd Street,New York,NY,10029
1673,20632-20662 108th Avenue Southeast and 10820 Southeast 208th Street,Kent,WA,98031
1674,65 Kane Street,West Hartford,CT,06119
1675,62 Westbank Expressway,Gretna,LA,70053
1676,927-933 Flatbush Avenue,Brooklyn,NY,11226
1677,9480 South Dixie Highway,Miami,FL,33156
1678,1827 1st Avenue North,Birmingham,AL,35203
1679,3641 West College Avenue,Franklin,WI,53132
1680,30-220 Parkside Drive,Suffern,NY,10901
1681,11800 Tech Road,Silver Spring,MD,20904
1682,400 Main Street and 415 Salinas Street,Salinas,CA,93901
1683,2605 160th Street,Rosemount,MN,55068
1684,"200 North Mangum Street, 102 City Hall Plaza, 107 East Parrish Street",Durham,NC,27701
1685,12900 Willow Chase Drive,Houston,TX,77070
1686,13201 Ramona Boulevard,Irwindale,CA,91706
1687,"5880, 5890, 5930, 5960 and 5970 South Westnedge Avenue",Portage,MI,49002
1688,15240 Kittridge Street,Van Nuys,CA,91405
1689,13610 North Scottsdale Road,Scottsdale,AZ,85254
1690,1801 FM 1765,La Marque,TX,77568
1691,5810-6030 Santo Road,San Diego,CA,92124
1692,100 Stone Creek Drive,Marshall,TX,75672
1693,1482 West Queen Street,Hampton,VA,23669
1694,160 North Linden Avenue,Rialto,CA,92376
1695,165-171 Meserole Street,Brooklyn,NY,11206
1696,1035 Pleasant Street,Beloit,WI,53511
1697,7000 Empire Central Drive,Houston,TX,77040
1698,"120, 225 and 475 Simons Run",Lynchburg,VA,24502
1699,10520-80 SW 8th Street & 869-955 107th Avenue,Miami,FL,33174
1700,816 Winding Brook East Drive,Indianapolis,IN,46234
1701,1201 Cleveland Street,Denton,TX,76201
1702,11850 East Florence Avenue,Santa Fe Springs,CA,90670
1703,700 East Dayton Road,Ottawa,IL,61350
1704,2121 East Coast Highway,Corona Del Mar,CA,92663
1705,2791 E. Bidwell Street,Folsom,CA,95630
1706,83-33 Austin Street,Kew Gardens,NY,11415
1707,4400 Boone Road,Houston,TX,77072
1708,1008 - 1030 Mebane Oaks Road,Mebane,NC,27302
1709,125 Broad Street,New York,NY,10017
1710,712-724 Town Center Boulevard,Champaign,IL,61822
1711,950  Meridian Avenue,San Jose,CA,95125
1712,98-20 Metropolitan Avenue,Forest Hills,NY,11375
1713,123 Henry Street,Brooklyn,NY,11201
1714,1210 West Morena Blvd,San Diego,CA,92110
1715,7225 Bell Creek Road,Mechanicsville,VA,23111
1716,510 Douglas Avenue,Altamonte Springs,FL,32714
1717,8413 George Washington Memorial Highway,Yorktown,VA,23692
1718,8800 Universal Boulevard,Orlando,FL,32819
1719,5500 Merle Hay Road,Des Moines,IA,50322
1720,1655 and 1667 Irish Hill Drive,Biloxi,MS,39531
1721,4615 Fairmont Parkway,Pasadena,TX,77504
1722,6535 Youree Drive,Shreveport,LA,71105
1723,1006-1018 Marley Manor Drive and 691-695 Ramsey Court,Salisbury,MD,21804
1724,2220 Hewatt Road,Snellville,GA,30039
1725,7000 Arundel Mills Circle,Hanover,MD,21076
1726,1500 Concord Terrace,Sunrise,FL,33323
1727,12820 West Creek Parkway,Richmond,VA,23238
1728,3167 Van Buren Boulevard,Riverside,CA,92503
1729,770 Broadway,New York,NY,10003
1730,100 Redwood Drive,Oakdale,PA,15071
1731,775 South Mills Avenue,Claremont,CA,91711
1732,350 Columbiana Drive,Columbia,SC,29212
1733,8986-8988 Lorton Station Boulevard,Lorton,VA,22079
1734,1811-1842 Centre Point Circle,Naperville,IL,60563
1735,285 Pepper Tree Drive,Amherst,NY,14228
1736,2247 Ridge Avenue,Evanston,IL,60201
1737,80 Mill Road,Freeport,NY,11520
1738,3720 Steve Reynolds Boulevard,Atlanta,GA,30096
1739,7450 West Cheyenne Avenue,Las Vegas,NV,89149
1740,165 East 116th Street,New York,NY,10029
1741,10032 Sheffingdel Court,St. Louis,MO,63136
1742,6130-6160 Gender Road,Canal Winchester,OH,74560
1743,2000 Crescent Pointe Lane,Stafford,VA,22554
1744,4113 Riverdale Road,Riverdale,UT,84405
1745,624 U.S. Highway 301 Boulevard East,Bradenton,FL,34203
1746,4816 S. Laburnum Avenue,Richmond,VA,23231
1747,400 Industrial Parkway,Norwalk,OH,44857
1748,11090 SE Federal Highway,Hobe Sound,FL,33455
1749,141 North Manassas,Memphis,TN,38105
1750,1655 Buffalo Lake Road,Sanford,NC,27332
1751,3440 Symmes Road,Hamilton,OH,45015
1752,7996 Conroy Windermere Road,Orlando,FL,32835
1753,2975 Bowers Avenue,Santa Clara,CA,95051
1754,420 North Van Dorn Street,Alexandria,VA,22304
1755,3600 Green Court,Ann Arbor,MI,48105
1756,1800 NE 7th Avenue,Dania Beach,FL,33004
1757,6509-6549 Magellan Court,Sarasota,FL,34243
1758,15244-15248 West Sunset Boulevard,Pacific Palisades,CA,90272
1759,"2338, 2342, 2348, 2352, 2356 South Bradley Road",Santa Maria,CA,93455
1760,8450 West Charleston Blvd.,Las Vegas,NV,89117
1761,625 Deerfield Road,Deerfield,IL,60015
1762,3674 Middlebelt Road,Inkster,MI,48214
1763,850 Park Shore Drive & 3777 Tamiani Trail N.,Naples,FL,34103
1764,1432 Route 130,Cinnaminson,NJ,08077
1765,1523 Elizabeth Avenue,Charlotte,NC,28204
1766,2165 General Booth Boulevard,Virginia Beach,VA,23454
1767,8470 Gran Vista Drive,El Paso,TX,79907
1768,25421 Alta Loma,Lake Forest,CA,92630
1769,2077 North Main Street,West Bridgewater,MA,02379
1770,2240 Main Street,Chula Vista,CA,91911
1771,1001 Pacific Avenue,Tacoma,WA,98402
1772,"230, 240, 250 & 260 Garth Road",Scarsdale,NY,10583
1773,"12 Orchard Place, 20 Orchard Place, 28 Orchard Place, 138 Orchard Street, 39 Park Hill Avenue",Yonkers,NY,
1774,5155 Carmichael Road,Montgomery,AL,36106
1775,1720 South Depot Street,Santa Maria,CA,93458
1776,1421 N. Lee Trevino Drive,El Paso,TX,79936
1777,6196 Oxon Hill Road,Oxon Hill,MD,20745
1778,1405-1465 30th Street,San Diego,CA,92154
1779,280 Park Avenue,New York,NY,10017
1780,717 Nogales Street,Industry,CA,91748
1781,"16, 20 & 24 Park Avenue and 620 Plank Road",Clifton Park,NY,12065
1782,7420 & 7440 West Cactus Road,Peoria,AZ,85381
1783,302 University Drive,San Marcos,TX,78666
1784,12011 East Iliff Avenue,Aurora,CO,80014
1785,745 Constellation Place Drive Southwest,Huntsville,AL,35801
1786,1516 East Bethany Home Road,Phoenix,AZ,85012
1787,41 Whitehouse Drive,Greece,NY,14616
1788,21691 US Highway 160 West,Durango,CO,81301
1789,2000 South Frontage Road,Anchorage,AK,99501
1790,17103 Imperial Valley Drive,Houston,TX,77060
1791,300 Gateway Dr.,Mansfield,PA,16933
1792,6245 Wilson Mills Road,Highland Heights,OH,44143
1793,2611-2833 West Park Row Drive & 1112-1206 Bowen Road,Arlington,TX,76013
1794,1 Dillon Road,Hilton Head Island,SC,29926
1795,435 Smokey Park Highway,Asheville,NC,28806
1796,108 Richmond Green Drive,Richmond,KY,40475
1797,5741-5763 Stevenson Boulevard,Newark,CA,94560
1798,17 Battery Place North,New York,NY,10004
1799,1501 Innovation Boulevard,Hutto,TX,78634
1800,100 West Long Lake Road,Bloomfield Hills,MI,48304
1801,8755 Southpointe Boulevard,Fort Myers,FL,33919
1802,One New Haven Avenue,Milford,CT,06460
1803,8475 Castleton Corner Drive,Indianapolis,IN,46250
1804,1430 and 1480 Thieriot Avenue,Bronx,NY,10460
1805,666 Third Avenue,New York,NY,10017
1806,9301 Six Pines Drive,Spring,TX,77380
1807,4455 Panther Creek Pines,The Woodlands,TX,77381
1808,5417 Bay Road,Saginaw,MI,48604
1809,18260 Oak Park Drive,Abingdon,VA,24210
1810,5550 Peachtree Parkway,Peachtree Corners,GA,30092
1811,612-826 Southwest Amberwood Loop,Lake City,FL,32025
1812,5070 Valley View Boulevard,Roanoke,VA,24012
1813,811 East Armour Boulevard,Kansas City,MO,64109
1814,12912 Northeast 126th Place - 12509 130th Lane Northeast,Kirkland,WA,98034
1815,46703 Lakeview Boulevard,Fremont,CA,94538
1816,6035 South Transit Road,Lockport,NY,14094
1817,280 Wildwood Drive South,Branson,MO,65616
1818,838 15th Street,Santa Monica,CA,90403
1819,32 Asbury Avenue,Freehold,NJ,07728
1820,7025 Waite Drive,La Mesa,CA,91941
1821,1900 & 2000 South Randall Road,Geneva,IL,60134
1822,5361 Highway 280 South,Birmingham,AL,35242
1823,1125  Sheridan Ave,Chico,CA,95926
1824,100 & 120 South Harbor Boulevard,Santa Ana,CA,92704
1825,6635-6665 Belair Rd,Baltimore,MD,21206
1826,NWC of Indian School Road and 43rd Avenue,Phoenix,AZ,85031
1827,971 East Lancaster Avenue,Downingtown,PA,19335
1828,420 West Kennett Road,Pontiac,MI,48340
1829,74-110 Commerce Way,Woburn,MA,01801
1830,16588 Bernardo Center Drive,San Diego,CA,92128
1831,1200 North Main Street,Bishop,CA,93514
1832,2405-2505 East Tropicana Avenue,Las Vegas,NV,89121
1833,2105 South Boulevard West,Troy,MI,48098
1834,11333 Whittier,Detroit,MI,48224
1835,221 South Franklin Road,Indianapolis,IN,46219
1836,175 East Town Street,Columbus,OH,43215
1837,117 South 17th Street,Philadelphia,PA,19103
1838,40675 West Honeycutt Road,Maricopa,AZ,85138
1839,1172 Milford Church Road,Atlanta,GA,30060
1840,1900 East Bessemer Avenue,Greensboro,NC,27405
1841,15400 National Avenue,Los Gatos,CA,95032
1842,745 Constellation Place Drive Southwest,Huntsville,AL,35801
1843,5914 West High Street,Portsmouth,VA,23703
1844,25469 Borough Park Drive,Spring,TX,77380
1845,1944 West Thunderbird Road,Phoenix,AZ,85023
1846,97 Quintard Street,Staten Island,NY,10305
1847,"717, 719, 721 St. Paul Street",Baltimore,MD,21202
1848,"782-786 West End Avenue, a/k/a 261-267 West 98th Street",New York,NY,10025
1849,259 Route 9 West,Congers,NY,10920
1850,6119 White Horse Road,Greenville,SC,29611
1851,81 and 91 Shaker Heights Drive,Monticello,NY,12701
1852,3501-3539 West Bell Road,Phoenix,AZ,85053
1853,1669 and 1675 Brandywine Avenue,Chula Vista,CA,91911
1854,355 Route 111,Smithtown,NY,11787
1855,5200 East Lancaster Avenue,Fort Worth,TX,76112
1856,9350 South 150 East,Sandy,UT,84070
1857,900 East Expressway Lane,Spanish Fork,UT,84660
1858,91 Cabernet Parkway,Reno,NV,89512
1859,7546 Garners Ferry Road,Columbia,SC,29209
1860,2020 Plantation Drive,Conroe,TX,77301
1861,6140 University Drive NW,Huntsville,AL,35806
1862,566-582 Prairie Center Drive,Eden Prairie,MN,55344
1863,15031 West 138th,Olathe,KS,66061
1864,715 Washington Drive,Arlington,TX,76011
1865,6350 Greene Street and 6347-51 Greene Street,Philadelphia,PA,19144
1866,Detroit and Crocker Roads,Westlake,OH,44145
1867,1725 West Filmore Avenue,Harlingen,TX,78550
1868,15920-16006 Los Gatos Boulevard,Los Gatos,CA,95032
1869,1433 Collins Avenue,Miami Beach,FL,33139
1870,27403-27537 Jefferson Avenue,Temecula,CA,92590
1871,1514 Northwest 52nd Street,Seattle,WA,98107
1872,371 Hoes Lane,Piscataway,NJ,08854
1873,400 East Ridgeville Boulevard,Mount Airy,MD,21771
1874,6950 Phillips Highway,Jacksonville,FL,32216
1875,17222 Armstrong Ave.,Irvine,CA,92614
1876,200 Andover Park East,Tukwila,WA,98188
1877,1201 Avenue J East,Grand Prairie,TX,75050
1878,288 Quality Drive,Mocksville,NC,27028
1879,2310 Village Square Parkway,Orange Park,FL,32003
1880,12413-12421 Willows Road NE,Kirkland,WA,98034
1881,12920 Indian School Road Northeast and 13114 Constitution Avenue Northeast,Albuquerque,NM,87112
1882,1375 River Road,Edgewater,NJ,07020
1883,"12450, 12500, 12600, & 12650 East Arapahoe Road",Centennial,CO,80112
1884,7803 Afton Road,Woodbury,MN,55125
1885,2101 21st Avenue South,Minneapolis,MN,55404
1886,881 West Baker St.,Costa Mesa,CA,92626
1887,6704 Ritchie Highway,Glen Burnie,MD,21061
1888,15335 Park Row,Houston,TX,77084
1889,90 North Buena Vista Street,Newark,OH,43055
1890,34 East Main Street,New Kingstown,PA,17072
1891,415 South Federal Highway,Deerfield Beach,FL,33441
1892,"1865, 1875 and 1890 Ord Way",Oceanside,CA,92056
1893,22601 Pacific Coast Highway,Malibu,CA,90265
1894,24901 West Pico Canyon Road,Santa Clarita,CA,91381
1895,4709 - 4711 Golf Road,Skokie,IL,60076
1896,5010 Buffalo Rd,Erie,PA,16510
1897,17373-17383 Sunset Boulevard,Pacific Palisades,CA,90272
1898,918-922 South Missouri Avenue,Clearwater,FL,33765
1899,1880 Broadway,New York,NY,10023
1900,10000 San Pedro,San Antonio,TX,78216
1901,1801 Varsity Drive,Raleigh,NC,27606
1902,172 5th Avenue,New York,NY,10010
1903,555 Bronx River Road and 108 Crescent Place,Yonkers,NY,10704
1904,71 Prospect Avenue,Hudson,NY,12534
1905,2295-2335 South Lindsay Road; 870-884 East Williams Field Road,Gilbert,AZ,85295
1906,1417 Golden Gate Blvd.,Mayfield Heights,OH,44124
1907,3741 West Chapman Avenue,Orange,CA,92868
1908,350 Manhattan Avenue,Brooklyn,NY,11211
1909,8655 Pitner Road,Houston,TX,77080
1910,3900 Carson Street,Evans,CO,80620
1911,2950 Spring Hill Avenue,Mobile,AL,36607
1912,4600 Edges Mill Road,Downingtown,PA,19335
1913,1302-1316 Montana Avenue,Santa Monica,CA,90403
1914,1735 Keller Springs Road,Carrollton,TX,75006
1915,695 North 900 West,Kaysville,UT,84037
1916,13811 North Tatum Boulevard,Phoenix,AZ,85254
1917,328 Greenwood Street,Worcester,MA,01607
1918,360 & 400 N. Hollywood Way,Burbank,CA,91505
1919,2020 Ashby Road,Merced,CA,95348
1920,6065 Northwest Loop 410,San Antonio,TX,78238
1921,4300 Norbrook Drive,Louisville,KY,40218
1922,3700 Kingwood Drive,Kingwood,TX,77339
1923,620 West Edmond Road,Edmond,OK,73003
1924,101 Leeward Lane,Hampstead,NC,28443
1925,13519 Yukon Avenue,Hawthorne,CA,90250
1926,148-150 2nd Avenue North,Nashville,TN,37201
1927,"4323,4265,4281,4151 45th St",Fargo,ND,58104
1928,40 West 40th Street,New York,NY,10018
1929,107-109-111 North 9th Street,Brooklyn,NY,11249
1930,420 Feheley Drive,King Of Prussia,PA,19406
1931,9661-9669 N Central Expressway,Dallas,TX,75231
1932,14200 - 18 1/2 Mile Road,Marshall,MI,49068
1933,7803 West Deschutes Avenue,Kennewick,WA,99336
1934,1725 Massey Tompkins Road,Baytown,TX,77521
1935,1628 Woodcrest Drive,Daytona Beach,FL,32119
1936,"11048, 11052, 11054 and 11056 Shady Trail",Dallas,TX,75229
1937,530  532  534 Fellowship Road,Mt. Laurel,NJ,08054
1938,12040 N. 35th Avenue,Phoenix,AZ,85029
1939,13847 Walsingham Road,Largo,FL,33774
1940,2135 N. Federal Hwy (Route 1),Pompano Beach,FL,33062
1941,6085 Pegasus Drive,Riverside,CA,92503
1942,11625 Fox Road,Indianapolis,IN,46236
1943,250 South Penn Street,Allentown,PA,18102
1944,1299 West High Avenue,New Philadelphia,OH,44663
1945,921 Fahrenbrook Court,Madison,WI,53715
1946,4302 South Sugar Road,Edinburg,TX,78539
1947,4201 Lake Cook Road,Northbrook,IL,60062
1948,5550 Abbey Drive,Lisle,IL,60532
1949,5800-6300 Melody Lane,Miami Township,OH,45150
1950,6955 South 13th Street,Oak Creek,WI,53154
1951,1200 102nd Avenue North,St. Petersburg,FL,33716
1952,3115 Camino Del Rio Court,Bakersfield,CA,93308
1953,220 Gateway Center Boulevard,Brunswick,GA,31525
1954,2900 Sunridge Heights Parkway,Henderson,NV,89052
1955,220 Montgomery Street and 333 Pine Street,San Francisco,CA,94104
1956,16535 Southwest Freeway,Sugar Land,TX,77479
1957,13921 Highway 105 West,Conroe,TX,77304
1958,1712 Pearl Street,Boulder,CO,80302
1959,271 Sun Way,Salinas,CA,93901
1960,6003 Abrams Road,Dallas,TX,75231
1961,8865-8871 Brecksville Road,Brecksville,OH,44141
1962,618 W. Old US Hwy 90,San Antonio,TX,78237
1963,7001 Hillcroft,Houston,TX,77057
1964,20255 Corisco Street,Chatsworth,CA,91311
1965,"900 & 904 Lincoln Road, 1626 & 1630 Jefferson Avenue",Miami Beach,FL,33139
1966,930 Flushing Avenue,Brooklyn,NY,11206
1967,521 East Main Street,Sanford,NC,27331
1968,227-265 Mt. Hermon Road,Scotts Valley,CA,95066
1969,1302 Green Street Southeast,Conyers,GA,30012
1970,37-51 86th Street,Jackson Heights,NY,11372
1971,401 West Seminole Boulevard,Sanford,FL,32771
1972,2569-2617 North US Highway 27,LaFayette,GA,30728
1973,300 West Ohio Avenue,Richmond,CA,94804
1974,10511 Lindley Avenue,Northridge,CA,91326
1975,3000 County Road 94,Pearland,TX,77584
1976,650 East 3rd Street,Whitefish,MT,59937
1977,1248 St. Andrews Rd.,Columbia,SC,29210
1978,520 128th Street S.W.,Everett,WA,98204
1979,1201 South Walton Boulevard,Bentonville,AR,72712
1980,1735 U.S. Route 9,Clifton Park,NY,12065
1981,2098 West Highway 20,Mcdonough,GA,30253
1982,600 North Cotner Boulevard,Lincoln,NE,68505
1983,1705 Jenkins Road,Pasadena,TX,77506
1984,13011 McCallen Pass,Austin,TX,78753
1985,502 North Dupont Street,Wilmington,DE,19805
1986,50 Mays Landing Road,Somers Point,NJ,08244
1987,10850 Beach Blvd,Stanton,CA,90680
1988,6615 Southwest Archer Road,Gainesville,FL,32608
1989,6301 Beach Boulevard & 6280 Manchester Boulevard,Buena Park,CA,90621
1990,210 South Monarch Street,Aspen,CO,81611
1991,"1750 H Street, N.W.",Washington,DC,20006
1992,2900-3100 Highlands Parkway,Smyrna,GA,30080
1993,121 Moving Center Ct,Madison,TN,37115
1994,1209 West Battlefield,Springfield,MO,65807
1995,9375 Poplar Avenue,Germantown,TN,38138
1996,4937 West Myrtle Avenue,Glendale,AZ,85301
1997,2750 FM 1463,Katy,TX,77494
1998,1034 Second Street Pike,Richboro,PA,18954
1999,2149 Old Thompson Bridge Road,Gainesville,GA,30501
2000,200 Varick Street,New York,NY,10014
2001,4550 La Jolla Village Drive,San Diego,CA,92122
2002,2000 York Road,Oak Brook,IL,60521
2003,1020 Research Parkway,Meriden,CT,06450
2004,47 Bluebird Hill Drive,Orion,MI,48359
2005,701 North Post Oak Road,Houston,TX,77024
2006,1437 Central Avenue,Memphis,TN,38104
2007,300 Duffy Avenue,Hicksville,NY,11801
2008,16210 Old Denver Road,Monument,CO,80132
2009,38719-38729 10th Street East,Palmdale,CA,93550
2010,1011-1071 Market Street,San Diego,CA,92101
2011,15502 Old Galveston Rd.,Houston,TX,77598
2012,3 East 69th Street,New York,NY,10021
2013,601 Passaic Avenue,West Caldwell,NJ,07006
2014,5130 East Ponce de Leon Avenue,Stone Mountain,GA,30083
2015,272 West Bay Avenue,Norfolk,VA,23503
2016,8-192 West Gartner Road,Naperville,IL,60540
2017,94-849 Lumiaina Street,Waipahu,HI,96797
2018,7701 Southern Drive,Springfield,VA,22150
2019,60 Wall Street,New York,NY,10005
2020,121 W. Phillips Blvd.,Pomona,CA,91766
2021,337 Lafayette Street,New York,NY,10012
2022,4901-5011 North McColl Road,Mcallen,TX,78504
2023,621 Memorial Drive,Red Bank,TN,37415
2024,5450 Timber Creek Place Drive,Houston,TX,77084
2025,605 Anita Street,Chula Vista,CA,91911
2026,449 South Broadway,Los Angeles,CA,90013
2027,2651-2675 Irvine Avenue,Costa Mesa,CA,92627
2028,11501 Biscayne Blvd.,North Miami,FL,33181
2029,800 Southpark Boulevard,Colonial Heights,VA,23834
2030,3803 Venture Drive,Duluth,GA,30096
2031,12861 West Street,Garden Grove,CA,92640
2032,825-829 Hartford Turnpike Route 85,Waterford,CT,06785
2033,1075 Seven Lakes Drive,West End,NC,27376
2034,406 1/2 Sunrise Avenue,Roseville,CA,95661
2035,1000 Antietam Creek Drive,Fayetteville,NC,28303
2036,18546 Roscoe Boulevard,Northridge,CA,91324
2037,1705 North Dixie Avenue,Elizabethtown,KY,42701
2038,9900 West Innovation Drive,Wauwatosa,WI,53226
2039,Three Davol Square,Providence,RI,02903
2040,3251 Stanford Ranch Road,Rocklin,CA,95765
2041,5600 Avenida Encinas,Carlsbad,CA,92008
2042,3225 S. Nellis Boulevard,Las Vegas,NV,89121
2043,2312-2372 East Stop Eleven Road,Indianapolis,IN,46227
2044,1241 & 1409 Frederick Boulevard,Portsmouth,VA,23707
2045,29 Prince Street,New York,NY,10012
2046,430 West 30th Street,National City,CA,91950
2047,240 Crossways Park West,Woodbury,NY,11797
2048,7672-7746 Edinger Avenue,Huntington Beach,CA,92647
2049,6700-7080 Southwest Nyberg Street,Tualatin,OR,97062
2050,49 Blanca Lane,Watsonville,CA,95076
2051,116 Henwood Place,Bronx,NY,10453
2052,26200 Hollywood Court,Santa Clarita,CA,91355
2053,600 East Broad Street,Richmond,VA,23219
2054,1613 Gorman Street,Raleigh,NC,27606
2055,18100-18500 Wedge Parkway,Reno,NV,89511
2056,2301 North Broadway Street and 800 North Davidson Street,Greensburg,IN,47240
2057,10908 West Fairview Avenue,Boise,ID,83713
2058,7474 Corporate Boulevard,Baton Rouge,LA,70809
2059,2001 North Elston Avenue,Chicago,IL,60614
2060,400 Timothy Road,Athens,GA,30606
2061,1604 Monroe Ave SW,Birmingham,AL,35211
2062,Warrenville Road,Middlesex,NJ,08846
2063,500 Holiday Plaza Drive,Matteson,IL,60443
2064,1665 Oak Tree Road,Edison,NJ,08820
2065,6 Lee Boulevard,Malvern,PA,19355
2066,3801 W. Gandy Boulevard,Tampa,FL,33611
2067,3179 West Temple Avenue,Pomona,CA,91768
2068,3200 Pennsylvania Avenue SE,Washington,DC,20020
2069,3900 Foothill Boulevard,La Crescenta,CA,91214
2070,700 Hickory Drive,Huntsville,TX,77340
2071,9150 and 9155 South Dadeland Boulevard,Miami,FL,33156
2072,161 Court Street,Brooklyn,NY,11201
2073,118 Britain Street,Santee,SC,29142
2074,1134 and 1138 East Park Avenue,Port Angeles,WA,98362
2075,16 West Wasson Road,Amboy,IL,61310
2076,7110 Forest Avenue,Richmond,VA,23226
2077,3134 North Clark Street,Chicago,IL,60657
2078,"300, 302, 312 & 314 South State Street",Ann Arbor,MI,48104
2079,25 South Grady Way,Renton,WA,98055
2080,946 Orleans Road,Charleston,SC,29407
2081,19560 Amaranth Drive,Germantown,MD,20874
2082,1805 West State of Franklin Road,Johnson City,TN,37604
2083,18350 Northwest 7th Avenue,Miami Gardens,FL,33169
2084,1280 North Main Street,Manteca,CA,95336
2085,263 Skillman Street,Brooklyn,NY,11205
2086,5474 - 5500 St. Barnabas Road,Oxon Hill,MD,20745
2087,57 Littlefield Street,Avon,MA,02322
2088,720 Monroe Street,Hoboken,NJ,07030
2089,112 Charlton Street,New York,NY,10014
2090,6264-6310 Stockton Boulevard,Sacramento,CA,95824
2091,924 25th Street NW,Washington,DC,20037
2092,1030 South Main Street,Kernersville,NC,27284
2093,902 Dixieland Road,Harlingen,TX,78552
2094,6639 Forest Hill Avenue,Gloucester,VA,23061
2095,3041 Sunrise Boulevard,Rancho Cordova,CA,95742
2096,9785 Maroon Circle,Englewood,CO,80112
2097,1510 Nob Lane,Pontiac,MI,48340
2098,13760 North 93rd Avenue,Peoria,AZ,85381
2099,902 Columbia Avenue,Riverside,CA,92507
2100,11317-11375 Big Bend Road,Riverview,FL,33569
2101,9105 West Sam Houston Parkway North,Houston,TX,77064
2102,10240 Westminster Blvd,Garden Grove,CA,92843
2103,11847 Spears Road,Houston,TX,77067
2104,2200 First Avenue South,Seattle,WA,98134
2105,300 Jackson Plaza,Ann Arbor,MI,48103
2106,9700 West 51st Place,Arvada,CO,80002
2107,5624 14th Street West,Bradenton,FL,34207
2108,645-655 Rossville Avenue,Staten Island,NY,10309
2109,12280 Lake Underhill Road,Orlando,FL,32825
2110,120 Camaron Street,San Antonio,TX,78205
2111,20880 Stone Oak Parkway,San Antonio,TX,78258
2112,3405 South 176 St,Seattle,WA,98188
2113,997-998 Kennedy Boulevard,Orlando,FL,32907
2114,2058 South Independence Boulevard,Virginia Beach,VA,23453
2115,13643 Southwest Electric Street,Beaverton,OR,97005
2116,1440-1456 Boston Post Road,Larchmont,NY,10538
2117,2408 N. Philadelphia Ave. (Coastal Highway),Ocean City,MD,21842
2118,405 Silverside Road,Wilmington,DE,19809
2119,352 University Avenue,Palo Alto,CA,94301
2120,1936 Farm to Market 2722,New Braunfels,TX,78132
2121,18440  Hatteras Street,Tarzana,CA,91356
2122,2405 Shadelands Drive,Walnut Creek,CA,94598
2123,1000 West Washington Boulevard,Chicago,IL,60607
2124,5150 West Eugie Avenue,Glendale,AZ,85304
2125,10 The Promenade,Edgewater,NJ,07020
2126,"44 Broad Street, Northwest",Atlanta,GA,30303
2127,4265-4273 North Interstate Highway 35,Lacy-Lakeview,TX,76705
2128,5905-6005 Trail Avenue NE,Keizer,OR,97303
2129,4571 Lower River Road,Grants Pass,OR,97526
2130,"1149, 1175 and 1191 University Drive",Burlington,NC,27215
2131,3110 Knights Road,Bensalem,PA,19020
2132,1301 Washington Avenue,Golden,CO,80401
2133,7106-7120 Broadway,Merrillville,IN,46410
2134,103 Gedney Street,Nyack,NY,10960
2135,50 West 72nd Street,New York,NY,10023
2136,401 and 415 E. Rolling Oaks Drive,Thousand Oaks,CA,91361
2137,100 Route 59,Ramapo,NY,10901
2138,7550 & 7676 South Westmoreland Road,Dallas,TX,75237
2139,9850 Whitehurst Drive,Dallas,TX,75243
2140,2901 Crowne Ridge Drive,Birmingham,AL,35243
2141,600 Winter Street,Waltham,MA,02154
2142,7762 Beach Boulevard,Buena Park,CA,90620
2143,550 International Parkway,Lake Mary,FL,32746
2144,2757 Shell Beach Road,Pismo Beach,CA,93449
2145,7810-7930 Norwalk Boulevard and 11125-11233 Washington Boulevard,Santa Fe Springs,CA,90606
2146,18707 Studebaker Road,Cerritos,CA,90701
2147,3159 Route 9 South,Rio Grande,NJ,08242
2148,3572 Iroquois Road,Caledonia,NY,14423
2149,7916 Harris Hill Lane,Charlotte,NC,28269
2150,17 Battery Place,New York,NY,10004
2151,36-58 Dahill Road,Brooklyn,NY,11218
2152,139 Fifth Avenue,New York,NY,10010
2153,1152-1200 North Buckner Boulevard,Dallas,TX,75218
2154,466- 482 West Ray Road,Chandler,AZ,85225
2155,6405 East Pacific Coast Highway,Long Beach,CA,90803
2156,8409 Dorchester Road,North Charleston,SC,29420
2157,422 Mystic Avenue,Somerville,MA,02143
2158,88 - 210 Highlands Square Drive,Hendersonville,NC,28792
2159,101 East Lake Mead Parkway,Henderson,NV,89015
2160,7013 Brandemere Lane,Winston-Salem,NC,27106
2161,1203 US Highway 190,Covington,LA,70433
2162,60-70 Broadway,San Francisco,CA,94111
2163,120 State Road 100,Keystone Heights,FL,32656
2164,600 Greenville Boulevard Southeast,Greenville,NC,27858
2165,3322 Hudson Avenue,Union City,NJ,07087
2166,20240 and 20244 Reed Lane,Bend,OR,97702
2167,1800 North Mason Road,Katy,TX,77449
2168,4585 Electronics Place,Los Angeles,CA,90039
2169,2099 E. Florida Avenue,Hemet,CA,92544
2170,2110-2160 Farnon Court,Colorado Springs,CO,80906
2171,8864 United Lane,Athens,OH,45701
2172,1875-1895 West Commercial Boulevard,Ft. Lauderdale,FL,33309
2173,1601-1605 Southeast Road,"Newington, West Hartford",CT,06111
2174,313 1/2 Worth Avenue,Palm Beach,FL,33480
2175,1830 Park Lane South,Jupiter,FL,33458
2176,129-189 Mitchells Chance Road,Edgewater,MD,21037
2177,23634-23882 Hesperian Blvd. and 969-975 Winton Avenue,Hayward,CA,94545
2178,601 Louis Henna Boulevard,Round Rock,TX,78664
2179,519 Bloomfield Avenue,Caldwell,NJ,07006
2180,7801 Abercorn Street,Savannah,GA,31406
2181,Headquarters Drive & Governor Ritchie Hwy,Millersville & Severna Park,MD,
2182,175 Addison Road,Windsor,CT,06095
2183,5070-5118 Jonestown Road,Harrisburg,PA,17112
2184,600 East Broad Street,Richmond,VA,23219
2185,200 South Beachview Drive,Jekyll Island,GA,31527
2186,1148 East Oglethorpe Highway,Hinesville,GA,31313
2187,7101 South Bridge Drive,Sergeant Bluff,IA,51054
2188,4301 North MacArthur Boulevard,Irving,TX,75038
2189,2515 12th Avenue Northeast,Hickory,NC,28601
2190,2 Primrose Lane,Brunswick,ME,04011
2191,840 North Broadway,Everett,WA,98201
2192,3626 Colonial Court,Fort Myers,FL,33913
2193,"205, 215, 225 & 235 North Street",New Britain,CT,06051
2194,12190 Inwood Road,Dallas,TX,75244
2195,9270 East Bay Harbor Drive,Bay Harbor Islands,FL,33154
2196,6226 S. Pacific Coast Hwy,Redondo Beach,CA,90277
2197,1480 East Main Street,Wytheville,VA,24382
2198,5770-5780 Uplander Way,Culver City,CA,90230
2199,26100 Gading Road,Hayward,CA,94544
2200,2801 23rd Avenue Southwest,Fargo,ND,58103
2201,1200 Mallard Creek Church Road,Charlotte,NC,28262
2202,625 Main Street,Reading,MA,08167
2203,888 Bestgate Road,Annapolis,MD,21401
2204,NWC Route 59 & Stearns Road,Bartlett,IL,60103
2205,2165 Matthews Avenue,Bronx,NY,10462
2206,506 N. Miller Valley Road,Prescott,AZ,86301
2207,4079 Executive Parkway,Westerville,OH,43081
2208,6001 Westline Drive,Houston,TX,77036
2209,8815 Dyer Street,El Paso,TX,79904
2210,West Side of Stevens Street between Washington Avenue & Douglas Street,Roseburg,OR,97470
2211,3780 - 3788 Fabian Way,Palo Alto,CA,94303
2212,11130 Lomas Blvd.,Albuquerque,NM,87112
2213,2200 Gambell Street,Anchorage,AK,99503
2214,222 High Street,Newton,NJ,07860
2215,401 Market Street / 101 North Independence Mall,Philadelphia,PA,19106
2216,143 Sound Beach Ave,Old Greenwich,CT,06870
2217,917 West Dakin Street,Chicago,IL,60613
2218,2785 Lee Road,Lithia Springs,GA,30122
2219,6627-6709 Century Avenue,Middleton,WI,53562
2220,5310-5378 Rosecrans Ave.; 14351 & 14401 Hindry Ave,Hawthorne,CA,90250
2221,2566 Goliad Road,San Antonio,TX,78233
2222,500 West Park Lane,Hampton,VA,23666
2223,20273 South State Road 7,Boca Raton,FL,33498
2224,2455 Leechburg Road,New Kensington,PA,15068
2225,100 West Prospect Street,Combined Locks,WI,54113
2226,125-131 Kings Highway North,Westport,CT,06880
2227,1771 NW Maynard Road and 111 James Jackson Avenue,Cary,NC,27513
2228,2121 Marsh Lane,Carrollton,TX,75006
2229,1840 North Clybourn Avenue,Chicago,IL,60614
2230,2350 Green Mountain Drive,Branson,MO,65616
2231,57 Thompson Street,New York,NY,10012
2232,5601 N. Lovers Lane Rd,Milwaukee,WI,53225
2233,1850 Southwest Fountainview Boulevard,Port St. Lucie,FL,34986
2234,8439 West Sunset Boulevard,West Hollywood,CA,90069
2235,128-146 Wayne Place Southeast & 166-168 Mississippi Avenue Southeast,Washington,DC,20032
2236,6000 Palmetto Place,Fort Mill,SC,29708
2237,6820 West Ann Road,Las Vegas,NV,89130
2238,161 Ballantyne Road,Syracuse,NY,13205
2239,2205 Hollywood Avenue,Shreveport,LA,71108
2240,22-26 Northeast Drive,Derry Township,PA,17033
2241,1011 FM 1489 Road,Brookshire,TX,77423
2242,6781-6845 East Highway 36,Avon,IN,46123
2243,110 James Drive East,Saint Rose,LA,70087
2244,12155 North Oracle Road,Oro Valley,AZ,85737
2245,3021 North 39th Street,Phoenix,AZ,85018
2246,100-228 RHL Boulevard,South Charleston,WV,25309
2247,604 Locust Street,Des Moines,IA,50309
2248,3303 North Midkiff Road,Midland,TX,79705
2249,1803 Woodland Park Drive,Layton,UT,84041
2250,2248-2272 Mt. Zion Road,Jonesboro,GA,30260
2251,24040 Groesbeck Highway,Warren,MI,48089
2252,8816 Old Greensboro Road,Tuscaloosa,AL,35405
2253,11 Madison Avenue,New York,NY,10010
2254,639 South Canal Street,Natchez,MS,39120
2255,647 Route 18 and 130 Summerhill Road,East Brunswick,NJ,08816
2256,300 Clubhouse Lane,Hunt Valley,MD,21031
2257,2607 East Rome Road,Chillicothe,IL,61523
2258,13134 Dairy Ashford,Sugar Land,TX,77478
2259,2112 E. 4th Street,Santa Ana,CA,92705
2260,"1805 North Tifton Avenue, 1401 North Tifton Avenue",Tifton,GA,31794
2261,731 North Saint Andrews Place,Los Angeles,CA,90038
2262,"Northpoint Center, 1929 NE Pine Island Road",Cape Coral,FL,33909
2263,9950 Kleckley Street,Houston,TX,77075
2264,6701-6715 Electronic Drive,Springfield,VA,22151
2265,6209-6215 (JFK) Boulevard East,West New York,NJ,07093
2266,1301 Meadow Creek Drive,Irving,TX,75038
2267,2561 Fassitt Road,North Charleston,SC,29406
2268,920-1070 North Mountain Avenue,Ontario,CA,91762
2269,1460 Bethlehem Place,North Wales,PA,19454
2270,320 North Clark Dr,El Paso,TX,79905
2271,5000 Southeast 183rd Avenue Road,Ocklawaha,FL,32179
2272,3435 Webb Chapel Extension,Dallas,TX,75220
2273,"33, 35-43 and 47 Bow Street",Portsmouth,NH,03801
2274,247 West 35th Street,New York,NY,10001
2275,314 Livingston Avenue,Mamaroneck,NY,10543
2276,1723 E. Florida,Springfield,MO,65803
2277,620-696 Blossom Hill Road,San Jose,CA,95123
2278,1001 and 1007 Memorial Road,Houghton,MI,49931
2279,10105-10463 Southern Boulevard,Royal Palm Beach,FL,33411
2280,4304 Austin Bluffs Parkway,Colorado Springs,CO,80918
2281,10550 S. Cicero Avenue,Oak Lawn,IL,60453
2282,4500 South State Street,Indianapolis,IN,46227
2283,11457 Dennis Road,Dallas,TX,75229
2284,1322 Space Park Drive,Nassau Bay,TX,77032
2285,5391-5497 Moreno Drive,Montclair,CA,91423
2286,14511 Golden Garden Parkway,Chester,VA,23836
2287,1402-1404 Fannidella Drive,Carrollton,TX,75006
2288,630 Victory Boulevard,Staten Island,NY,10301
2289,1 South Dearborn Street,Chicago,IL,60603
2290,1000 Village Greenway,Cary,NC,27511
2291,1455 Washington Boulevard,Stamford,CT,06902
2292,3717 Las Vegas Boulevard South,Las Vegas,NV,89109
2293,3140 Pleasant Avenue South,Minneapolis,MN,55408
2294,700 Central Expressway South,Allen,TX,75013
2295,56579-56619 Van Dyke Avenue and 7568-7764 26 Mile Road,Shelby Township,MI,48316
2296,1 New Hampshire Avenue,Portsmouth,NH,03801
2297,5 South 16th Avenue,Mount Vernon,NY,10550
2298,"200, 210 and 220 Athens Way",Nashville,TN,37228
2299,2430 Cromwell Circle,Austin,TX,78741
2300,17800 Castleton Street,City Of Industry,CA,91784
2301,1880 Whittier Avenue,Costa Mesa,CA,92627
2302,1150 Chase Street,Athens,GA,30601
2303,2710 South Nelson Street,Arlington,VA,22206
2304,5440 Downing Street,Alexandria,LA,71303
2305,8410 W. Bartel Road,Houston,TX,77054
2306,2354 Hamburg Turnpike,Wayne,NJ,07470
2307,17069 South Dupont Highway,Harrington,DE,19952
2308,112 Town Park Drive,Kennesaw,GA,30144
2309,8492 Manatee Bay Drive,Tampa,FL,33635
2310,SWC Thousand Oaks & Westlake Blvds.,Westlake Village,CA,91362
2311,10125 Rt 16 & Martin Road,Machias,NY,14042
2312,4320 26th Street West,Bradenton,FL,34205
2313,14091 East Lliff Avenue,Aurora,CO,80014
2314,7 Dorchester Drive,Pittsburgh,PA,15241
2315,2203 East Oakland Avenue,Bloomington,IL,61701
2316,12901 Jefferson Parkway,Baton Rouge,LA,70816
2317,3845 Bayshore Road,Lower Township,NJ,08204
2318,8 and 11 Turtle Creek Lane,East Hartford,CT,06108
2319,1991 Main Street,Sarasota,FL,34236
2320,5071 & 5073 FM 2673,Canyon Lake,TX,78133
2321,112 & 114 Town Park Drive,Kennesaw,GA,30144
2322,3216 South Glen Ave,Glenwood Springs,CO,81601
2323,2450-2500 Westfield Drive,Elgin,IL,60124
2324,22351-22461 Antonio Parkway,Rancho Santa Margarita,CA,92688
2325,1400 Boston Post Road,Milford,CT,06460
2326,901 Shaker Road,Longmeadow,MA,01106
2327,9990 Front Beach Road,Panama City Beach,FL,32407
2328,7040 Jonesboro Road,Morrow,GA,30260
2329,10050 West Bell Road,Sun City,AZ,85351
2330,2311 Lake Park Drive,Albany,GA,31707
2331,32-184 West Parrish Lane,Centerville,UT,84014
2332,2 Fountain Plaza,Buffalo,NY,14202
2333,2715 Fern Valley Road,Louisville,KY,40213
2334,600 Washington Avenue,Towson,MD,21204
2335,8787 Reeder Road,Overland Park,KS,66214
2336,630 South Rancho Drive,Las Vegas,NV,89106
2337,"401-444 Liberty Avenue, 603 Stanwix Street, 420 Fort Duquesne Boulevard",Pittsburgh,PA,15222
2338,"3136, 3140 and 3146 North Stockton Hill Road",Kingman,AZ,86401
2339,620 East Vienna Ave,Milwaukee,WI,53212
2340,1101 West Main Street,League City,TX,77573
2341,1250 South Moorland Road,Brookfield,WI,53005
2342,1007 Church Street,Evanston,IL,60201
2343,294-306A Harvard Street,Brookline,MA,02146
2344,3737 Murphy Canyon Road,San Diego,CA,92123
2345,1 Sunflower Drive,Bohemia,NY,11716
2346,408 Abner Road,Spartanburg,SC,29301
2347,570 Daniel Webster Highway,Merrimack,NH,03054
2348,1875 N.W. 167th St.,Opa Locka,FL,33056
2349,7711 East Pleasant Valley Road,Independence,OH,44131
2350,400 Bald Hill Road,Warwick,RI,02886
2351,6175 Old National Highway,Atlanta,GA,30349
2352,20741 Bruce B. Downs Blvd,Tampa,FL,33647
2353,18712 North Village Center,Hagerstown,MD,21742
2354,125 Lattimore Road,Rochester,NY,14620
2355,405 West Rudasill Road,Tucson,AZ,85704
2356,1500 Industry Street,Everett,WA,98203
2357,2315-2325 Dean Street,Saint Charles,IL,60175
2358,258-262 Union Ave.,Framingham,MA,01702
2359,282-336 US Highway 6,Dillon,CO,80435
2360,500 Loveridge Circle,Pittsburg,CA,94565
2361,20655 Soledad Canyon Road,Santa Clarita,CA,91351
2362,48 East Broadway,Derry,NH,03038
2363,13575 Midlothian Turnpike,Midlothian,VA,23113
2364,9616-9879 Fremont Pike,Rossford,OH,43460
2365,5601 East Ramon Road,Palm Springs,CA,92264
2366,15715 US Highway 36,Marysville,OH,43040
2367,5169 Harvey Street,Norton Shores,MI,49444
2368,3919 Madison Avenue,Indianapolis,IN,46227
2369,1200 Garden View Road,Encinitas,CA,92024
2370,8 Sound Shore Drive,Greenwich,CT,06830
2371,23077 Greenfield Road,Southfield,MI,48075
2372,12750 Alameda Parkway,Lakewood,CO,80228
2373,99551 Overseas Highway,Key Largo,FL,33037
2374,4848 East Roosevelt Street,Phoenix,AZ,85008
2375,55 Railroad Avenue,Greenwich,CT,06830
2376,2321 Lincoln Highway East (US Highway 30),Lancaster,PA,17602
2377,9220 Lake Otis Parkway,Anchorage,AK,99507
2378,4480 Willow Road,Pleasanton,CA,94566
2379,21940 West 8 Mile Road,Southfield,MI,48075
2380,14339 Whittier Boulevard,Whittier,CA,90605
2381,7293 & 7302 West Peoria Avenue,Peoria,AZ,85345
2382,3475-3517 Edison Way,Menlo Park,CA,94025
2383,4225 South Jackson Street,San Angelo,TX,76903
2384,3910 South Street,Lincoln,NE,68506
2385,"12730, 12750, 12760, 12770 and 12780 High Bluff Drive",San Diego,CA,92130
2386,10411 Ulmerton Road,Largo,FL,33771
2387,18601-18653 Yorba Linda Boulevard,Yorba Linda,CA,92886
2388,1800 Northeast Lincoln Road,Poulsbo,WA,98370
2389,10 Bleecker Street,New York,NY,10012
2390,1200 North Lincoln Street,Denver,CO,80203
2391,300 S. Highland Springs Road,Banning,CA,92220
2392,3521 Park Plaza Road,Paducah,KY,42001
2393,228 Bullsboro Drive,Newnan,GA,30263
2394,4251 West Bell Road,Phoenix,AZ,85053
2395,3842-3912 Oakford Avenue and 5009 Norwood Avenue,Baltimore,MD,
2396,3100 N. Main Street,Anderson,SC,29621
2397,4343 Warm Springs Road,Columbus,GA,31904
2398,4380 Alvarado Canyon Road,San Diego,CA,92120
2399,700 E. Redlands Blvd.,Redlands,CA,92374
2400,436 North Roxbury Drive,Beverly Hills,CA,90210
2401,319 Oak Run Drive,Raleigh,NC,27606
2402,2217-2741 Vista Way,Oceanside,CA,92054
2403,786 FM 1187,Crowley,TX,76036
2404,365 Huntley Parkway,Pelham,AL,35124
2405,7986 Stage Road,Bartlett,TN,38133
2406,5599 San Felipe Street,Houston,TX,77056
2407,828 Fifth Avenue,New York,NY,10065
2408,1300 Bristol Street North,Newport Beach,CA,92660
2409,10707 Clay Road,Houston,TX,77041
2410,1730 South State College Boulevard,Anaheim,CA,92806
2411,2705 Navajo Boulevard,Holbrook,AZ,86025
2412,8099 Moores Lane,Franklin,TN,37027
2413,6050 Peachtree Parkway,Norcross,GA,30092
2414,12650 Ingenuity Drive,Orlando,FL,32826
2415,1706 Spring Road,Carlisle,PA,17013
2416,5304 Alpha Road,Dallas,TX,75240
2417,7496 University Boulevard,Winter Park,FL,32792
2418,6337 Duck Creek Drive,Garland,TX,75043
2419,3010 and 3020 Woodcreek Drive,Downers Grove,IL,60515
2420,1864 FM 359 BS,Richmond,TX,77469
2421,11133 Spring-Cypress Road,Tomball,TX,77377
2422,1 Cross Island Plaza,Rosedale,NY,11422
2423,8810 Cuyamaca Street,Santee,CA,92071
2424,"10, 50-58 and 90 State House Square",Hartford,CT,06103
2425,100 East Sybelia Avenue,Maitland,FL,32751
2426,145 West 58th Street,New York,NY,10019
2427,9401 De Soto Avenue,Chatsworth,CA,91311
2428,3199-3291 E. Warm Springs Road,Las Vegas,NV,89120
2429,5161 Franz Road,Katy,TX,77493
2430,113 Henry Street,New York,NY,10002
2431,8102 South Lemont Road,Woodridge,IL,60517
2432,6570 West Flamingo Road,Las Vegas,NV,89103
2433,2421 Cranberry Highway,Wareham,MA,02571
2434,245 Maple Street,Manchester,NH,03103
2435,3000 Business Park Circle,Goodlettsville,TN,37072
2436,1876 Parkview Boulevard,Pittsburgh,PA,15217
2437,1700 Chemin Metairie Parkway & 107 Centre Sarcelle Boulevard,Youngsville,LA,70592
2438,17100 Rolling Creek Dr,Houston,TX,77090
2439,8550 Bryn Mawr Avenue,Chicago,IL,60631
2440,3430 State Street,Saginaw,MI,48602
2441,6870 West Atlantic Blvd,Margate,FL,33063
2442,136-144 Summit Avenue,Jersey City,NJ,07304
2443,15050 Fairfield Village Drive,Cypress,TX,77433
2444,1455 & 1515 E. Tropicana Avenue,Las Vegas,NV,89119
2445,119 International Drive and 15 & 19 Rye Street,Portsmouth,NH,03801
2446,605 North Hwy. 190 East,Covington,LA,70433
2447,15641 and 15651 Sheridan Street,Davie,FL,33331
2448,38047 20th Street East,Palmdale,CA,93550
2449,350 Sentry Parkway,Blue Bell,PA,19422
2450,2834 Washington Road,Augusta,GA,30904
2451,2015 St. Paul Avenue,Bronx,NY,10461
2452,2200 Airport Freeway,Bedford,TX,76022
2453,605 First Avenue,Conway,AR,72032
2454,363 East 197th Street,Bronx,NY,10458
2455,4530 South Maryland Parkway,Las Vegas,NV,89119
2456,405 East Locust Street,Davenport,IA,52803
2457,3455 South Durango Drive,Las Vegas,NV,89117
2458,17649 Gunn Highway,Odessa,FL,33556
2459,"4938, 4954 and 4902 Staples Street South",Corpus Christi,TX,78412
2460,1051 US Highway 127 South,Frankfort,KY,40601
2461,1101 Twin Creek Drive,Killeen,TX,76543
2462,3200 S.E. Loop 820,Forest Hills,TX,76140
2463,12211 W. Washington Blvd.,Culver City,CA,90066
2464,17070 Walnut Village Parkway,Fontana,CA,92336
2465,741 Woodruff Road,Greenville,SC,29607
2466,1 Rose Drive,Jackson,NJ,08527
2467,4200 Portsmouth Boulevard,Chesapeake,VA,23321
2468,1670 E. Cheyenne Mountain Boulevard,Colorado Springs,CO,80906
2469,15477 Ventura Boulevard,Sherman Oaks,CA,91403
2470,2008 Jenkins Road,Pasadena,TX,77506
2471,595 Merritt Avenue,Oakland,CA,94610
2472,4425-4545 East McKellips Road,Mesa,AZ,85215
2473,5000 Brittonfield Parkway,East Syracuse,NY,13057
2474,1651 Knollwood Drive,Mobile,AL,36609
2475,60-126 Skokie Boulevard,Wilmette,IL,60091
2476,123 Jasper Street & 170 Diana Street,Encinitas,CA,92024
2477,720-840 West Army Trail Road,Carol Stream,IL,60188
2478,10515 Sierra Avenue,Fontana,CA,92337
2479,SEC Kennesaw Due West Road & Stilesboro Road,Kennesaw,GA,30152
2480,12100-12344 Bermuda Crossroads Lane,Chester,VA,23831
2481,6301-6685 West 119th Street,Overland Park,KS,66209
2482,11504 Hughes Road,Houston,TX,77089
2483,2747 LA Hwy 28 East,Pineville,LA,71360
2484,3085 and 3095 Loyalty Circle,Columbus,OH,43219
2485,North Side of Old Country Road (Route 58),Riverhead,NY,11901
2486,439-461 Lancaster Drive Northeast,Salem,OR,97301
2487,550 Airport Road,Fletcher,NC,28732
2488,3030 South Cicero Avenue,Cicero,IL,60804
2489,5807 West 20th Street,Greeley,CO,80634
2490,10350 Park Meadows Drive,Littleton,CO,80124
2491,4830 Carlisle Pike,Mechanicsburg,PA,17050
2492,25600 Seeley Road,Novi,MI,48375
2493,101 Vallejo Street,San Francisco,CA,94111
2494,320 West 89th Street,New York,NY,10024
2495,4551 Center Western Boulevard,Fort Worth,TX,76137
2496,7848 East County Line Road,Littleton,CO,80124
2497,1911 Southeast Washington Street,Idabel,OK,74745
2498,3501 Severn Avenue,Metairie,LA,70002
2499,3700 Thomas Road,Santa Clara,CA,95054
2500,26559-26587 Evergreen Road,Southfield,MI,48076
2501,13400 Blanco Road,San Antonio,TX,78216
2502,111 Kefauver Lane,Madisonville,TN,37354
2503,1010 and 1110 Hillsboro Road,Franklin,TN,37064
2504,5600 North Freeway,Houston,TX,77076
2505,100 Preserve Loop,Ardmore,OK,73401
2506,601-691 North Euclid Street,Anaheim,CA,92801
2507,4800 Allendale Road,Houston,TX,77017
2508,812 North Center Street,Arlington,TX,76011
2509,564 Crosstown Drive,Peachtree City,GA,30269
2510,9009 Albermarle Road,Charlotte,NC,28205
2511,110-130 Prominence Point Parkway,Canton,GA,30114
2512,2630 West Laskey Road,Toledo,OH,43613
2513,17751-18103 Sky Park Circle and 17775-17801 Main Street,Irvine,CA,92614
2514,21516 Telegraph Road,Brownstown Charter,MI,48183
2515,13736-13780 South West 88th Street and 13795 South West 90 Street,Miami,FL,33186
2516,164-20 Highland Avenue,Jamaica,NY,11432
2517,7200 Chadwood Lane,Columbus,OH,43235
2518,5350 West Bell Road,Glendale,AZ,85308
2519,201-401 North Buffalo Drive,Las Vegas,NV,89101
2520,301-337 Hicksville Road,Bethpage,NY,11714
2521,57 Forsyth Street,Atlanta,GA,30303
2522,51 Market Street,South Portland,ME,04106
2523,12914-12918 Cresap Knoll Avenue,Cumberland,MD,21502
2524,4201 East Berry Street,Fort Worth,TX,76105
2525,10 North Nansemond Street,Richmond,VA,23221
2526,Woodlane Road & Springside Road,Westampton,NJ,08060
2527,5720 Crossings Boulevard,Nashville,TN,37013
2528,900 Westgate Drive,Bossier City,LA,71112
2529,2320-2386 N. Highway AIA,Melbourne,FL,32903
2530,4400 SE Naef Road,Milwaukie,OR,97267
2531,4175 North Hanson Court,Bowie,MD,20716
2532,14-20 Grove Street,Darien,CT,06820
2533,315 Riverside Drive,New York,NY,10025
2534,929 Park Avenue,New York,NY,10028
2535,7561 Quail Meadow Lane,Charlotte,NC,28210
2536,15810 & 15820 North 35th Avenue,Phoenix,AZ,85053
2537,3302 Fuhrman Avenue East,Seattle,WA,98102
2538,411 Highland Cross Drive,Houston,TX,77073
2539,3313 Brunswick Pike,Lawrenceville,NJ,08648
2540,6102 Freds Oak Road,Burke,VA,22015
2541,10001 S. Interstate Highway 35,Austin,TX,78747
2542,1319 North Nursery Road,Irving,TX,75061
2543,485 Alisal Road,Solvang,CA,93463
2544,7601-7691 North Union Boulevard,Colorado Springs,CO,80920
2545,4401-4601 Dallas Drive,Oxnard,CA,93033
2546,14150 Wunderlich Road,Houston,TX,77069
2547,85 10th Avenue,New York,NY,10011
2548,13120 Southeast 30th Street,Bellevue,WA,98005
2549,6033 W. Bethany Home Road,Glendale,AZ,85301
2550,59 Post Road East,Westport,CT,06880
2551,1042 NW Norman Avenue,Gresham,OR,97030
2552,1101 North 44th Street,Phoenix,AZ,85008
2553,8520 Bluffton Road,Fort Wayne,IN,46809
2554,1344 West Redondo Beach Boulevard,Gardena,CA,90247
2555,1245 Dixwell Avenue,Hamden,CT,06514
2556,564 Route 7B N,North Clarendon,VT,05759
2557,16077 Ashland Avenue,San Lorenzo,CA,94502
2558,Intersection of I-64 and I-264,Norfolk,VA,23502
2559,27-81 South Federal Highway,Deerfield Beach,FL,33441
2560,4223 Lakeshore Drive,Shreveport,LA,71109
2561,3902 South Expressway 77,Harlingen,TX,78552
2562,385 Crossing Drive,Lafayette,CO,80026
2563,7275 Rosswell Road,Atlanta,GA,30328
2564,10 Powell Drive,Sicklerville,NJ,08081
2565,2501 Seaport Drive,Chester,PA,19013
2566,31836 Bagley Road,North Ridgeville,OH,44036
2567,10542 South Jordan Gateway,South Jordan,UT,84095
2568,Coshoston Avenue (U.S. Route 36),Mt. Vernon,OH,
2569,5001 West Wiley Post Way,Salt Lake City,UT,84116
2570,176 Seely Street a/k/a 166/176 Seeley Street,Brooklyn,NY,11218
2571,2000 NW Cornelius Pass Road,Hillsboro,OR,97124
2572,Memorial Drive (Route 5),St. Johnsbury,VT,05819
2573,970 Waverly Avenue,Holtsville,NY,11742
2574,361 Broadway,Chelsea,MA,02150
2575,1939 North Meacham Road,Schaumburg,IL,60173
2576,945 & 955 Spring Forest Road,Greenville,NC,27834
2577,4363 Bayberry Cove,Bellbrook,OH,45305
2578,296 U.S. Highway 90,Bay St. Louis,MS,39520
2579,1300 West Campbell Road,Richardson,TX,75080
2580,2781 LaVista Road,Decatur,GA,30033
2581,2 Goose Creek Drive,Bloomington,IL,61701
2582,700-719 West Avenue,Jenkintown,PA,19046
2583,130 Diamond Drive,Pasco,WA,99301
2584,9400 Coventry Square,Houston,TX,77099
2585,Route 25,Standish,ME,04084
2586,811 Massachusetts Avenue,Boston,MA,02118
2587,1000 Denny Way,Seattle,WA,98109
2588,2300 Weston Road,Weston,FL,33326
2589,1 Clubhouse Lane,Howell,NJ,07731
2590,3730-3740 Crenshaw Boulevard,Los Angeles,CA,90016
2591,4025-4027 Watson Boulevard,Warner Robins,GA,31093
2592,1705 S. State College Blvd.,Anaheim,CA,92806
2593,2516 Guess Road,Durham,NC,27705
2594,340 Southwest 5th Street,Des Moines,IA,50309
2595,"25201, 25231, 25241 Paseo De Alicia",Laguna Hills,CA,92653
2596,1700 North University Drive,Plantation,FL,33322
2597,1132-36 Thorn Run Road,Coraopolis,PA,15108
2598,"12920, 12940, 12980 Foothill Boulevard",Sylmar,CA,91342
2599,29001 and 29017 Cedar Road,Lyndhurst,OH,44124
2600,2520 Union Road,Buffalo,NY,14227
2601,3700 West 10th Street,Greeley,CO,80634
2602,810 West Grace Street,Chicago,IL,60613
2603,3711 Chamberlain Lane,Louisville,KY,40241
2604,320 E. Wintergreen Road,Desoto,TX,75134
2605,200 Pine Avenue,Long Beach,CA,90802
2606,1313 South Mooney Boulevard,Visalia,CA,93277
2607,380 Allwood Road,Clifton,NJ,07012
2608,501 West 58th Avenue,Anchorage,AK,99518
2609,14850 and 14852 Scenic Heights Road,Eden Prairie,MN,55344
2610,265 North Gilbert Road,Mesa,AZ,85203
2611,3272 S. Lakewood Avenue,Tulsa,OK,74135
2612,4284 US Highway 51,Laplace,LA,70068
2613,2855 Main Street,Irvine,CA,92614
2614,4500 Alexander Blvd NE,Albuquerque,NM,87107
2615,2950 & 4300 Paces Ferry Road,Atlanta,GA,30339
2616,4335 NW Line Creek Dr.,Kansas City,MO,64151
2617,1170 W. San Bernardino Road,Covina,CA,91722
2618,74199 El Paseo & 74225 US Highway 111,Palm Desert,CA,92260
2619,"5,7,10 and 12 Totman Road",Woburn,MA,01801
2620,4420-28 Taggart Creek Road,Charlotte,NC,28208
2621,755 Commerce Drive,Decatur,GA,30030
2622,1400 Utah Street,Golden,CO,80401
2623,6804 Parkway Drive,Douglasville,GA,30135
2624,5072 West Plano Parkway,Plano,TX,75093
2625,420 Connell Road,Valdosta,GA,31602
2626,2111 Kasold Drive,Lawrence,KS,66047
2627,1750 South Rainbow Boulevard,Las Vegas,NV,89146
2628,4809 Dale Street,Mcfarland,WI,53558
2629,2240 North McPherson Road,Orange,CA,92869
2630,11 NW Trinity & 1962 West Burnside,Portland,OR,97209
2631,4300 Madison Street,Hillside,IL,60162
2632,401 South Jefferson Street,Princeton,KY,42445
2633,872 Ethan Allen Highway,Ridgefield,CT,06877
2634,110 East Martial Avenue,Lafayette,LA,70508
2635,45 Cedarfield Commons,Rochester,NY,14612
2636,305 Farm Road 306,New Braunfels,TX,78130
2637,1810 Cumming Highway,Canton,GA,30114
2638,361 17th Street,Atlanta,GA,30363
2639,704 South State Road 135,Greenwood,IN,46143
2640,7900 Queenair Drive,Gaithersburg,MD,20879
2641,27 Englehard Drive,Monroe,NJ,08831
2642,186 North Cleveland Massillon Road,Akron,OH,44333
2643,5661-5669 Broadway,Bronx,NY,10463
2644,2700 Miamisburg Centerville Road,Dayton,OH,45459
2645,6420-6506 Park Heights Avenue,Baltimore,MD,21215
2646,1112 West Beacon Road,Lakeland,FL,33803
2647,22312-22342 El Paseo,Rancho Santa Margarita,CA,92688
2648,9300 SW 137th Avenue,Miami,FL,33186
2649,9001 Conde Lane,Windsor,CA,95492
2650,1880 Epps Bridge Parkway,Athens,GA,30605
2651,494 Tan Tar A Drive,Osage Beach,MO,65065
2652,613-615 & 617 Stephenson Avenue,Savannah,GA,31405
2653,2140 Motel Drive,Bethlehem,PA,18018
2654,1815 Newport Boulevard,Costa Mesa,CA,92627
2655,963 West Tennyson Road,Hayward,CA,94544
2656,1050 East Ray Road,Chandler,AZ,85225
2657,27600-27674 Newhall Ranch Road,Valencia,CA,91355
2658,711 W. Wenger Road,Englewood,CO,45322
2659,101 Chandler Park,Greer,SC,29651
2660,22455 Katy Freeway,Katy,TX,77450
2661,10266 Two Notch Road,Columbia,SC,29229
2662,4501 Sprenkle Lane,Richmond,VA,23228
2663,6797 Dorsey Road,Elkridge,MD,21227
2664,1670 Nixon Drive,Moorestown,NJ,08057
2665,2556 Bernice Road,Lansing,IL,60438
2666,"2707, 2803, 2805 and 2809 Butterfield Road",Oak Brook,IL,60523
2667,361 South Camino Del Rio,Durango,CO,81303
2668,3737 East Main Street,Whitehall,OH,43213
2669,1350 6th Avenue,San Diego,CA,92101
2670,3700 35th Avenue,Evans,CO,80526
2671,6801 Falls of the Neuse Road,Raleigh,NC,27615
2672,1815 Rivermont Avenue,Lynchburg,VA,24503
2673,4676 Albany Post Road,Hyde Park,NY,12538
2674,251-490 North Grand Court Plaza,Nogales,AZ,85621
2675,1625 SE N Street,Grants Pass,OR,97526
2676,5151 Pooks Hill Road,Bethesda,MD,20814
2677,15-19 West 116th Street,New York,NY,10026
2678,4 South Brevard Avenue,Arcadia,FL,34266
2679,11700 S. Cicero Avenue,Alsip,IL,60803
2680,2883 S. Oneida Street,Ashwaubenon,WI,54304
2681,564 Water Street,Chardon,OH,44024
2682,3508 South 1st Street,Austin,TX,78704
2683,4704 Harlan Street,Denver,CO,80212
2684,11411 Green Plaza Drive,Houston,TX,77038
2685,2125 East Katella Avenue,Anaheim,CA,92806
2686,95 Digital Drive,Novato,CA,94646
2687,139 South Clark Road,Cedar Hill,TX,75014
2688,538 West 58th Street,New York,NY,10019
2689,2020 W State St,Milwaukee,WI,53233
2690,5251 Cane Island Loop,Kissimmee,FL,34746
2691,"4000 Lexington Avenue, 1005 Gramsie Road and 1020, 1050 and 1080 County Road F",Shoreview,MN,55126
2692,8082 Webb Road,Riverdale,GA,30274
2693,111 East 75th Street,New York,NY,10021
2694,1055-1065 Kennedy Road,Windsor,CT,06095
2695,35 Claver Place,Brooklyn,NY,11238
2696,760 South Hill Road,Ventura,CA,93003
2697,375 Healdsburg Avenue,Healdsburg,CA,95448
2698,101-117 Carmichael Road & 2101-2201 Coulee Road,Hudson,WI,54016
2699,6850 Five Star Boulevard,Rocklin,CA,95677
2700,1435 West Talmage Street,Springfield,MO,65803
2701,101 North Columbia Center Boulevard,Kennewick,WA,99336
2702,1412 Poinsett Highway,Greenville,SC,29611
2703,101 East Mason,Broken Arrow,OK,74012
2704,41690 Ford Road,Canton,MI,48187
2705,300 & 600 Colonial Promenade Parkway,Alabaster,AL,35007
2706,1614 Westheimer,Houston,TX,77006
2707,3500 Carpenter Road,ypsilanti,MI,48197
2708,4420 146th Street N.W.,Gig Harbor,WA,98332
2709,2850 & 2875 South Decker Lake Drive,West Valley City,UT,84119
2710,3739-3799 E. Desert Inn Road,Las Vegas,NV,89121
2711,"4701,4709 & 4751 Distribution Court",Orlando,FL,32822
2712,810 Kifer Road,Sunnyvale,CA,94086
2713,61-88 Dry Harbor Road,Middle Village,NY,11379
2714,2410 White Plains Road,Bronx,NY,11578
2715,SWC of Highway 64 (Stage Road) and Germantown Pkwy,Memphis,TN,38133
2716,908 Sherman Street,San Diego,CA,92110
2717,10667 South Avenue 10 East,Yuma,AZ,85365
2718,19400 Toledo Blade Road,Port Charlotte,FL,33948
2719,600 North Causeway Boulevard,Mandeville,LA,70448
2720,404 North Main Street,Normal,IL,61761
2721,9765  9775  & 9785 Marconi Drive,San Diego,CA,92173
2722,815 - 819 E. Colorado Street,Glendale,CA,91205
2723,112 North Courtland Street,East Stroudsburg,PA,18301
2724,122 Daugherty Drive,Monroeville,PA,15146
2725,1200 State Fair Boulevard,Geddes,NY,13209
2726,2610-2750 Via de la Valle,Del Mar,CA,92014
2727,243 West 54th Street,New York,NY,10019
2728,540 Buckingham Road,Richardson,TX,75081
2729,1910 Palomar Oaks Way,Carlsbad,CA,92008
2730,46533 Valley Court,Lexington Park,MD,20653
2731,1300 South San Pedro Street,Los Angeles,CA,90015
2732,370 Bullsboro Drive,Newnan,GA,30263
2733,5340 McDonough Highway,Covington,GA,30016
2734,1934 Rutland Drive,Austin,TX,78758
2735,301-329 15th Street NW,Charlottesville,VA,22903
2736,19178 & 19186  Blanco Road,San Antonio,TX,78258
2737,710 West End Avenue,New York,NY,10025
2738,1235-1245 N. Astor Street,Chicago,IL,60611
2739,2806 Reagan Street,Dallas,TX,75219
2740,2650 Kitty Hawk Road,Livermore,CA,94551
2741,801 Tamarack Drive,West Carthage,NY,13619
2742,100 Wheeless Drive,Nashville,NC,27856
2743,3120 Grant Street,Concord,CA,94520
2744,117 Rosebay Drive,Encinitas,CA,92024
2745,2641 Michael Place,Dunedin,FL,34698
2746,10894 South River Front Parkway,South Jordan,UT,84095
2747,2540 West Maryland Avenue,Phoenix,AZ,85017
2748,406 North Main Street,East Longmeadow,MA,01028
2749,210 E. Capital Street,Jackson,MS,39201
2750,1801 to 1835 and 1515 to 1603 Hawthorne Boulevard,Redondo Beach,CA,90278
2751,4360 S. Figueroa Street,Los Angeles,CA,90037
2752,9663-9680 Hayden Drive,Mascoutah,IL,62258
2753,N. Virginia Road,Edenton,NC,27832
2754,6172 Tylersville Road,Mason,OH,45040
2755,4079-4095 Oceanside Blvd.,Oceanside,CA,92056
2756,21411 Deepwoods Terrace,Ashburn,VA,20148
2757,50 North Broadway,White Plains,NY,10603
2758,2390 Harris Way,San Jose,CA,95131
2759,1500 Mittel Blvd,Wood Dale,IL,60191
2760,1 Crossgates Mall Road,Albany,NY,12203
2761,8540 N. Church Road,Kansas City,MO,64157
2762,27237 Hoover Road,Warren,MI,48093
2763,11316-11328 Westheimer Road,Houston,TX,77077
2764,"215, 221, 223 West Ohio Street",Chicago,IL,60654
2765,6701 and 6801 Convoy Court,San Diego,CA,92111
2766,NEC of Maryland Way and Westwood Place,Brentwood,TN,37027
2767,1306 Central,Moriarty,NM,87035
2768,483 Commerce Drive,Madison,WI,53719
2769,6505-6533 East State Boulevard,Fort Wayne,IN,46815
2770,2134 Chardonnay Lane & 2456 Crystal Bay Court SW,Rochester,MN,55901
2771,2400 Old Concord Road,Smyrna,GA,30082
2772,2000 N Street N.W.,Washington,DC,20036
2773,233 E. 89th Street,New York,NY,10028
2774,1800 Rosecrans Avenue,Manhattan Beach,CA,90266
2775,1360 Main Street,Tewksbury,MA,01876
2776,413 East 114th Street,New York,NY,10029
2777,1987 West Winnemucca Boulevard,Winnemucca,NV,89445
2778,1560 Montclair Road.,Birmingham,AL,35210
2779,3615 New Bern Avenue,Raleigh,NC,27604
2780,333 West Kilbourn Avenue,Milwaukee,WI,53203
2781,13120 SE 30th Street,Bellevue,WA,98005
2782,804 West Broadway,Little Falls,MN,56345
2783,3131 Armstrong Avenue,Dallas,TX,75205
2784,351 Bowery,New York,NY,10003
2785,3 Enterprise Drive,Newburgh,NY,12550
2786,3612-96 Edison Way & 44250 Old Warm Springs Blvd,Fremont,CA,94538
2787,"6121 SW 12th Street, 1223, 1227, 1231 & 1235 SW Wanamaker Road",Topeka,KS,66609
2788,9775-9777 Little Santa Monica Boulevard,Beverly Hills,CA,90210
2789,640 West Willis Street,Detroit,MI,48201
2790,8619 Westwood Center Drive,Vienna,VA,22182
2791,4730 Lower Roswell Road,Marietta,GA,30068
2792,1000 Corporate Pointe,Culver City,CA,90230
2793,100-724 Quail Creek Drive,Clyde,OH,43055
2794,7064 South Redwood Road,West Jordan,UT,84084
2795,1314 Harbor Boulevard,Santa Ana,CA,92703
2796,15135 Lakeshore Drive,Clear Lake,CA,95422
2797,902-910 King Street,Alexandria,VA,22314
2798,4202 West Van Buren Street,Phoenix,AZ,85009
2799,31 Lassen Way,Watsonville,CA,95076
2800,3890 West 18th Avenue,Hialeah,FL,33012
2801,20 East 9th Street,New York,NY,10003
2802,100 Industrial Road,San Carlos,CA,94070
2803,9945 Jones Bridge Road,Alpharetta,GA,30022
2804,"4115, 4145, 4165, 4195 and 4215 South Grand Canyon Drive",Las Vegas,NV,89147
2805,480 Cedar Crest Boulevard,Allentown,PA,18103
2806,4715 McLeod NE,Albuquerque,NM,87109
2807,523 Work Street,Salinas,CA,93901
2808,2107 Laurel Bush Road,Bel Air,MD,21015
2809,9910 Dupont Circle Drive,Fort Wayne,IN,46825
2810,4200 City Avenue,Philadelphia,PA,19131
2811,616 Johnnie Dodds Boulevard,Mount Pleasant,SC,29464
2812,8113 South Western Avenue,Oklahoma City,OK,73139
2813,901 S. Beach Blvd.,La Habra,CA,90631
2814,936 South Quaker Lane,West Hartford,CT,06110
2815,3219 Detroit Avenue,Cleveland,OH,44113
2816,5 South Broome Street,Port Jervis,NY,12771
2817,3390 Long Beach Boulevard,Long Beach,CA,90807
2818,2222 & 2224 North Figueroa,Los Angeles,CA,90065
2819,630 & 640-800 Cesar Chavez,San Francisco,CA,94124
2820,1325 East West Highway,Silver Spring,MD,20910
2821,400 Savage Court,Longwood,FL,32750
2822,2868 Elm Hill Pike,Nashville,TN,37214
2823,170 Lockwood Drive,Charleston,SC,29403
2824,"729, 765, 795 Bridge Street",Weymouth,MA,02189
2825,"425-427 5th St., 501 Forest Ave.",Lakewood,NJ,08701
2826,711 Park Road,Worthington,OH,43085
2827,139-141-143-145-147-149 West 19th Street,New York,NY,10011
2828,1245 16th Street,Santa Monica,CA,90404
2829,5336 Route 9W,Newburgh,NY,12550
2830,"Gordon, Babcock, Warren, Harvard, Shawmut & Gibbs",Boston,MA,
2831,301 Alpha Drive,Pittsburgh,PA,15238
2832,5475 West Irlo Bronson Memorial Highway,Kissimmee,FL,34746
2833,879 West 190th Street,Gardena,CA,90248
2834,104 Champs Boulevard,Maumelle,AR,72113
2835,333 Via Vera Cruz,San Marcos,CA,92069
2836,370 Central Park West,New York,NY,10025
2837,5801-5811 Calle Real,Goleta,CA,93117
2838,"100, 200, 333 & 555 North Point Center East",Alpharetta,GA,30022
2839,3100 East Meighan Boulevard,Gadsden,AL,35903
2840,2615-2635 Tropicana Avenue,Las Vegas,NV,89120
2841,3974 Route 417 and 4115 South Nine Mile Road,Allegany,NY,14706
2842,777 Sixth Avenue,New York,NY,10001
2843,4090 & 4140 Morena Blvd.,San Diego,CA,92117
2844,530 Kings County Drive,Hanford,CA,93230
2845,200 Eastlight Drive,East Peoria,IL,61611
2846,1077 & 1079 Bridgeport Avenue,Shelton,CT,06497
2847,12100 Park Boulevard,Seminole,FL,33772
2848,110 Lincoln Green Street,Starkville,MS,39759
2849,7000 and 7100 West Center Road and 7101 Mercy Road,Omaha,NE,68106
2850,S/E/C of U.S. Highway 301 & Gibsonton/Boyette Road,Riverview,FL,33569
2851,12945-13225 Peyton Drive,Chino Hills,CA,91709
2852,4223 U.S. Highway 86,Brawley,CA,92227
2853,8097 US Highway 70,Bartlett,TN,38134
2854,3900 Pine Lake Road,Lincoln,NE,68516
2855,5525 Baltimore National Pike,Baltimore,MD,21229
2856,488 Ocean Parkway,Brooklyn,NY,11212
2857,723-789 US Highway 31 North,Greenwood,IN,46142
2858,700 Highway 12 East,Starkville,MS,39759
2859,234 Sherman Avenue,Meriden,CT,06450
2860,2014 Powers Ferry Road Northwest,Atlanta,GA,30339
2861,106 East Jefferson Street,Shorewood,IL,60431
2862,6901 Delridge Way,Seattle,WA,98106
2863,1212-1250 (excluding 1242) W. University Dr. & 450-462 North Alma School Rd.,Mesa,AZ,85201
2864,10822 Providence Road,Charlotte,NC,28273
2865,1029-1055 Route 112,Port Jefferson Station,NY,11776
2866,264 West 22nd Street,New York,NY,10011
2867,8800 Queen Avenue South,Bloomington,MN,55431
2868,201 West 89th Street,New York,NY,10024
2869,1200 N. Queen Street,Arlington,VA,22209
2870,11211-11219 Lee Highway,Fairfax,VA,22030
2871,815 14th Street NW,Washington,DC,20005
2872,11011 Lee Highway,Fairfax,VA,22030
2873,801 Boardwalk,Atlantic City,NJ,08401
2874,4700 Broadmoor Avenue Southeast,Kentwood,MI,49512
2875,1415 East Colorado Street,Glendale,CA,91205
2876,3240 South Getty Street,Norton Shores,MI,49444
2877,72314 Highway 111,Palm Desert,CA,92260
2878,11 South LaSalle Street,Chicago,IL,60603
2879,2701 Olson Drive,Chippewa Falls,WI,54729
2880,139 East 66th Street,New York,NY,10021
2881,23100-23840 Broadway,Oakwood Village,OH,44146
2882,29 West 10th Street,New York,NY,10011
2883,1520 Randall Road,Algonquin,IL,60102
2884,2600 Yakima Valley Highway,Sunnyside,WA,98944
2885,1170-1292 Indiana Avenue,St. Mary's,OH,45885
2886,525 Alexandria Pike,Southgate,KY,41071
2887,13680 Southcove Drive,Sterling Heights,MI,48313
2888,4545 Bissonnet,Bellaire,TX,77401
2889,100 Towne Center Loop,Southaven,MS,38671
2890,16510-16762 Southwest Freeway,Sugar Land,TX,77479
2891,5555 East 71st Street,Tulsa,OK,74136
2892,7220 South Cicero Avenue,Bedford Park,IL,60638
2893,9810 Two Notch Rd.,Columbia,SC,29223
2894,110 Barley Park Lane,Mooresville,NC,28115
2895,950 South Pinehurst Court,Brookfield,WI,53005
2896,270 St. Paul,Denver,CO,80206
2897,3101 Bromay Street,Chesapeake,VA,23321
2898,Northeast Quadrant of Oberlin Road & Clark Avenue,Raleigh,NC,27605
2899,6150 East Avenue,Hodgkins,IL,60525
2900,5950 Lindenshire Lane,Dallas,TX,75230
2901,1870 Harbor Boulevard,Costa Mesa,CA,92627
2902,1250 Countryside Street,Sidney,OH,45365
2903,3550 Pleasant Hill Road,Duluth,GA,30096
2904,2970 Peavy Road,Dallas,TX,75228
2905,1407 North Veterans Parkway,Bloomington,IL,61704
2906,207 5th Avenue,San Diego,CA,92101
2907,1501 Estes Avenue,Elk Grove Village,IL,60007
2908,721 West 30th Street,Los Angeles,CA,90007
2909,1201 Nance Street,Newberry,SC,29108
2910,4935-4965 North 30th Street,Colorado Springs,CO,80919
2911,4040 North Central Expressway,Dallas,TX,75204
2912,500 Miller Ave,North Las Vegas,NV,89030
2913,4328-4408 Dowlen Road,Beaumont,TX,77706
2914,5829 Lakewood Boulevard,Lakewood,CA,90712
2915,9470 Colerain Avenue,Colerain Township,OH,45251
2916,901 Shellbrook Court,Raleigh,VA,27609
2917,592-594 Dean Street,Brooklyn,NY,11217
2918,204 South Harris Street,Ypsilanti,MI,48198
2919,4185 Ivanhoe Drive,Monroeville,PA,15146
2920,6565 South Headley Road,Tucson,AZ,85746
2921,27200 Agoura Road,Calabasas,CA,91301
2922,6 Avon Parkway,Liverpool,NY,13090
2923,1025 West Blancke Street,Linden,NJ,07036
2924,"1001 South Forest, 543 Church, 515 Walnut, 521 Walnut and 1506 Geddes",Ann Arbor,MI,48104
2925,"4828,4848 and 4888 Loop Central Drive",Houston,TX,77081
2926,800 East Bobier Drive,Vista,CA,92084
2927,2300 Snow Goose Drive,Chesapeake,VA,23320
2928,9800 Wilshire Boulevard and 121 South Spalding Drive,Beverly Hills,CA,90212
2929,170 North High Street,Columbus,OH,43215
2930,16600 Saddle Club Road,Weston,FL,33326
2931,1100 East Lamar Boulevard,Arlington,TX,76011
2932,6921 Lakeview Haven Drive,Houston,TX,77084
2933,5280 Highway 78,Sachse,TX,75048
2934,6106-6154 West Flamingo Road,Las Vegas,NV,89103
2935,201 South Pottstown Pike,Exton,PA,19341
2936,2930 North 46th Street,Phoenix,AZ,85018
2937,1735 and 1700 Main Street,West Warwick,RI,02893
2938,303 E. 83rd Street,New York,NY,10028
2939,2217 Sedgwick Street,Petersburg,VA,23805
2940,"438, 480 & 510 East Wilson Bridge Road",Worthington,OH,43085
2941,15400 SE 30th Place,Bellevue,WA,98007
2942,6600 Lancaster Road,Little Rock,AR,72209
2943,4888 New Baumgartner Road,St. Louis,MO,63129
2944,8015 W Alameda Ave,Lakewood,CO,80226
2945,3400 La Sierra Avenue,Riverside,CA,92503
2946,9604-10220 North Newport Highway,Spokane,WA,99218
2947,911 Route 517,Hackettstown,NJ,07840
2948,3300 Palm Drive,Rapid City,SD,57701
2949,156 West 25th Street,New York,NY,10001
2950,6305 Boulevard East,West New York,NJ,07093
2951,1423 Pacific Avenue,Tacoma,WA,98402
2952,10806 Willow Court,San Diego,CA,92127
2953,1362 Brass Mill Road,Belcamp,MD,21017
2954,3675 Southwind Park Drive,Memphis,TN,38018
2955,4010 Airpark Drive,Owensboro,KY,42301
2956,14035-14065 South Bell Road,Homer Glen,IL,60491
2957,1074 Park Lane,Middletown,OH,45042
2958,215 & 235 Parkway Drive,Lincolnshire,IL,60069
2959,7601 NW Roanridge Road,Kansas City,MO,64151
2960,6201 Hennessey Parkway,Marion,IA,52302
2961,50&80 West Broadway,Salt Lake City,UT,84101
2962,7913 NW 2nd Street,Miami,FL,33126
2963,7738 Chambers Road,San Antonio,TX,78229
2964,11800 Montgomery Boulevard NE,Albuquerque,NM,87111
2965,5511_ 5531_ 5551_ & 5571 Ekwill Street,Goleta,CA,93111
2966,8701 Georgia Avenue,Silver Spring,MD,20910
2967,8700 Hopemont Way,Knoxville,TN,37923
2968,747 Amsterdam Avenue,New York,NY,10025
2969,3 - 299 South Pompano Parkway,Pompano Beach,FL,33069
2970,6861 Whitmore Way,Cottonwood Heights,UT,84121
2971,6405 Fayetteville Road,Durham,NC,27713
2972,13271 Rivers Bend Boulevard,Chester,VA,23836
2973,24490 Frampton Avenue,Harbor City,CA,90710
2974,1415 Cedar Road,Chesapeake,VA,23322
2975,463 Davy Crockett Parkway,Morristown,TN,37813
2976,2335 Dixwell Avenue,Hamden,CT,06514
2977,4625 South Seneca,Wichita,KS,67217
2978,2120 & 2121 S. Glenbrook Drive,Garland,TX,75041
2979,13637 North Tatum Boulevard,Phoenix,AZ,85032
2980,6655 Peachtree Dunwoody Road,Sandy Springs,GA,30328
2981,7400 Coldwater Canyon Avenue,North Hollywood,CA,91605
2982,830 County Road 64 a/k/a 830 Big Flats Road,Big Flats,NY,14814
2983,2 Alhambra Plaza and 95 Merrick Way,Coral Gables,FL,33134
2984,20770-20810 Madrona Avenue,Torrance,CA,90503
2985,8223 Stemmons Freeway,Dallas,TX,75247
2986,"3721, 3833, 3851, 3853, 3855, 3903, 3909, 3911 and 3923 East",Phoenix,AZ,85018
2987,210 First Street SW,Roanoke,VA,24011
2988,7 Sibley Road,Hammond,IN,46320
2989,163-03 Horace Harding Expressway,Fresh Meadows,NY,11365
2990,34333 East Michigan Avenue,Wayne,MI,48184
2991,2111-2125 South Santa Fe Street,Santa Ana,CA,92705
2992,1135 West Prince Road and 3450 North Flowing Wells Road,Tucson,AZ,85705
2993,"28221, 28243, 28265 and 28287 Beck Road",Wixom,MI,48393
2994,7333 Park Boulevard,Pinellas Park,FL,33781
2995,5600 South Country Club Road,Tucson,AZ,85706
2996,4001 West Sam Houston Parkway,Houston,TX,77043
2997,8507 Walbrook Drive,Knoxville,TN,37923
2998,875 Mansell Road,Roswell,GA,30075
2999,1415 Greens Parkway,Houston,TX,77067
3000,2625 Hiawassee Road,Orlando,FL,32818
3001,180-520 South Lilley Road,Canton,MI,48188
3002,424 Cedar Bluff Road,Knoxville,TN,37918
3003,690 N. Mathilda Avenue,Sunnyvale,CA,94086
3004,47164 Michigan Avenue,Canton,MI,48188
3005,119 Hawkins Place,Boonton,NJ,07005
3006,2600-3070 Northwest 72nd Avenue and 4400 Northwest 72nd Avenue,Miami,FL,
3007,2323 North Martin Luther King Avenue,Oklahoma City,OK,73111
3008,425 Park Avenue South,New York,NY,10016
3009,3275 West Hillsboro Boulevard,Deerfield Beach,FL,33442
3010,2 Rector Street,New York,NY,10006
3011,961 West 17th Street,Costa Mesa,CA,92627
3012,139-06 Pershing Crescent,Briarwood,NY,11435
3013,9480 South Dixie Highway,Miami,FL,33156
3014,579 Park Avenue,El Centro,CA,92243
3015,1881 W. Airport Freeway,Euless,TX,76040
3016,7890 Penrose Avenue,Philadelphia,PA,19153
3017,7541-7551 Rosecrans Ave.,Paramount,CA,90723
3018,1294 Paseo Verde Parkway,Henderson,NV,89012
3019,410 South Morgan Street,Chicago,IL,60607
3020,1304 West Walnut Hill Lane,Irving,TX,75038
3021,25461-25471 Rancho Niguel Road,Laguna Niguel,CA,92677
3022,2711 and 2751 Centerville Road,Christiana Hundred,DE,19808
3023,3001-3030 Meridian Meadows Road,Greenwood,IN,46142
3024,606 Lapalco Blvd,Gretna,LA,70057
3025,5001 Academy Lane,Bessemer,AL,35022
3026,776 Triangle Street,Blacksburg,VA,24060
3027,3009 Tower Hill Road,South Kingstown,RI,02879
3028,26381 S. Tamiami Trail,Bonita Springs,FL,34134
3029,5454 East Walzem Road,San Antonio,TX,78218
3030,703 McKinney Avenue,Dallas,TX,75202
3031,2319 Whitney Avenue,Hamden,CT,06518
3032,11312 Westheimer,Houston,TX,77077
3033,3301 North Essington Road,Joliet,IL,60435
3034,2600 East Main Street,Lancaster,OH,43130
3035,7026 Old Katy Road,Houston,TX,77024
3036,540 South Water Street and 134 West Summit Street,Kent,OH,44240
3037,5191 Hinkleville Road,Paducah,KY,42001
3038,13715-13999 West Sunrise Blvd.,Sunrise,FL,33323
3039,525 Airport Boulevard,Watsonville,CA,95076
3040,18900 North 107th Avenue,Sun City,AZ,85373
3041,2900 Wilbarger Street,Vernon,TX,76384
3042,7500-7598 Orchard St.,Riverside,CA,92506
3043,7800 Forest Hill Drive,Fort Worth,TX,76140
3044,12036 Hart Street,North Hollywood,CA,91605
3045,1400 Hood Street,Arvin,CA,93203
3046,2321 Northwest Westover Road,Portland,OR,97210
3047,109 Aegean Way,Vacaville,CA,95687
3048,676-690 Merrill Road,Pittsfield,MA,01201
3049,1930 North Military Trail,West Palm Beach,FL,33409
3050,142-162 Bard Avenue,Staten Island,NY,10310
3051,501-543 Big Thompson Ave.,Estes Park,CO,80517
3052,SWC Greenbriar Parkway & Volvo Parkway,Chesapeake,VA,23320
3053,3180 University Avenue,San Diego,CA,92104
3054,27787 Dequindre Road,Madison Heights,MI,48071
3055,8300 College Boulevard,Overland Park,KS,66210
3056,NEC 1-5 & Highway 78,Oceanside,CA,92054
3057,1950 N Point Blvd,Tallahassee,FL,32308
3058,3959 South Suncoast Boulevard,Homosassa,FL,34448
3059,920 & 930 Ridgebrook Road,Sparks,MD,21152
3060,414 Renaissance Drive West,Detroit,MI,48226
3061,13110 Kuykendahl,Houston,TX,77090
3062,5310 8th Avenue,Brooklyn,NY,11220
3063,1441-1443 and 1449-1451 Overing Street,Bronx,NY,10461
3064,2030 Broadway,New York,NY,10023
3065,3775 Park East Drive,Beachwood,OH,44122
3066,1000 North Santa Fe,Edmond,OK,73003
3067,4301 Raleigh Court,Midland,TX,79707
3068,2265 Lafayette Park Drive,Easton,PA,18040
3069,"193 Thomas Johnson Dr, 200 Amber Dr, & 6915 Baltimore National Pike",Frederick,MD,21702
3070,20 Aquarium Drive,Secaucus,NJ,07094
3071,411 College Drive,Dalton,GA,30720
3072,36-46 33rd Street,Long Island City,NY,11106
3073,9170 East Golf Links Road,Tucson,AZ,85730
3074,480 Southwest 8th Avenue,Hallandale Beach,FL,33009
3075,4759 SW 51 Street,Davie,FL,33314
3076,502 Henry Street,Brooklyn,NY,11231
3077,"1533, 1535, 1545, 1547, 1555, 1561, 1571, 1573, 1575 and 1579 North Dysart Road, 13085 West McDowell Road and 13050 and 13070 West Rancho Santa Fe Boulevard",Avondale,AZ,85392
3078,2550 N Hollywood Way,Burbank,CA,91505
3079,1504 and 1628 Howard Road,Madera,CA,93637
3080,1550-1560 West Bay Area Boulevard,Houston,TX,77058
3081,501-515 F Street & 777-779 5th Avenue,San Diego,CA,92101
3082,4234 Camden Road,Fayetteville,NC,28306
3083,4601 South Cobb Drive,Smyrna,GA,30080
3084,5310 Kietzke Lane,Reno,NV,89511
3085,5666 Carpinteria Avenue,Carpinteria,CA,93013
3086,10 Senate Place,Jersey City,NJ,07306
3087,7175 West Lake Mead Boulevard,Las Vegas,NV,89128
3088,6787 State Highway 6 North,Houston,TX,77084
3089,3805 Edwards Road,Norwood,OH,45209
3090,225 CR 129,Pearland,TX,77581
3091,"3000, 3002, 3006, 3008 South Road Street",Johnson City,TN,37601
3092,4355 East University Drive,Mesa,AZ,85205
3093,401 North Military Trail,West Palm Beach,FL,33415
3094,4101 West Union Hills Drive,Glendale,AZ,85308
3095,3801 Kensington Court,Decatur,GA,30032
3096,10701 Cedar Avenue,Bloomington,CA,92316
3097,2300-2380 Poplar Drive,Medford,OR,97504
3098,26776 Simpatica Circle,Lake Forest,CA,92630
3099,2253 East University Drive,Mesa,AZ,85213
3100,"119-324 Stanton Ave, 116-324 Welch Ave, 304 Lynn Ave & 2323-2337 Knapp St",Ames,IA,50014
3101,1200-1300 Memorex Drive,Santa Clara,CA,95050
3102,3620 Maitland Drive,Raleigh,NC,27610
3103,13681 U.S. Highway 183 North,Austin,TX,78750
3104,5431 Watauga Road,Watauga,TX,76137
3105,15441 & 15505 Nordhoff Street,North Hills,CA,91343
3106,315 York Road,Willow Grove,PA,19090
3107,2902 Watson Boulevard,Centerville,GA,31028
3108,3105 M Street SE,Auburn,WA,98002
3109,403 Fury's Ferry Road,Augusta,GA,30907
3110,"249, 269, 275, 277 and 281 Deane Drive",Rockford,IL,61107
3111,20855 Golden Springs Drive,Diamond Bar,CA,91675
3112,30 West McKinley,Poland,OH,44514
3113,676 Amerisale Road,Naperville,IL,60563
3114,831 Paseo Camarillo,Camarillo,CA,93010
3115,2100 West Britton Road,The Village,OK,73120
3116,500 108th Avenue NE,Bellevue,WA,98004
3117,100 Charlotte Avenue,Carolina Beach,NC,28428
3118,17801 North 16th Street,Phoenix,AZ,85022
3119,2620 - 2720 Senate Drive,Lansing Township,MI,48912
3120,2606 North Elston Avenue,Chicago,IL,60647
3121,901 Deming Way,Madison,WI,53717
3122,2835 Old US Highway 27,Somerset,KY,42501
3123,156-158 Summer Street,Summerville,MA,02143
3124,2812 Bakertown Road,Knoxville,TN,37931
3125,1666 North Firman Drive,Richardson,TX,75081
3126,480 West 2nd South,Rexburg,ID,83440
3127,250 Eastern Avenue,Leesburg,OH,45135
3128,9555 Chesapeake Drive,San Diego,CA,92123
3129,540 W. Foothill Blvd.,Glendora,CA,91741
3130,5317 South Padre Island Drive,Corpus Christi,TX,78411
3131,3211-3251 Holiday Court,La Jolla,CA,92037
3132,340 & 350 US Route One,Kittery,ME,03904
3133,3312 Peachtree Industrial Boulevard,Duluth,GA,30096
3134,111-115 Castle Road,Secaucus,NJ,07094
3135,1001-1029 West Martin Luther King Jr Boulevard,Los Angeles,CA,90037
3136,27662 Nicolle Drive,Harrison Township,MI,48045
3137,901-947 6th St.,Washington,DC,20024
3138,5840 Spring Valley Road,Dallas,TX,75254
3139,200 State Line Road,Clarksville,TN,37042
3140,1350 Carlback Avenue,Walnut Creek,CA,94596
3141,663-673 Locust Street,Mount Vernon,NY,10552
3142,415 Avenida Pico,San Clemente,CA,92672
3143,"5701, 5731, 5801, 5861, 5891 Long Prairie Road",Flower Mound,TX,75028
3144,1135-1141 Bell Road,Antioch,TN,37013
3145,"1529 Waring Road, NW",Dalton,GA,30721
3146,40890 Sandy Gale Lane,Palm Desert,CA,92211
3147,1150 South Eldridge Parkway,Houston,TX,77077
3148,1503-1515 Commercial Street,Weymouth,MA,02189
3149,4816 South Packard Avenue,Cudahy,WI,53110
3150,5544 Timberhill Drive,San Antonio,TX,78238
3151,5180 Golden Foothill Parkway,El Dorado Hills,CA,95762
3152,26 Utley Place,Willow Street,PA,17584
3153,181 Second Avenue,San Mateo,CA,94401
3154,4821 Crossings Court,Fredericksburg,VA,22407
3155,1607 North Barron Street,Eaton,OH,45320
3156,258 Prospect Plains Road,Cranbury,NJ,08512
3157,3601 & 3701 South Clarkson Street,Englewood,CO,80110
3158,"1701, 1703, 1705, 1711, 1723A, 1723, 1725, 1731, 1741, 1751, 1761, 1771 and 1851 Ritchie Station Court",Capitol Heights,MD,20743
3159,460 South Post Oak Road,Sulphur,LA,70663
3160,9375 US Highway 98 East,Miramar Beach,FL,32459
3161,6825 West Mississippi Avenue,Lakewood,CO,80226
3162,2100 Carlisle Boulevard NE,Albuquerque,NM,87110
3163,1345 East Raines Road,Memphis,TN,38116
3164,115 Kearsarge Mountain Rd,Warner,NH,03278
3165,1370 Broadway,New York,NY,10018
3166,102400 Overseas Highway,Key Largo,FL,33037
3167,13838 Northwest Freeway,Houston,TX,77040
3168,3700 East West Highway,Hyattsville,MD,20782
3169,15535-15557 Old Hickory Boulevard,Nashville,TN,37027
3170,1230 Los Osos Valley Road,Los Osos,CA,93402
3171,550 Third Avenue North,Virginia,MN,55792
3172,10188 South Redwood Road,South Jordan,UT,84095
3173,11608 US-250,Milan,OH,44846
3174,161 Spring Street Northwest,Atlanta,GA,30303
3175,3293 Balis Drive,Baton Rouge,LA,70808
3176,448 East 84th Street,New York,NY,10028
3177,"650, 660, 670 & 680 Hawthorne Avenue Southeast",Salem,OR,97301
3178,2055 Lincoln Highway,Edison,NJ,08817
3179,22809 Pacific Coast Highway,Malibu,CA,90265
3180,9638 FM 1960 Bypass West,Humble,TX,77338
3181,1600 Stewart Avenue,Westbury,NY,11590
3182,201 West Ponce de Leon,Decatur,GA,30030
3183,"5000, 5006 and 5116 North Jupiter Road",Garland,TX,75044
3184,1000 Hurricane Shoals Road,Lawrenceville,GA,30043
3185,2002 Woodland Ave,Des Moines,IA,50312
3186,17860 Southeast 109th Avenue,Summerfield,FL,34491
3187,1-5 Soldier Hill Road,Paramus,NJ,07652
3188,370 Munson Ave,Morrisville,VT,05661
3189,7401 Alma Drive,Plano,TX,75025
3190,19980 10th Ave. NE,Poulsbo,WA,98370
3191,10611 Balls Ford Road,Manassas,VA,20109
3192,1401-1415 North Batavia Street,Orange,CA,92867
3193,8250 Eastern Avenue,Baltimore,MD,21224
3194,600 Reistertown Road,Pikesville,MD,21208
3195,11 East 92nd Street,New York,NY,10128
3196,400 Emerson Street,Palo Alto,CA,94301
3197,7311 Chambers Creek Road West,University Place,WA,98467
3198,741-769 East Boughton Road,Bolingbrook,IL,60440
3199,200 Arthur Way,Newport News,VA,23602
3200,"11333 Woodglen Drive, 5640 Nicholson Lane, 11420 and 11426-11428 Rockville Pike",Rockville,MD,20852
3201,1401 East Bellows Street,Mount Pleasant,MI,48858
3202,2325 & 2331 Blake Street and 2324 Dwight Way,Berkeley,CA,94704
3203,"565 Brea Canyon Rd, 515 Spanish Ln and 20947-20971 Currier Rd",Walnut,CA,91789
3204,4724 Coldwater Road,Fort Wayne,IN,46825
3205,33 Quaker Road,Queensbury,NY,12804
3206,98 Charter Circle,Ossining,NY,10562
3207,510 Alfred Street,Biddeford,ME,04005
3208,1601 S. Virginia Dare Trail,Kill Devil Hills,NC,27948
3209,200 South 4th Street,Hartsville,SC,29550
3210,955 North Wesleyan Boulevard,Rocky Mount,NC,27804
3211,3932 Tate Street; 2501 Harris Avenue,Sacramento,CA,95838
3212,8032 Liberty Road,Frederick,MD,21701
3213,3620 Independence Drive,Fort Wayne,IN,46808
3214,277 West Green Street,Pasadena,CA,91101
3215,24280-24400 Swartz Drive,Lake Forest,CA,92630
3216,8198 Terminal Road,Lorton,VA,22079
3217,11675 West Airport Boulevard,Meadows Place,TX,77477
3218,8441 North Main Street,Randolph Township,OH,44265
3219,4325 South 30th Street,Phoenix,AZ,85040
3220,6400 Northwest Expressway,Oklahoma City,OK,73132
3221,600 North Cockrell Hill Road,Dallas,TX,75211
3222,1925 College Avenue,San Bernardino,CA,92407
3223,63 Marginal Way,Portland,ME,04101
3224,1436 Watson Boulevard,Warner Robins,GA,31093
3225,510 East 86th Street,New York,NY,10028
3226,2754-2791 Northwest 191st Terrace and 2754-2790 Northwest 192nd Terrace,Miami Gardens,FL,33056
3227,4468 Starkey Road,Roanoke,VA,24014
3228,3520 NASA Road 1,Seabrook,TX,77586
3229,5105 Montgomery Highway,Dothan,AL,36303
3230,694 S. Cooper Road,Gilbert,AZ,85234
3231,1525 South Fiske Boulevard,Rockledge,FL,32955
3232,2203 South First Street,Yakima,WA,98903
3233,11851 Belair Drive,San Antonio,TX,78213
3234,2906 Mannheim Road,Franklin Park,IL,60131
3235,3265 Chamblee Dunwoody Road,Chamblee,GA,30341
3236,5130 NW 8th Avenue,Boca Raton,FL,33487
3237,5800 Calais Lane,St. Petersburg,FL,33714
3238,144-30 Sanford Avenue,Flushing,NY,11355
3239,2401-2414  Shakespeare Road,Houston,TX,77030
3240,7300 East 10th Avenue,Lake Station,IN,46405
3241,1750 Briarwood Road Northeast,Atlanta,GA,30329
3242,1163 East Ogden Avenue,Naperville,IL,60563
3243,100-120 Charlton Road,Sturbridge,MA,01566
3244,910 Stuart Avenue,Mamaroneck,NY,10543
3245,5265 South John Young Parkway,Orlando,FL,32839
3246,1 Garden Drive,Roselle,NJ,07203
3247,800 Sime Avenue,Tomah,WI,54660
3248,4418 Emerson Avenue,Parkersburg,WV,26104
3249,720 North Joe Wilson Road,Cedar Hill,TX,75104
3250,1020 Bear Road,New Castle,DE,19720
3251,501 East 18th Avenue,Ellensburg,WA,98926
3252,Route 17M,Chester,NY,10918
3253,1110-1120 Beacon Street,Brookline,MA,02146
3254,5150 North 99th Avenue,Glendale,AZ,85305
3255,1000 Northeast Multnomah Street,Portland,OR,97232
3256,4619 & 4701 66th Street and 4616 67th Street,Lubbock,TX,79414
3257,1459 Northwest Wayne Place and 1394 South Marion Avenue,Lake City,FL,32055
3258,3608 South LaFountain Street,Kokomo,IN,46902
3259,3010-3016 West Charleston Boulevard,Las Vegas,NV,89102
3260,15200-15290 East 6th Avenue,Aurora,CO,80011
3261,10534 Beechnut Street,Houston,TX,77072
3262,2210 Main Street,Santa Monica,CA,90405
3263,155 North Beacon Street,Brighton,MA,02135
3264,300 Greenwood Avenue,Clarksville,TN,37040
3265,4201-4251 Oceanside Boulevard,Oceanside,CA,92056
3266,10862 Nichols Boulevard,Olive Branch,MS,38654
3267,51300 Michigan Avenue,Van Buren Township,MI,48111
3268,5353 Fairington Road,Lithonia,GA,30038
3269,33000 Park Hill Boulevard,Wayne,MI,48184
3270,7822 Alexander Promenade Place,Raleigh,NC,27617
3271,5215 Groveport Road,Obetz,OH,43125
3272,850-868 Technology Way,Libertyville,IL,60048
3273,7150 Allentown Boulevard,Harrisburg,PA,17112
3274,975 Oak Street,Eugene,OR,97401
3275,7233 Windsor Mill Road,Woodlawn,MD,21201
3276,6209 Glenwood Avenue,Raleigh,NC,27612
3277,3665 North Rock Road,Wichita,KS,67226
3278,8902 Jones Maltsberger Road,San Antonio,TX,78216
3279,1468 Enfield St.,Enfield,CT,06082
3280,5801 District Boulevard,Bakersfield,CA,93313
3281,32455 W. Eight Mile Rd.,Livonia,MI,48152
3282,5525 South Decatur Boulevard,Las Vegas,NV,89118
3283,39050 Colorado Avenue,Avon,OH,44011
3284,4 Centennial Drive,Peabody,MA,01960
3285,1002 South Laredo Street,San Antonio,TX,78204
3286,22501 Iverson Dr.,Great Mills,MD,20634
3287,425 Meeting Street,Charleston,SC,29403
3288,3720 West Oquendo Road,Las Vegas,NV,89118
3289,100-10200 6th Avenue North,Plymouth,MN,55441
3290,1620/1624 Avenue I a/k/a 932/942 East 17th Street,Brooklyn,NY,11230
3291,200 - 300 East 5th Avenue,Naperville,IL,60563
3292,190 West Crowther Avenue,Placentia,CA,92870
3293,660 South Boulevard East,Pontiac,MI,48341
3294,252 Greenwich Avenue,Greenwich,CT,06830
3295,30 WATERLOO RD,Devon,PA,19087
3296,1908-2028 E. 95th Street,Chicago,IL,60617
3297,7434 La Carrera,Santa Fe,NM,87505
3298,4605 Post Oak Place Drive,Houston,TX,77027
3299,6105 U.S. Highway 98 North,Lakeland,FL,33809
3300,558-572  Irvington Avenue,Maplewood,NJ,07040
3301,2031 Locust Street,Philadelphia,PA,19103
3302,1390 North Allen Avenue,Pasadena,CA,91104
3303,3602 E. Monte Vista Road,Phoenix,AZ,85008
3304,143 East Compton Boulevard,Compton,CA,90220
3305,10039 Main St,Thornotosassa,FL,33592
3306,6215 McGill Avenue,Las Vegas,NV,89122
3307,810 North University Drive,Coral Springs,FL,33071
3308,2100 North Central Road,Fort Lee,NJ,07024
3309,3952 Horseshoe Road North,Little River,SC,29566
3310,481 East South Temple,Salt Lake City,UT,84111
3311,509 North Hewitt Drive,Hewitt,TX,76643
3312,10002 Castile Court,Richmond,VA,23233
3313,4446 US Highway 220,Summerfield,NC,27358
3314,1687 North Dixie Highway,Monroe,MI,48162
3315,38-25 Main Street,Flushing,NY,11354
3316,33-00 Northern Boulevard,Long Island City,NY,11101
3317,8607 Westwood Center Drive,Vienna,VA,22182
3318,2420 E. Pikes Peak Avenue,Colorado Springs,CO,80909
3319,2385 Hollers Avenue,Bronx,NY,10475
3320,24802 99th Place South,Kent,WA,98030
3321,5548 East Grant Road,Tucson,AZ,85712
3322,475 Park Avenue South,New York,NY,10016
3323,One Galleria Boulevard,Metairie,LA,70001
3324,3001 Twin City Drive,Mandan,ND,58554
3325,631 West Katella Avenue,Anaheim,CA,92802
3326,11100 Davison Road,Davison,MI,48423
3327,3575 Cahuenga Boulevard West,Los Angeles,CA,90068
3328,74785 Highway 111,Indian Wells,CA,92210
3329,3900 N US 31 South,Traverse City,MI,49684
3330,8780 West Nevso Drive,Las Vegas,NV,89147
3331,1516 McCullough Boulevard,Tupelo,MS,38804
3332,2200-2268 Pleasant Street,Noblesville,IN,46060
3333,5885 and 5889 Starkey Road,Roanoke,VA,24018
3334,1 Crossroads Court,Newburgh,NY,12550
3335,555 Briarwood Circle,Ann Arbor,MI,48108
3336,2400 & 2500 Nantucket; 2400 & 2600 Cambridge,Charleston,IL,61920
3337,14807 West Maple Road,Omaha,NE,68130
3338,8525 Floyd Curl Drive,San Antonio,TX,78240
3339,40794 Village Drive,Big Bear Lake,CA,92315
3340,4747 Burke Road,Pasadena,TX,77504
3341,788 North Main Street,Fall River,MA,02720
3342,6715-6795 North Palm Avenue,Fresno,CA,93704
3343,2695 Sugarloaf Parkway,Lawrenceville,GA,30045
3344,1080 Miller Road,Plainwell,MI,49080
3345,2177 West North Temple,Salt Lake City,UT,84116
3346,25 and 87 Del Mar Drive,Brookfield,CT,06804
3347,120 Highway 332 West,Lake Jackson,TX,77566
3348,"3501, 3515 and 3531 Sunrise Blvd.",Rancho Cordova,CA,95742
3349,810 Interstate 35 North,Waco,TX,76705
3350,11830 Henriette Road,Pine City,MN,55063
3351,5628 North Division Street,Spokane,WA,99208
3352,750 Malabar Road,Malabar,FL,32950
3353,525 and 535 South 8th Street,Colorado Springs,CO,80905
3354,"472-504 North Highway 27/441, 510-590 North Highway 27/441",Lady Lake,FL,32159
3355,6100 West Park Boulevard,Plano,TX,75093
3356,135 South Campus Avenue,Upland,CA,91786
3357,4650 West Main,Norman,OK,73072
3358,515 Minor Avenue,Seattle,WA,98104
3359,3671 Roosevelt Boulevard,Birmingham,AL,35235
3360,1899 Street Matthews Road Northeast,Orangeburg,SC,29118
3361,1960 East 32nd Street,Yuma,AZ,85365
3362,5200 Block Old Zuck Rd,Millcreek,PA,16505
3363,3535 West Ball Road,Anaheim,CA,92804
3364,6300-6318 West Bancroft Street,Toledo,OH,43615
3365,57 West 93rd Street,New York,NY,10025
3366,2350 Miracle Mile Road,Bullhead City,AZ,86442
3367,159-163 Marshall St,Syracus,NY,13202
3368,169 Saxony Road,Encinitas,CA,92024
3369,15100 and 15120 Enterprise Court,Chantilly,VA,20151
3370,600-698 North Dupont Boulevard,Milford,DE,19963
3371,910-C Greenleaf Drive,Fayetteville,NC,28304
3372,2050 Grayson Drive,Grapevine,TX,76051
3373,157 Kinetic Drive,Huntington,WV,25701
3374,One Reservoir Avenue,Providence,RI,02907
3375,3512 South University Drive,Fort Worth,TX,76109
3376,1100-1118 Davis Street,Evanston,IL,60201
3377,8000 East Belleview Avenue,Greenwood Village,CO,80111
3378,1694 Montgomery Highway,Hoover,AL,35216
3379,31 Downing Street,Flushing,NY,11354
3380,1407-1413 East Cary Street,Richmond,VA,23219
3381,1300 Belmont Avenue,Philadelphia,PA,19104
3382,1720 East Sternberg Road,Fruitport Township,MI,49444
3383,4103 S Loop 1604 W,San Antonio,TX,78264
3384,265 Post Avenue,Westbury,NY,11590
3385,801 Sunland Park Dr,El Paso,TX,79912
3386,"2903 West Michigan Street, 5019 North Hopkins Street, 5175-5177 North Hopkins Street, 5882 North 32nd Street, 10009 West Appleton Avenue and 2839 West Atkinson Avenue",Milwaukee,WI,
3387,4455 American Way,Baton Rouge,LA,70816
3388,9570 Racquet Court,Elk Grove,CA,95758
3389,5370 South Cleveland Avenue,Ft. Meyers,FL,33907
3390,2940 Forest Hills Boulevard,Coral Springs,FL,33065
3391,320-480 Wooten Road,Colorado Springs,CO,80916
3392,1515 North Flagler Drive,West Palm Beach,FL,33401
3393,198 Washington Street,Auburn,MA,01501
3394,2090 East Arapaho Road,Richardson,TX,75081
3395,2572 Gilman Drive West,Seattle,WA,98102
3396,14140 Ventura Blvd.,Los Angeles,CA,91423
3397,104 Norton Ave.,Easton,MA,02375
3398,21900 Barton Road,Grand Terrace,CA,92313
3399,210 Green Hill Drive,Green Lane,PA,18054
3400,18-67 Cornelia Street,Ridgewood,NY,11385
3401,7350 Blanding Boulevard,Jacksonville,FL,32244
3402,605 5th Avenue,New York,NY,10017
3403,5484 Flakes Mill Road,Ellenwood,GA,30294
3404,105 East 17th Street,New York,NY,10003
3405,924 Encinitas Boulevard,Encinitas,CA,92024
3406,401 S 41st Street East,Muskogee,OK,74403
3407,2510 South Coast Highway,Laguna Beach,CA,92651
3408,9501 West Sahara Avenue,Las Vegas,NV,89117
3409,3993 Iowa Avenue,Riverside,CA,92507
3410,9211-9223 and 9231-9343 Skokomish Way NE,Olympia,WA,98516
3411,9665 North Central Expressway,Dallas,TX,75231
3412,7727 Shadyvilla Lane,Houston,TX,77055
3413,33-51 Main Street,Westport,CT,06880
3414,44 Public Road 3151,Oxford,MS,38655
3415,3748 West 9th Street,Los Angeles,CA,90019
3416,276 Upper Riverdale Road,Jonesboro,GA,30236
3417,4061 NY-104,Williamson,NY,14589
3418,2201 West Edmond Road,Edmond,OK,73003
3419,633 Vandanent Ave.,Yukon,OK,73099
3420,740 Collins Avenue,Miami Beach,FL,33139
3421,1306 FM Road 1092,Missouri City,TX,77459
3422,445-455 East Eisenhower Parkway & 2900 South State Street,Ann Arbor,MI,
3423,7994 US Highway 51 North,Millington,TN,38053
3424,11705 Carolina Place Parkway,Pineville,NC,28134
3425,130-150 East St. Charles Road,Carol Stream,IL,60188
3426,5201 Beltline Road,Dallas,TX,75254
3427,3888 Calle Fortunada,San Diego,CA,92123
3428,2521 Elm Hill Pike,Nashville,TN,37214
3429,7075 Lanewood Avenue,Los Angeles,CA,90028
3430,"1125-1301, 1143, 1147, 1241, 1351, 1401 Quentin Road, and 1010-1080 West Crestview Drive",Lebanon,PA,17042
3431,9100 Overland Plaza,Overland,MO,63114
3432,130 Perimeter Center West,Atlanta,GA,30346
3433,5201 Old Orchard Road,Skokie,IL,60077
3434,4797 South 4th Street,Kalamazoo,MI,49009
3435,695 Eddy Street,Providence,RI,02903
3436,3101 North McGregor Way,Houston,TX,77004
3437,3521 West Broward Boulevad,Fort Lauderdale,FL,33312
3438,4642-4666 Commercial Drive,New Hartford,NY,13413
3439,1931 East Meats Avenue,Orange,CA,92865
3440,12000-13000 Miramar Parkway,Miramar,FL,33025
3441,7510-7572 North Western Avenue,Chicago,IL,60645
3442,1112 - 9th Street S.E.,Puyallup,WA,98372
3443,3005-3075 Tollview Dr.,Rolling Meadows,IL,60008
3444,85 Martinfeld Road,Wawarsing,NY,12435
3445,4314 Marshall Avenue,Berkeley,MO,63136
3446,120 North 5th Street,Spring Lake,NC,28390
3447,2727 Kurtz Street,San Diego,CA,92110
3448,"11140 Rockville Pike, 5410 Edson Lane",Rockville,MD,20852
3449,190 Holiday Road,Clarksville,TN,37040
3450,6030 Hollywood Boulevard,Hollywood,FL,33023
3451,10731 & 10771 East Easter Avenue; 10730 & 10770 East Briarwood Avenue,Centennial,CO,80112
3452,3900 State Street Road,Bay City,MI,48706
3453,1490 Greenville Ave.,Staunton,VA,24401
3454,6717 Fourth Avenue,Brooklyn,NY,11220
3455,3732 Route 9W,Highland,NY,12528
3456,33 Walt Whitman Road,Huntington  Station,NY,11746
3457,125 West Ohio Street,Chicago,IL,60610
3458,301 East Liberty Street,Ann Arbor,MI,48104
3459,24381 South Tamiami Trail,Bonita Springs,FL,34134
3460,409 South Center Street,Royal Oak,MI,48067
3461,77 Bronx River Road,Yonkers,NY,10704
3462,2400  Cienega,Oceano,CA,93445
3463,14466 Main Street,Hesperia,CA,92345
3464,2000 Fredrick Road,Claremore,OK,74017
3465,111 Jocama Blvd. & 322 Spring Valley Road,Old Bridge,NJ,08857
3466,1804-1806 Second Street Southwest,Rochester,MN,55902
3467,3420 Shawnee Drive,Modesto,CA,95350
3468,110 South 5th Street,El Centro,CA,92243
3469,257-363 Weber Road,Bolingbrook,IL,60490
3470,15100-15140 Paramount Blvd.,Paramount,CA,90723
3471,2850 East McDowell Road,Phoenix,AZ,85008
3472,3665 Needles Highway,Laughlin,NV,89029
3473,3494 East Sunset Road,Las Vegas,NV,89120
3474,2015 Atlantic Avenue,Virginia Beach,VA,23451
3475,11-55 University Boulevard North,Jacksonville,FL,32211
3476,502 Southwest Parkway,College Station,TX,77840
3477,624 Nord Avenue,Chico,CA,93454
3478,702 West Idaho Street,Boise,ID,83706
3479,1005 Beaver Grade Road,Moon,PA,15108
3480,27-40 Tokeneke Road,Darien,CT,06820
3481,30020 Cabot Drive,Novi,MI,48377
3482,11211 120th Avenue,Pleasant Prairie,WI,53158
3483,13150 Breton Ridge,Houston,TX,77069
3484,1015 and 1025 Broadbeck Drive,Thousand Oaks,CA,91320
3485,"1000, 1010, 1060, 1080 & 1090 East Washington Street",Colton,CA,92324
3486,5445 South Alameda Street,Corpus Christi,TX,78412
3487,1008 Waterwood Parkway,Edmond,OK,73034
3488,67 Forest Street,Marlborough,MA,01752
3489,14500 Roscoe Boulevard,Panorama City,CA,91402
3490,3310 West Braker Lane,Austin,TX,78758
3491,2229 Grand Avenue,Laramie,WY,82070
3492,2171-2527 West Oakridge Road,Orlando,FL,32809
3493,8130 Colorado Street,Hobart,IN,46410
3494,3510 St. John Street,Panama City,FL,32401
3495,6401 East Ridge Drive,Odessa,TX,79762
3496,1412 Chestnut Ridge Circle,Greenville,NC,27834
3497,300 Berkley Drive,Madison,TN,37115
3498,600 Santa Cruz Road,Espanola,NM,87532
3499,1404 West University Avenue,Gainesville,FL,32603
3500,"149, 177, 191 Riverside Avenue",Newport Beach,CA,92659
3501,1325 Holland Road,Suffolk,VA,23434
3502,7301 Stonecrest Concourse,Lithonia,GA,30038
3503,2300 North Haggerty Road,West Bloomfield,MI,48323
3504,126-180 Wheeler Road,Central Islip,NY,11722
3505,1523 Manhattan Boulevard,Harvey,LA,70058
3506,2150 Wilkes-Barre Township Marketplace,Wilkes-Barre,PA,18702
3507,3030 Fig Street,Corpus Christi,TX,78404
3508,1025 South Riverside Avenue,Rialto,CA,92376
3509,8553 Sepulveda Boulevard,North Hills,CA,91343
3510,2227 Old Fort Parkway,Murfreesboro,TN,37129
3511,3520 North Highway 98,Lakeland,FL,33805
3512,12247 Nacogdoches Road,San Antonio,TX,78217
3513,2001 Ocean Avenue,Santa Monica,CA,90405
3514,855 Franklin Avenue,Garden City,NY,11530
3515,7121 Beach Boulevard,Buena Park,CA,90620
3516,1000 Pocatello Creek Road,Pocatello,ID,83201
3517,99 Erdman Way,Leominster,MA,01453
3518,9669 South Prosperity Road,West Jordon,UT,84088
3519,U.S. Route 6,Blakely,PA,18447
3520,3563 US Route 1 South,Princeton,NJ,08540
3521,3600 North 2nd Avenue,Phoenix,AZ,85013
3522,213 SW Commerce Boulevard,Lake City,FL,32025
3523,9000-9196  West Golf Road,Niles,IL,60714
3524,6225 - 6255 Lake Gray Boulevard,Jacksonville,FL,32244
3525,4935 Columbia Pike,Spring Hill,TN,37174
3526,429-457 E. Edgewood Blvd,Lansing,MI,48911
3527,406 West 46th Street,New York,NY,10036
3528,312 Lower Nis Hollow Drive,Lehighton,PA,18235
3529,51 Summit Street,Brighton,MI,48116
3530,205 West Fourth Street,Cincinnati,OH,45202
3531,14635 Baldwin Park Towne Center,Baldwin Park,CA,91706
3532,6400-6519 Mosley Street,Amarillo,TX,79119
3533,234 West 48th Street,New York,NY,10036
3534,2070 N. State Street,Greenfield,IN,46140
3535,International Plaza and Bay Street,Tampa,FL,33607
3536,4216 N.W. 63rd Street,Oklahoma City,OK,73116
3537,352 Montauk Highway,Wainscott,NY,11975
3538,1020 Main Street,Boise,ID,83702
3539,7777 South Jones Boulevard,Las Vegas,NV,89139
3540,515 Westheimer Road,Houston,TX,77006
3541,17925 Devonshire Street,Northridge,CA,91325
3542,2160 West Drake Road,Fort Collins,CO,80526
3543,5850 Rogerdale Road,Houston,TX,77072
3544,4240 South Rainbow Boulevard,Las Vegas,NV,89103
3545,151 Industrial Road,San Carlos,CA,94070
3546,"2125, 2127, 2129, 2131 and 2133 South Great Southwest Parkway",Grand Prairie,TX,75051
3547,10950 Tantau Avenue,Cupertino,CA,95014
3548,4115 US 27 South,Sebring,FL,33870
3549,"2611, 2621 & 2625 Oswell St.",Bakersfield,CA,93306
3550,8903-8939 Broadway Avenue,Merrillville,IN,46410
3551,614-658 South Brookhurst Street,Anaheim,CA,92804
3552,8261 Oxon Hill Road,Fort Washington,MD,20744
3553,13637 North Tatum Boulevard,Phoenix,AZ,85032
3554,342 North Eastern Boulevard,Fayetteville,NC,28301
3555,9090 Moody Street,Cypress,CA,90630
3556,914 N. Victory Boulevard,Burbank,CA,91502
3557,333 5th Place South,Kirkland,WA,98033
3558,2750 Carl T. Jones Drive Southeast,Huntsville,AL,35802
3559,"9906 Fallard Court, Condo Unit A",Upper Marlboro,MD,20772
3560,2201 Presidents Corner,Arlington,TX,76011
3561,"300-324 W. Edmond Road, 401-441 S. Fretz Avenue",Edmond,OK,73003
3562,111 Shartom Drive,Augusta,GA,30907
3563,3333 Fairhaven Drive,Lafayette,IN,47909
3564,100 East Main Street and 101 East Water Street,Charlottesville,VA,22902
3565,2662 Route 130,Cranbury,NJ,08512
3566,2908 Santa Rosa Avenue,Santa Rosa,CA,95407
3567,1901 Terrell Mill Road,Marietta,GA,30067
3568,Southeast Corner Route 347 and Canal Road,Port Jerfferson,NY,11777
3569,41-89 Vaughan Lane,Pell City,AL,35125
3570,Highway 304 Rio Communities,Belen,NM,87002
3571,10636 Scripps Summit Court,San Diego,CA,92131
3572,860 Via De La Paz,Pacific Palisades,CA,90272
3573,4427 13th Avenue Southwest,Fargo,ND,58103
3574,3000 Kustom Drive,Hebron,KY,41048
3575,"4612, 4654, 4714, 4611 Milestone Lane",Castle Rock,CO,80104
3576,5954 Luther Lane,Dallas,TX,75225
3577,1418 West Marshall Street,Richmond,VA,23220
3578,22613 76th Avenue South,Kent,WA,98035
3579,8 Fairview Place,Brooklyn,NY,11226
3580,2401-2501 Belair Road,Baltimore,MD,21213
3581,3884 Buckingham Court,St. Louis,MS,63108
3582,4249 Balmoral Drive,Huntsville,AL,35801
3583,520 North Delaware Avenue,Philadelphia,PA,19125
3584,13326 Community Road,Poway,CA,92064
3585,55 Franklin Avenue,Brooklyn,NY,11205
3586,616 - 620 North Carroll Street,Madison,WI,53703
3587,901 Poydras Street,New Orleans,LA,70112
3588,529-539 Rincon Street,Corona,CA,92880
3589,409 Commack Road,Deer Park,NY,11729
3590,1852 Hilliard Rome Road,Hilliard,OH,43026
3591,28405 Van Dyke Avenue,Warren,MI,48092
3592,801-811 8th Street,Miami Beach,FL,33139
3593,421 23rd Avenue South,Seattle,WA,98144
3594,1330 Wabank Road,Lancaster,PA,17603
3595,721 W Memorial Rd,Oklahoma City,OK,73114
3596,2605 South First Street,Lufkin,TX,75901
3597,16321 Pacific Coast Highway,Pacific Palisades,CA,90272
3598,3701 NE Loop 820,Fort Worth,TX,76137
3599,2416 North Old Mill Loop,Coeur D'Alene,ID,83814
3600,38035 Schoolcraft; 13106-13131 Waco Court,Livonia,MI,48150
3601,2264 Fair Oaks Boulevard,Sacramento,CA,95825
3602,4145 Buffalo Road,Harborcreek,PA,16510
3603,2900 North Avenue,Grand Junction,CO,81501
3604,2500 Cumberland Parkway,Atlanta,GA,30339
3605,3900 Tyler Street,Riverside,CA,92504
3606,20 Waterchase Drive,Rocky Hill,CT,06067
3607,5050 FM 1960 West,Houston,TX,77069
3608,14668 Duval Road,Jacksonville,FL,32218
3609,100 Route 59,Monsey,NY,10952
3610,145 Littleton Road,Westford,MA,01886
3611,1820 North Highway 17,Mount Pleasant,SC,29464
3612,7860 Plantation Road,Roanoke,VA,24019
3613,881 44th Street SW,Wyoming,MI,49509
3614,175 Guthrie Lane,Brentwood,CA,94513
3615,800 East 64th Avenue,Denver,CO,80229
3616,2010 East 15th Street,Los Angeles,CA,90021
3617,8900-8920 and 8965 Village Shops Drive,Fairfax Station,VA,22039
3618,13535 F Street,Omaha,NE,68137
3619,11355-11415 Old Goddard Road,Allen Park,MI,48101
3620,5050 Edgewood Road Northeast,Cedar Rapids,IA,52411
3621,5100 North Ridge Road,Sarasota,FL,34238
3622,4048 Cerrillos Road,Santa Fe,NM,87505
3623,596 Market Street,Newark,NJ,07105
3624,2611 Pago Pago Street,Anchorage,AK,99507
3625,6000-6010 W. Cheyenne Avenue,Las Vegas,NV,89108
3626,2355 West Michigan Avenue,Pensacola,FL,32526
3627,2315 North 124th Street,Brookfield,WI,53005
3628,300 Billerica Road,Chelmsford,MA,01824
3629,"443 East 34th Street; 3355, 3349-3405, 3365-3367, 3457, 3429-3473, 3469-3481 South Dr. Martin Luther King Junior Drive",Chicago,IL,60616
3630,2754 Gunter Park Drive West,Montgomery,AL,36109
3631,6680 Parkland Boulevard,Solon,OH,44139
3632,7560 North Merriman Road,Westland,MI,48185
3633,8202-8280 and 7825-7879 East 71st Street,Tulsa,OK,74133
3634,1410 Ocean Street,Santa Cruz,CA,95060
3635,650-850 Riverside Drive,Coral Springs,FL,33071
3636,380 & 386 International Drive,Bolingbrook,IL,60440
3637,16238 Ranch Road 620,Round Rock,TX,78717
3638,2010 Hospitality Way,Medford,OR,97504
3639,1456 Duke Street,Alexandria,VA,22314
3640,3033 NW Grand Boulevard,Oklahoma City,OK,73116
3641,1021 Hopper Avenue,Santa Rosa,CA,95403
3642,2845 Ridge Road,Rockwall,TX,75032
3643,"3200-3240 El Camino Real, 400-450 Exchange, and 200, 210, 220, 240, 250, and 300-350 Commerce",Irvine,CA,92612
3644,2700 N. Rainbow Boulevard,Las Vegas,NV,89108
3645,213 West 35th Street,New York,NY,10001
3646,209 AABC Avenue (Units A-H),Aspen,CO,81611
3647,500 Sunrise Highway,Patchogue,NY,11772
3648,719 West 15th Street,Washington,NC,27889
3649,1929 Rt. 37 East,Toms River,NJ,08753
3650,339 Burnett Avenue South,Renton,WA,98055
3651,925 Hale Place,Chula Vista,CA,91914
3652,2800 Highlands Parkway Southeast,Smyrna,GA,30082
3653,1733 and 1833 Alton Parkway,Irvine,CA,92606
3654,"1640 Sixteenth Street, NW",Washington,DC,20009
3655,5391-5467 Moreno Drive,Montclair,CA,91763
3656,14700-14720 Southwest Beard Road,Beaverton,OR,97007
3657,10680 West Pico Boulevard,Los Angeles,CA,90064
3658,5450 Wilshire Blvd,Los Angeles,CA,90036
3659,"1199 Vermont Avenue, NW",Washington,DC,20005
3660,345 East 77th Street a/k/a 343/349 East 77th Street,New York,NY,10075
3661,7916 US 27 S,Sebring,FL,33876
3662,2310 Kuhio Ave.,Honolulu,HI,96815
3663,5100 West Mountain Street,Stone Mountain,GA,30083
3664,75 Mystic Avenue,Somerville,MA,02145
3665,11800 Miramar Parkway,Miramar,FL,33025
3666,807 Church Street,Evanston,IL,60201
3667,201-299 Madonna Road,San Luis Obispo,CA,93405
3668,375 Pine Avenue,Goleta,CA,93117
3669,1889 E. Maule Ave.,Las Vegas,NV,89119
3670,2131 West Interstate 20,Grand Prarie,TX,75052
3671,1099 Sylmar Avenue,Clovis,CA,93612
3672,11755 Pointe Place,Alpharetta,GA,30076
3673,7422-7426 Broadview Road,Parma,OH,44134
3674,8509 Old Harford Road,Baltimore,MD,21234
3675,2455 Connecticut Lane,Dallas,TX,75214
3676,910 West Parker Road,Plano,TX,75075
3677,26508-26532 Lorain Road,North Olmsted,OH,44070
3678,1111 Studewood Street,Houston,TX,77008
3679,4335 Chantilly Shopping Center,Chantilly,VA,20151
3680,731 East Blithedale Avenue,Mill Valley,CA,94941
3681,2630 Johnson Drive,Ventura,CA,93003
3682,"199, 270, 279 & 290 Canal Road",Fairless Hills,PA,19030
3683,1901 Northwest Highway,Garland,TX,75041
3684,208 Laurel Hill Road,Verona,VA,24482
3685,3100-3112 South Parker Road,Aurora,CO,80014
3686,50 Route 10,Hanover Township,NJ,07981
3687,2200-2260 Morris Road,Flower Mound,TX,75028
3688,1311 Catfish Lane,Norristown,PA,19403
3689,236-276 Greenpoint Avenue,Brooklyn,NY,11222
3690,9220 West 135th Street,Overland Park,KS,66221
3691,6020 Carolina Beach Boulevard,Wilmington,NC,28412
3692,2727 Virginia Circle,Amarillo,TX,79109
3693,5251 San Antonio Drive NE,Albuquerque,NM,87109
3694,391 Plainfield Commons,Plainfield,IN,46168
3695,"3100, 3110 and 3120 Lake Center Drive",Santa Ana,CA,92704
3696,2636 Trader Court,South Bend,IN,46628
3697,15214 Whittier Boulevard,Whittier,CA,90603
3698,700 University Village Drive,Orangeburg,SC,29115
3699,329 W. Aviation Road,Fallbrook,CA,92028
3700,1607 Van Voorhis Road,Morgantown,WV,26508
3701,600 Morning Drive,Bakersfield,CA,93306
3702,1634 Eye Street NW,Washington,DC,20006
3703,1776 Bicentennial Way,North Providence,RI,02911
3704,50 North Valle Verde Drive,Henderson,NV,89074
3705,10241 West Grand Parkway South,Richmond,TX,77406
3706,202 Childers Drive,Bastrop,TX,78602
3707,1519 SW 13th Street,Gainesville,FL,32608
3708,1905-79 Avenida Del Mexico,San Diego,CA,92154
3709,10220-10448 Silver Spring Drive,Milwaukee,WI,53225
3710,2615 Southwest 25th Street,Fort Lauderdale,FL,33317
3711,31547 Outer Highway 10 South,Yucaipa,CA,92399
3712,138 Hartford Ave. & #2 & #4 Evergreen,Hopedale,MA,01747
3713,800-802 Lexington Avenue,New York,NY,
3714,13735-13777 West 85th Drive; 8560-8570 Five Parks Drive,Arvada,CO,80005
3715,16253-16293 Gale Avenue,City Of Industry,CA,91745
3716,900 East Eighth Avenue,Upper Merion,PA,19406
3717,9850 Key West Avenue,Montgomery,MD,20850
3718,11960 Airline Drive,Houston,TX,77037
3719,834 Ohio Pike,Cincinnati,OH,45245
3720,4225 Sienna Parkway,Missouri City,TX,77459
3721,318-332 Santa Monica Boulevard,Santa Monica,CA,90401
3722,1212 Hancock Street,Quincy,MA,02109
3723,1527 Mission Avenue,Oceanside,CA,92054
3724,2385 East Pleasant Valley Road,Camarillo,CA,93012
3725,901 and 915 Brinton Road,Pittsburgh,PA,15221
3726,534 Flatbush Avenue,Brooklyn,NY,11225
3727,04299 Cecilia Drive,South Haven,MI,49090
3728,200 River Landing Boulevard,Myrtle Beach,SC,29579
3729,6134 White Horse Road,Greenville,SC,29611
3730,2550 Cross Timbers Road,Flower Mound,TX,75028
3731,9417 Trivue Circle,Twinsburg,OH,44087
3732,3980 Papermill Road,Knoxville,TN,37909
3733,2615 Park Avenue,Minneapolis,MN,55407
3734,9835-9925 13th Avenue,Plymouth,MN,55441
3735,475 Haggerty Road,Commerce Township,MI,48390
3736,1785 West Stadium Boulevard,Ann Arbor,MI,48103
3737,200 E. Capitol Street,Jackson,MS,39201
3738,5609-5619 North Figueroa Street,Los Angeles,CA,90042
3739,1975 Black Rock Turnpike,Fairfield,CT,06825
3740,7221 & 7239 Van Nuys Boulevard,Van Nuys,CA,91405
3741,104 Pleasant Street,Bryan,TX,77840
3742,3213 - 3295 Solomons Island Road,Edgewater,MD,21037
3743,3101 W. Normandale,Fort Worth,TX,76116
3744,2001 5th Street and 500 17th Avenue Drive,Silvis,IL,61282
3745,181 West Huntington Drive,Monrovia,CA,91016
3746,9640-9760 Mission Gorge Road,Santee,CA,92071
3747,26852-27072 La Paz Road,Aliso Viejo,CA,92656
3748,8500 Viscount Boulevard,El Paso,TX,79925
3749,Route 9 and Andrews Road,Hyde Park,NY,12538
3750,625 North Alma School Road,Chandler,AZ,85224
3751,230 Three Crosses Avenue,Las Cruces,NM,88005
3752,66-26 Metropolitan Avenue,Middle Village,NY,11379
3753,7230-7250 Wynnwood Lane,Houston,TX,77008
3754,W1211 015 Lakeview Drive,Sullivan,WI,53178
3755,258 Southhall Lane,Maitland,FL,32751
3756,609 Science Drive,Moorpark,CA,93021
3757,2225 South 34th Street and 3383 Primrose Court,Grand Forks,ND,58201
3758,"609, 615, 665 and 691 Sierra Rose Drive",Reno,NV,89511
3759,6151 Forest Hill Boulevard,West Palm Beach,FL,33415
3760,4390 Belle Oaks Drive,Charleston,SC,29405
3761,310 Greymont Avenue,Jackson,MS,39202
3762,428-430 North Rodeo Drive,Beverly Hills,CA,90210
3763,5100 Coe Avenue,Seaside,CA,93955
3764,1230 South Battlement Parkway,Parachute,CO,81635
3765,1050-1200 Highway 131 East,Clarksville,IN,47129
3766,190 E. First Street,Beaumont,CA,92223
3767,99 Prince Street,New York,NY,10012
3768,6000 Clark Avenue,Cleveland,OH,44102
3769,477 Viking Drive,Virginia Beach,VA,23452
3770,150 South Los Robles Avenue,Pasadena,CA,91101
3771,161 Halyburton Memorial Parkway,Wilmington,NC,28412
3772,7600-7740 City Line Avenue,Philadelphia,PA,19151
3773,112 Stribling Lane,Brandon,MS,39042
3774,30222 Esperanza,Rancho Santa Margarita,CA,92688
3775,130 West 16th Street,New York,NY,10011
3776,6975 Flanders Drive,San Diego,CA,92121
3777,909 Poydras Street,New Orleans,LA,70112
3778,21500 Haggerty Road,Farmington Hills,MI,48335
3779,201 Foster Street,Durham,NC,27701
3780,4835-4841 Fairmont Parkway,Pasadena,TX,77505
3781,50 Keoway Drive,Seneca,SC,29678
3782,"1070, 1120, 1140 & 1160 Hilltop Drive",Redding,CA,96003
3783,521 Garrisonville Road,Stafford,VA,22554
3784,3050 Clarksville Street,Paris,TX,75461
3785,2154 North Oregon Street,St. Helens,OR,97051
3786,33453375 and 3385 South Decatur Boulevard,Las Vegas,NV,89102
3787,35 North Walnut Street,Boyertown,PA,19512
3788,1776 Constitution Circle,Potterville,MI,48876
3789,783-819 Millersport Highway,Amherst,NY,14226
3790,4918-4990 Clark Road,Pittsfield,MI,48108
3791,900 Marietta Highway,Roswell,GA,30075
3792,18761 North Frederick Avenue,Gaithersburg,MD,20879
3793,710-870 E. Foothill Blvd.,Upland,CA,91786
3794,12316 & 12320 Mukilteo Speedway,Mukilteo,WA,98275
3795,1817 Brownstone Boulevard,Toledo,OH,43614
3796,10701 Brookmeade Circle,Williamsport,MD,21795
3797,"2533,2715,2745 Kettleman Lane;1379,1387 S. Lower Sacramento",Lodi,CA,95242
3798,3431 Percy Priest Drive,Nashville,TN,37214
3799,121 Northwest Point Boulevard,Elk Grove Village,IL,60007
3800,"729 15th Street, Northwest",Washington,DC,20005
3801,3 Greenhill Parkway,Birmingham,AL,35242
3802,15287 SE Louise Lane,Clackamas,OR,97015
3803,351-403 Greens Road,Houston,TX,77060
3804,1549 Placentia Avenue,Newport Beach,CA,92663
3805,14095 Northwest Freeway,Houston,TX,77040
3806,1700 Rock Prairie Road,College Station,TX,77840
3807,710 North Enterprise Street,Bowling Green,OH,43402
3808,44 Admiral Callaghan Lane,Vallejo,CA,94591
3809,5000 Frederica Street,Owensboro,KY,42301
3810,4456 North Braeswood Boulevard,Houston,TX,77096
3811,10 Prospect Street,Enola,PA,17025
3812,9536/9560 Wilshire Blvd. & 131 S. Rodeo Drive,Beverly Hills,CA,90212
3813,6910 Bell Road,Glendale,AZ,85308
3814,1011 Riverdale Street,West Springfield,MA,10890
3815,73-5591 Maiau Street,Kailua-Kona,HI,96740
3816,2179 East 5th Street,Metropolis,IL,62960
3817,3051 West State Street,Olean,NY,14760
3818,110 West Road,Towson,MD,21204
3819,150 West 140th Street,New York,NY,10030
3820,8550 East Old Spanish Trail,Tucson,AZ,85710
3821,2130 Palomino Road,Dover,PA,17315
3822,1901 & 2000-2006 East Franklin Street,Richmond,VA,23223
3823,285 Riverside Drive,New York,NY,10025
3824,8774-8928 Lakewood Drive,Windsor,CA,95492
3825,15715 South Apopka Vineland Road,Orlando,FL,32821
3826,9640 - 9650 Santa Monica Boulevard,Beverly Hills,CA,90210
3827,2170 N.W. 11 Street,Miami,FL,33125
3828,2450 Natomas Park Drive,Sacramento,CA,95833
3829,3333 West International Airport Road,Anchorage,AK,99502
3830,7807 East Main Street,Mesa,AZ,85207
3831,5422 Forest Drive,Columbia,SC,29206
3832,630-650 Dundee Road,Northbrook,IL,60062
3833,757 State Route 15 South,Lake Hopatcong,NJ,07849
3834,4060 Morena Boulevard,San Diego,CA,92032
3835,11331 Brockway Road,Truckee,CA,96161
3836,"900, 1000, 1200 & 1255 Corporate Center Drive",Monterey Park,CA,91754
3837,200 37th Street,Evans,CO,80620
3838,7460 E 14th St.,Brownsville,TX,78521
3839,334 West 200 North,Provo,UT,84606
3840,20 Meadowlands Parkway,Secaucas,NJ,07094
3841,813 Diligence Drive,Newport News,VA,23606
3842,20941 & 20981 East Smoky Hill Road,Centennial,CO,80015
3843,100 City Parkway,Las Vegas,NV,89106
3844,31500 Wick Road,Romulus,MI,48174
3845,855 King Authur Drive,Fayetteville,NC,28314
3846,14545 North Frank Lloyd Wright Boulevard,Scottsdale,AZ,85260
3847,300 Pacific Cost Highway,Huntington Beach,CA,92648
3848,2052 Century Park East,Los Angelos,CA,90067
3849,304 North Greene Street,Greensboro,NC,27401
3850,9925  State Avenue,Marysville,WA,98270
3851,14670-14770 E. Firestone Blvd.,La Mirada,CA,90638
3852,1345 East 4th Street and 1350 East 5th Street,Brooklyn,NY,11230
3853,2000 & 2400 Oxford Drive,Bethel Park,PA,15102
3854,1604 Reed Road,Fort Wayne,IN,46815
3855,6887 and 6889 Clearwater Road,Baxter,MN,56425
3856,13043 Foothill Boulevard,Sylmar,CA,91342
3857,1821-1881 East 4th Street,Ontario,CA,91764
3858,6050 Edgeware Lane,Alexandria,VA,22315
3859,4071 Lee Road,Cleveland,OH,44128
3860,2720 Towne Drive,Beavercreek,OH,45431
3861,2204 South Dobson Road,Mesa,AZ,85202
3862,5657 Wilshire Boulevard,Los Angeles,CA,90036
3863,28-44 Main Avenue,Wynantskill,NY,12198
3864,2174 & 2176 Kalakaua Avenue,Honolulu,HI,96815
3865,"2101, 2103, & 2105 Northeast 129th Street",Vancouver,WA,98686
3866,"2161, 2181 and 2233 East Foothill Boulevard",Pasadena,CA,91107
3867,2911 East Indian School Road,Phoenix,AZ,85016
3868,800 N. Lovers Lane,Visalia,CA,93292
3869,13350 Camino Del Sur,San Diego,CA,92129
3870,4880 West Rosecrans Avenue,Hawthorne,CA,90250
3871,6322 Ritchie Highway,Glen Burnie,MD,21060
3872,7310-7340 Smoke Ranch Road,Las Vegas,NV,89128
3873,2410 Sunrise Ridge Circle,Brookings,SD,57006
3874,1140 Baltimore Pike,Springfield,PA,19064
3875,4900 East Colonial Drive,Orlando,FL,32803
3876,4 Industrial Way East,Eatontown,NJ,07724
3877,331 Bell Street,Wilmington,NC,28401
3878,670-692 Vernon Avenue,Glencoe,IL,60022
3879,401 Harvey Road,College Station,TX,77840
3880,2501 Discovery Drive,Orlando,FL,32826
3881,350 Long Beach Boulevard,Stratford,CT,06615
3882,1133 51st Avenue Northeast,Gig Harbor,WA,98332
3883,36610 Briggs Road,Murrieta,CA,92563
3884,2415 Mission Street,San Francisco,CA,94110
3885,130 Fifth Avenue,New York,NY,10011
3886,47 Maple Street,Mansfield,MA,02048
3887,4907 West 10th Street,Great Bend,KS,67530
3888,200-206 East 87th Street,New York,NY,10128
3889,171st Street and West Center Road,Omaha,NE,68130
3890,300 Kimberton Road,Phoenixville,PA,19460
3891,2800-2846 Fisher Road NE,Salem,OR,97305
3892,400 Lake Drive,Nokomis,FL,34275
3893,3815 Devonshire Avenue Northeast,Salem,OR,97305
3894,902 Taylor Street,Punta Gorda,FL,33950
3895,2717 W. Cypress Creek Road,Fort Lauderdale,FL,33309
3896,1500 North Poast Oak Road,Houston,TX,77055
3897,1559 Corporate Woods Parkway,Uniontown,OH,44685
3898,5690 West Broad Street,Columbus,OH,43228
3899,8203 Piedmont Triad Parkway,Greensboro,NC,27409
3900,4 Tower Center Boulevard,East Brunswick,NJ,08816
3901,1213-1215 Second Avenue,Aurora,IL,60505
3902,1050 Marina Village Parkway,Alameda,CA,94501
3903,124 Yorke Street,Salem,NJ,08079
3904,7040 South Durango Drive,Las Vegas,NV,89113
3905,2575 East Bidwell Street,Folsom,CA,95630
3906,550  North Canyons Parkway,Livermore,CA,94550
3907,2600-2680 Horizon Road,Grand Rapids,MI,49546
3908,5960-6020 West Spring Mountain Rd.,Las Vegas,NV,89102
3909,9 Gartely Street,Lisbon,ME,04250
3910,3601 San Jose Avenue,Merced,CA,95348
3911,600 McCabe Road,La Porte,TX,77571
3912,12121 - 12127 Blue Ridge Boulevard,Grandview,MO,72816
3913,940 Piedmont Avenue Northeast,Atlanta,GA,30309
3914,1835-1975 Northeast Division Street,Gresham,OR,97030
3915,10027 Spice Lane,Houston,TX,77072
3916,3220 West 111th Street,Chicago,IL,60655
3917,1541 East Bulldog Lane,Fresno,CA,93710
3918,24130-24182 Lyons Avenue,Santa Clarita,CA,91321
3919,11230 South Orange Blossom Trail,Orlando,FL,32821
3920,2 North Nevada Avenue,Colorado Springs,CO,80903
3921,196 McClung Road,La Porte,IN,46350
3922,3185 Contra Loma Boulevard,Antioch,CA,94509
3923,9085 Southwest State Road 200,Ocala,FL,34481
3924,8108 Abercorn Street,Savannah,GA,31406
3925,N.C. Highway 133 and N.C. Highway 211,Brunswick County,NC,28461
3926,"2280 Kalakaua Avenue, 325 and 333 Seaside Avenue",Honolulu,HI,96815
3927,6930 Lefferson Road,Middletown,OH,45044
3928,23456 Ottawa Road,Apple Valley,CA,92307
3929,10200 Wadsworth Boulevard,Westminster,CO,80021
3930,605 & 611 Rockmead Drive,Kingwood,TX,77339
3931,3423 Bee Caves Road,West Lake Hills,TX,78746
3932,821 Alexis Road,Toledo,OH,43612
3933,1625 East County Line Road,Jackson,MS,39211
3934,1756 South Clyde Morris Boulevard,Daytona Beach,FL,32119
3935,460 Valley Drive,Brisbane,CA,94124
3936,699 South Green Bay Road,Neenah,WI,54956
3937,222 Jericho Turnpike,Smithtown,NY,11787
3938,9030 Betel Drive,El Paso,TX,79907
3939,20401 & 20411 Southwest Birch Street,Newport Beach,CA,92660
3940,234 West 42nd Street,New York,NY,10036
3941,US Route 52 West,West Lafayette,IN,47906
3942,5366 N. Northwest Highway,Chicago,IL,60630
3943,1250 Northwest Highway,Garland,TX,75041
3944,265 Davidson Avenue,Franklin (Somerset),NJ,08873
3945,10001US Highway 27 South,Sebring,FL,33870
3946,4 Buffalo Avenue,Freeport,NY,11520
3947,8223-8229 Germantown Avenue,Philadelphia,PA,19118
3948,North 4791 State Route 25,Menomonie,WI,54751
3949,2170 Greenridge Road,North Charleston,SC,29406
3950,2502-2550 Waukegan Road,Glenview,IL,60025
3951,10960 Southgate Manor Drive,Louisville,KY,40229
3952,2950 North Hollywood Way,Burbank,CA,91505
3953,2601 East Del Amo Blvd,Rancho Dominguez,CA,90221
3954,4116 Silver Star Road,Orlando,FL,32808
3955,200 West Padonia Road,Cockeysville,MD,21030
3956,2950 East Broadway Road,Phoenix,AZ,85040
3957,8101 Northeast Parkway Drive,Vancouver,WA,98662
3958,10150-10200 W. Sample Rd.,Coral Springs,FL,33065
3959,2692 Madison Road,Cincinnati,OH,45208
3960,"720, 750, 760 Southwest 12th Avenue & 2680 Gateway Drive",Pompano Beach,FL,33069
3961,211 South Gulph Road,King Of Prussia,PA,19406
3962,1275 South Huron Street,Ypsilanti,MI,48197
3963,703 Bumpas Drive,Mckinney,TX,75069
3964,519-535 SE Morrison Street,Portland,OR,97214
3965,3395 Spangler Drive,Lexington,KY,40517
3966,6221-6255 South Archer Avenue,Chicago,IL,60638
3967,4299 Collins Avenue,Miami Beach,FL,33140
3968,1246-1256 3rd Avenue,Chula Vista,CA,91911
3969,SWC Yorba Linda Boulevard and Placentia Avenue,Fullerton,CA,92831
3970,2401 East El Segundo Boulevard,El Segundo,CA,90245
3971,4950 and 4980 Roe Avenue,Roeland Park,KS,66205
3972,3055-3109 North Meridian Street,Indianapolis,IN,46208
3973,3200 Broadway Boulevard,Garland,TX,75043
3974,7667 Maple Avenue,Takoma Park,MD,20912
3975,16216 Raymer Street,Van Nuys,CA,91406
3976,4001 Kennett Pike,Greenville,DE,19807
3977,3840 & 3850 East Sunset Road,Las Vegas,NV,89120
3978,880 9th Avenue,Anchorage,AK,99501
3979,1500 South 2nd Street,Saint Louis,MO,63104
3980,2500 Louisiana Blvd NE,Albuquerque,NM,87110
3981,5751 Clarkston Road,Independence Township,MI,48348
3982,300 Third Avenue,Waltham,MA,02154
3983,1250 South Orchard Street,Boise,ID,83705
3984,6 Rhoads Drive,Utica,NY,13502
3985,2621 84th Street South,Lakewood,WA,98499
3986,8401 & 8415 Datapoint Drive,San Antonio,TX,78229
3987,4975 Lacrosse Road,Charleston,SC,29406
3988,"8755, 8759, 8765, 8775 & 8785 Central Parkway",Sacramento,CA,95823
3989,300 7th Street SW,Washington,DC,20024
3990,810 West Briarwood Way,Greensburg,IN,47240
3991,565 - 600 North High Street,Columbus,OH,43215
3992,1425 Sandy Plains Road,Marietta,GA,30066
3993,1347 West Broad Street (Highway 87-Business at Peanut Rd.),Elizabethtown,NC,28337
3994,"13911, 13931 & 13951 Carroll Way",Tustin,CA,92780
3995,18985 West Capitol Drive,Brookfield,WI,53045
3996,555 South 51st Street,West Des Moines,IA,50265
3997,7610 Hamilton Park Drive,Chattanooga,TN,37421
3998,24 Cathedral Place,St. Augustine,FL,32084
3999,SEC Northwest 23rd Street and Rockwell Avenue,Bethany,OK,73008
4000,2805 Par Drive,Raleigh,NC,27603
4001,1506 Whispering Wind Drive,Phoenix,AZ,85027
4002,297 West State Road 436,Altamonte Springs,FL,32714
4003,82-17 153rd Avenue,Howard Beach,NY,11414
4004,"4525, 4533 and 4647 MacArthur Boulevard",Newport Beach,CA,92660
4005,675 West Indiantown Road,Jupiter,FL,33458
4006,260 Needham Street,Newton,MA,02464
4007,1723-27 Union Street,San Francisco,CA,93401
4008,"719-739, 801-821 and 826 Lincoln Road",Miami Beach,FL,33139
4009,"7755, 7711, 7777, 7979, 7887 Center Avenue",Huntington Beach,CA,92647
4010,3927 Hadjes Drive,Lake Worth,FL,33467
4011,5860 Trinity Parkway,Centreville,VA,20120
4012,1000 Windy Pass,Barstow,CA,92311
4013,4067-4077 West 3rd Street,Los Angeles,CA,90020
4014,6251 Melody Lane,Dallas,TX,75231
4015,655 Fairview Road,Simpsonville,SC,29680
4016,1817 North West 9th Street,Corvallis,OR,97330
4017,173 Main Street,Clay,WV,25043
4018,28102-28194 Newhall Ranch Road,Santa Clarita,CA,91355
4019,6714 Larimer Street,Houston,TX,77020
4020,162 West 54th Street,New York,NY,10019
4021,228 Lackawana Avenue,West Paterson,NJ,07424
4022,1555 North Naperville Wheaton Road,Naperville,IL,60563
4023,"2701, 2705 & 2709 North Mesquite Drive",Mesquite,TX,75150
4024,3030-3090 Lawrence Expwy / 3639-3693 Enochs St.,Santa Clara,CA,95051
4025,8810 South Emerson Avenue,Indianapolis,IN,46237
4026,401 Route 3,Clifton,NJ,07014
4027,3002 FM 1960 East,Harris County,TX,77380
4028,761 Post Street,San Francisco,CA,94109
4029,2980 Northwest 79th Street,Miami,FL,33147
4030,1001 West Belmont Avenue,Chicago,IL,60657
4031,700 Broadway,Amityville,NY,11701
4032,2370 State Route 70 West,Cherry Hill,NJ,08002
4033,7125 North 19th Avenue,Phoenix,AZ,85021
4034,100 and 200 Quannapowitt Parkway,Wakefield,MA,01880
4035,6650 Highland Road,Waterford,MI,48327
4036,"730 11th Street, Northwest",Washington,DC,20001
4037,"300, 330 & 360 N. Sandhill Blvd",Mesquite,NV,89027
4038,4888 21st Ave. North,St. Petersburg,FL,33713
4039,21637-21759 State Road 7,Boca Raton,FL,33428
4040,3800 Electric Rd,Roanoke,VA,24018
4041,2961 Fruitridge Road,Sacramento,CA,95820
4042,5050 East University Drive & 446 North Higley Road,Mesa,AZ,85205
4043,7415 Tallow Wind Trail,Ft. Worth,TX,76133
4044,20 Ohlone Parkway,Watsonville,CA,95076
4045,21720 & 21716 South Avalon Boulevard; 714 & 718 East Carson Street,Carson,CA,90745
4046,10231 Plano Road,Dallas,TX,75238
4047,18400 SW 57th Avenue,Miami,FL,33015
4048,4600 Shelbyville Road,Louisville,KY,40207
4049,8965 South Eastern Avenue,Las Vegas,NV,89123
4050,2815 South Alma School Road,Mesa,AZ,85210
4051,25 Matheson Street,Healdsburg,CA,95448
4052,1822 S. Zarzamora St.,San Antonio,TX,78207
4053,201 East Louise Avenue,Lathrop,CA,95330
4054,"60, 70, 80, 90 Bailey Station Road",Collierville,TN,38017
4055,310 West Broadway,New York,NY,10013
4056,One Spectrum Pointe Drive,Lake Forest,CA,92630
4057,56 Port O'Call Drive,Indianapolis,IN,46224
4058,220 Beaver Creek Place; 82 East Beaver Creek Boulevard,Avon,CO,81620
4059,11452-11512 El Camino Real,San Diego,CA,92130
4060,4601 Quail Hollow,Baytown,TX,77521
4061,599 Nashua Street,Milford,NH,03055
4062,"2970, 2990, 2992 East La Palma Ave., 1035, 1045 Armando St.",Anaheim,CA,92806
4063,1240 New Scotland Road,Bethlehem,NY,12159
4064,"S. Los Angeles,Santee, & E. 8th Streets",Los Angeles,CA,90014
4065,6 South Lake Avenue,Albany,NY,12203
4066,50 West Liberty Street,Reno,NV,89501
4067,10333 - 10585 Meridian Street,Carmel,IN,46290
4068,1424 K Street Northwest,Washington,DC,20005
4069,425 Broome Street,New York,NY,10013
4070,401 Little Texas Lane,Austin,TX,78745
4071,300 Parkway Drive,Lincolnshire,IL,60069
4072,11505  Riverside Drive,Los Angeles,CA,91602
4073,12111 Parklawn Drive,Rockville,MD,20852
4074,826 South Hobart Boulevard,Los Angeles,CA,90005
4075,21871 Newland Street,Huntington Beach,CA,92646
4076,501 and 925 Robin Road,Amherst,NY,14228
4077,5625-5895 SW 137th Ave,Hollywood,FL,33021
4078,6715-6717 Park Heights Ave.  3602-3610 Clarinth Rd,Baltimore,MD,21215
4079,2320 Bee Ridge Road,Sarasota,FL,34239
4080,3400 Pelican Pointe Drive,Slidell,LA,70458
4081,185-195 South Middle Neck Road,Great Neck,NY,11021
4082,114 Chapel Drive and 1828 West Pensacola Street,Tallahassee,FL,32304
4083,19325-71 South Dixie Highway,Miami,FL,33157
4084,3000 South Robertson Boulevard,Los Angeles,CA,90034
4085,252 E Main Street,Hendersonville,TN,37075
4086,301 St. Joseph Street,New Orleans,LA,70130
4087,1191 Dixwell Avenue,Hamden,CT,06514
4088,4 Kitty Hawk Landing,Londonderry,NH,03053
4089,8333 Royal Ridge Parkway,Irving,TX,75063
4090,3811 Nashville Road,Franklin,KY,42134
4091,16620 N. 40th Street,Phoenix,AZ,85032
4092,2720 Palmer Drive,Gulfport,MS,39507
4093,2015 North Dunn Street,Bloomington,IN,47408
4094,4700 & 4720 Jonesboro Road,Union City,GA,30291
4095,205 North Lincoln Avenue,Corona,CA,92882
4096,701 West Imperial Highway,La Habra,CA,90631
4097,1865-1963 Del Amo Boulevard,Torrance,CA,90501
4098,12849 Metcalf Avenue,Overland Park,KS,66213
4099,1586 North Blue Lakes Blvd.,Twin Falls,ID,83301
4100,3501 Del Prado Boulevard South,Cape Coral,FL,33904
4101,100 South Seranado Street,Orange,CA,92669
4102,6822 Riverdale Road,Lanham,MD,20737
4103,357 Lee Street,Forest Park,GA,30297
4104,884 Manor Road,Staten Island,NY,10314
4105,22525 Wick Road,Taylor,MI,48180
4106,1950 86th Street,Indianapolis,IN,46260
4107,112-05/11 Liberty Avenue,Ozone Park,NY,11419
4108,1918 South 9th Street,Rogers,AR,72758
4109,11420 and 11480 Brookshire Avenue,Downey,CA,90241
4110,8600 W. 159th Street,Orland Park,IL,60462
4111,"511 Smith Avenue, 4803 Yale Street, 5613 FM 2004, 4834 1st Street and 3212 Federal Road","Pasadena, Houston And Hitchcock",TX,
4112,84 Silver Maple Ridge,Charleston,WV,25306
4113,20 Burton Hills Boulevard,Nashville,TN,37215
4114,3300 East Broad Street; 700 Cannon Drive South,Mansfield,TX,76063
4115,1801 Royal Lane,Farmers Branch,TX,75229
4116,23741 US-59 North,Porter,TX,77365
4117,529 North Whitham Avenue; 705 & 711 West Douglas Street,Fayetteville,AR,72701
4118,1751 South Clyde Morris Boulevard,Daytona Beach,FL,32119
4119,8201 Congress Avenue,Boca Raton,FL,33487
4120,9235-9415 West Silver Spring Drive and 8175-8223 West Medford Avenue,Milwaukee,WI,
4121,2057 Vermont Drive,Fort Collins,CO,80525
4122,1701 Gulf City Rd.,Ruskin,FL,33570
4123,950 Bridgeview Street North,Zilwaukee,MI,48604
4124,800 East Lugonia Avenue,Redlands,CA,92374
4125,2007 Springcrest Drive,Arlington,TX,76010
4126,830 Park Avenue and 840-842 Park Avenue,New York,NY,10065
4127,6900 West 117th Avenue and 11600 Quay Street,Broomfield,CO,80020
4128,699 Hampshire Road,Thousand Oaks,CA,91361
4129,1152 North White River Parkway West Drive,Indianapolis,IN,46222
4130,4501 Alhambra Drive,Davis,CA,95616
4131,One Center Street,Folly Beach,SC,29439
4132,333 Audubon Drive,Corolla,NC,27927
4133,6200 Riese Drive,Raleigh,NC,27613
4134,82435 Requa Avenue,Indio,CA,92201
4135,3187 North Parkway Drive,Fresno,CA,93722
4136,4250 Pacific Highway,San Diego,CA,92110
4137,26621 Cabot Road,Mission Viejo,CA,92653
4138,104 East Park Drive,Brentwood,TN,37027
4139,24700 Mission Blvd,Hayward,CA,94544
4140,4141 Northeast 2nd Avenue,Miami,FL,33137
4141,6826 NY-12,Norwich,NY,13815
4142,349 Briarbend,New Braunfels,TX,78130
4143,8300 North Alcott Street,Westminster,CO,80031
4144,990 and 1000 Marsh Road,Menlo Park,CA,94025
4145,400 South Sepulveda Boulevard,Manhattan Beach,CA,90266
4146,1621 Huguenot Road,Midlothian,VA,23113
4147,1625 South Fry Road,Katy,TX,77450
4148,2755 Country Club Road,Lake Charles,LA,70605
4149,560-570 West Frontage Road,Northfield,IL,60093
4150,60501 Grand River Avenue,New Hudson,MI,48165
4151,4000 Ace Lane,Lewisville,TX,75067
4152,7820 Poplar Avenue,Germantown,TN,38138
4153,14950 Vanowen St.,Van Nuys,CA,91405
4154,3330-3390 E. 7th St. and 665-681 Redondo Ave.,Long Beach,CA,90804
4155,4000 Baldwin Road,Auburn Hills,MI,48326
4156,20928-21164 North John Wayne Parkway,Maricopa,AZ,85139
4157,201 West Padonia Road,Timonium,MD,21093
4158,39345 6th Avenue,Zephyrhills,FL,33540
4159,7000 Arundel Mills Circle,Hanover,MD,21076
4160,216 S.E. Georgia Avenue,Sweetwater,TX,79556
4161,1901 West 47th Place,Westwood,KS,66205
4162,5285 Shawnee Road,Alexandria,VA,22312
4163,270 East Hunt Highway,Queen Creek,AZ,85242
4164,300 North Vista,Houston,TX,77073
4165,20210 East Smoky Hill Road,Centennial,CO,80015
4166,1630 Orchard Drive,Placentia,CA,92629
4167,2851 Wallingford Drive,Houston,TX,77042
4168,2400 West Mulberry Street,Angleton,TX,77515
4169,"33-01/33-45 90th Street a/k/a 99-02 Northern Boulevard, a/k/a 33-02/33-44 91st Avenue, a/k/a 90-01 34th Avenue",Jackson Heights,NY,11372
4170,273 Leonard Street,Brooklyn,NY,11211
4171,6510 Paradise Boulevard NW,Albuquerque,NM,87114
4172,9827 Bluebonnet Blvd,Baton Rouge,LA,70810
4173,1105 Ronstan Drive,Killeen,TX,76542
4174,14061 Lappin Avenue,Detroit,MI,48205
4175,12201 Cary Circle,La Vista,NE,68128
4176,7050 South Florida Ave,Lakeland,FL,33860
4177,21 West Washington Street,West Chester,PA,19380
4178,3201 Knight Street,Shreveport,LA,71105
4179,1806 East Gun Hill Road,Bronx,NY,10469
4180,4001 Sunset Drive,San Angelo,TX,76904
4181,310-370 Miller Avenue / 307-313 North 1st Street,Ann Arbor,MI,48103
4182,1101 South Airline Road,Mount Pleasant,WI,53406
4183,7701-7739 West Bellfort Avenue,Houston,TX,77071
4184,601 West Polk Street,Chicago,IL,60607
4185,4975 US Highway 17,De Leon Springs,FL,32130
4186,7250 Walnut Street,Upper Darby Township,PA,19082
4187,5532-5798 NW 183rd Avenue,Portland,OR,97229
4188,315 Barricks Road,Brooks,KY,40229
4189,2300 Planet Avenue,Salina,KS,67401
4190,"9701, 9705 and 9713 Dixie Highway",Louisville,KY,40272
4191,310 Merrick Road,Rockville Center,NY,11570
4192,9815 Rose Commons Drive,Huntersville,NC,28078
4193,3501 North Sepulveda Boulevard,Manhattan Beach,CA,90266
4194,1025 Adams Circle,Boulder,CO,80303
4195,4758 State Highway 28,Cooperstown,NY,13326
4196,9201 Fourth Avenue,Brooklyn,NY,11209
4197,"200 Cleveland Ave, SW",Atlanta,GA,30315
4198,115 Woodland Avenue,Atlanta,GA,30329
4199,35-21 & 35-27 81st Street,Jackson Heights,NY,11372
4200,375 Rivertown Drive,Woodbury,MN,55125
4201,"9402, 9414 and 9424 Falls of Neuse Road",Raleigh,NC,27615
4202,900 Spring Forest Road,Raleigh,NC,27609
4203,7329 East State Route 37,Sunbury,OH,43074
4204,320 West 31 Street,New York,NY,10001
4205,1305-1440 Gateway Boulevard,Fairfield,CA,94533
4206,1500 6th Avenue,Seattle,WA,98101
4207,Route 74 and Country Club Road,Belle Vernon,PA,17815
4208,5600 Ogontz Avenue,Philadelphia,PA,19141
4209,4500 City Line Avenue (U.S. Route 1),Philadelphia,PA,19131
4210,39-25 21st Street,Long Island City,NY,11101
4211,9599 Skokie Boulevard,Skokie,IL,60077
4212,1369 Broadway,New York,NY,10018
4213,5930 West Greenway Road,Glendale,AZ,85306
4214,800 Market Street,St. Louis,MO,63101
4215,868 Fording Island Road,Bluffton,SC,29910
4216,2400 Dallas Parkway,Plano,TX,75093
4217,502-540 Industrial Drive,Lewisberry,PA,17339
4218,13121 - 13169 North Dale Mabry Highway,Tampa,FL,33618
4219,156 William Street,New York,NY,10038
4220,754 San Souci Parkway,Hanover,PA,18706
4221,2226 Merrill Drive,Forrest City,AR,72335
4222,455 Gibraltar Drive,Bolingbrook,IL,60440
4223,11613-11683 Cherry Avenue,Fontana,CA,92337
4224,55 Villa Road,Greenville,SC,29615
4225,19-33  Needham Street,Newton,MA,02464
4226,1290 Avenue of the Americas,New York,NY,10104
4227,11 Brendan Way,Greenville,SC,29615
4228,2407 Peyton Drive,Charlottesville,VA,22901
4229,2442 Pleasant Hill Road,Duluth,GA,30096
4230,1100 Garden View Road,Encinitas,CA,92024
4231,27755-27775 Diehl Road,Warrenville,IL,60555
4232,602 South 2nd Street,Philadelphia,PA,19147
4233,8665 East Hartford Drive,Scottsdale,AZ,85255
4234,615 & 629 J Street,San Diego,CA,92101
4235,1080 Holcomb Bridge Road,Roswell,GA,30076
4236,650 Henderson Drive,Cartersville,GA,30120
4237,9416 East 65th Street,Tulsa,OK,74133
4238,661 Northwest 53 Street,Boca Raton,FL,33487
4239,1900 NW 150th Ave.,Pembroke Pines,FL,33028
4240,7610 S Kentucky,Oklahoma City,OK,73159
4241,5702-5750 Raymond Road,Madison,WI,53711
4242,1501 East Bantam Road,Tucson,AZ,85706
4243,1780 E. Main Street,Woodland,CA,95776
4244,6296-6334 SW Meadows Road; 14990 - 15180 SW Bangy Road,Lake Oswego,OR,97035
4245,1745-1865 East River Road and 4419-4429 Campbell Avenue,Tucson,AZ,85718
4246,1905 East Apache Boulevard,Tempe,AZ,85281
4247,471 Silver Street,Manchester,NH,03103
4248,4850 - 4870 W. Flamingo Road,Las Vegas,NV,89103
4249,3315 Belt Line Road,Garland,TX,75044
4250,"1229,1275, and 1305 Post Road",Fairfield,CT,06430
4251,3100-3232 Florida Avenue,Hemet,CA,92543
4252,301 Light Street & 201 East Pratt Street,Baltimore,MD,21202
4253,490 Eagles Landing Parkway,Stockbridge,GA,30281
4254,1445 North Rock Road,Wichita,KS,67206
4255,25015 Little Mack Avenue,Saint Clair Shores,MI,48080
4256,1050-1150 E. Henderson,Fresno,CA,93706
4257,351 Brighton Avenue,Rochester,PA,15074
4258,1 Solutions Parkway,Town And Country,MO,63017
4259,124 South 24th Street,Phoenix,AZ,85034
4260,8351 Dove Parkway,Canal Winchester,OH,43110
4261,10575 West Indian School Road,Avondale,AZ,85323
4262,415 South Ninth Street,Lebanon,PA,17042
4263,3250 Scottsville Road,Bowling Green,KY,42104
4264,NWC Cooper Road & Montgomery Road,Montgomery,OH,45242
4265,99 Union Road,Spring Valley,NY,10977
4266,2423 Pleasant Hill Road,Duluth,GA,30096
4267,8869 Maya Lane,Jennings,MO,63136
4268,1875 and 1879 Senter Road,San Jose,CA,95112
4269,800 Bay Marina Drive,National City,CA,91950
4270,4200 Highway 1,Rehoboth Beach,DE,19971
4271,1 Burton Way,Landing,NJ,07850
4272,250 March St.,Santa Paula,CA,93060
4273,669 Bridge Street,North Weymouth,MA,02191
4274,120 East 23rd Street,New York,NY,10010
4275,610 & 616 25 1/2 Road,Grand Junction,CO,81505
4276,501 West Sierra Avenue,Fresno,CA,93704
4277,416 Windsor Highway,Vails Gate,NY,12553
4278,3900 North Prince Street,Clovis,NM,88101
4279,650 South Bay Road,Dover,DE,19901
4280,145 West 79th Street,New York,NY,10024
4281,1420 North Meridian Road,Tallahassee,FL,32303
4282,14 Horatio Street,New York,NY,10014
4283,500 Jay Scutti Boulevard,Henrietta,NY,14623
4284,"15557, 15569, 15601 & 15609 West Bell Road",Surprise,AZ,85374
4285,111 Summit Terrace Road,South Portland,ME,04106
4286,1029 Camino La Costa,Austin,TX,78752
4287,400 West Touhy Avenue,Des Plaines,IL,60018
4288,8808-8840 Pioneer Blvd. & 8825Millergrove Dr.,Santa Fe Springs,CA,90670
4289,11070 HIRSCHFELD WAY,Rancho Cordova,CA,95670
4290,2101 Rock Springs Drive,Las Vegas,NV,89128
4291,1520-28 York Avenue,New York,NY,10025
4292,2605 Brookside Drive,Bakersfield,CA,93311
4293,6650 Sugarloaf Parkway,Duluth,GA,30097
4294,2603-A Woodruff Road,Simpsonville,SC,29681
4295,200 A Highway 70 East,Hildebran,NC,28637
4296,3732 Darrow Road,Stow,OH,44224
4297,841 W. La Habra Blvd.,La Habra,CA,90631
4298,79 Worth Street,New York,NY,10013
4299,9667 Canoga Avenue,Chatsworth,CA,91311
4300,40022 10th Street West,Palmdale,CA,93551
4301,426 West 5th Street,Kansas City,MO,64105
4302,Route 25A & Fairway Drive,Rocky Point,NY,11778
4303,276 Mt. Hermon Road,Scotts Valley,CA,95066
4304,604 Arizona Avenue,Santa Monica,CA,90401
4305,910 Court Christopher Way,Maryville,TN,37801
4306,600 Stewart Street,Seattle,WA,98101
4307,616 Summit Avenue & 26 Dale Street S,St. Paul,MN,55102
4308,1370 and 1400 Church Street,Bohemia,NY,11716
4309,326 East Madison Street,Ann Arbor,MI,48104
4310,7500 West 110th Street,Overland Park,KS,66210
4311,"14624, 14636 & 14648 North Scottsdale Road",Scottsdale,AZ,85254
4312,201-245 North Chicago Avenue,Goshen,IN,46526
4313,1400 Midvale Avenue,Los Angeles,CA,90024
4314,5500 De Soto Street,Houston,TX,77091
4315,17001 Science Drive,Bowie,MD,20715
4316,15 Mareblu,Aliso Viejo,CA,92656
4317,"2803, 2805, 2813, 2815, 2825 & 2835 Schoolhouse Lane",Cambria,CA,93428
4318,8711-8745 US Hwy 31,Indianapolis,IN,46227
4319,33-41 North 10th Street and 2-20 North 12th Street,Brooklyn,NY,11211
4320,3939 N. Romero Road,Tucson,AZ,85705
4321,1-2 Dark Hollow Road and 3-8 Presidents Drive,Port Jefferson,NY,11777
4322,14625 Raven Street,Panorama City,CA,91402
4323,64 Inverness Drive East,Englewood,CO,80112
4324,325 Main Street,White Plains,NY,10601
4325,3600 South Crater Road,Petersburg,VA,23805
4326,136-140 Watts Street,New York,NY,10013
4327,900 Cathedral Street,Baltimore,MD,21201
4328,2050 Old Clinton Road,Macon,GA,31211
4329,222 South Church Street,Charlotte,NC,28202
4330,216 Chartres Street,New Orleans,LA,70130
4331,5905 West 86th Street,Indianapolis,IN,46278
4332,10524 W. Markham Street,Little Rock,AR,72205
4333,1184 Highway 105,Boone,NC,28607
4334,301 West Park Lane,Hampton,VA,23666
4335,300 Westpark Drive,Peachtree City,GA,30269
4336,3000 Danville Boulevard,Alamo,CA,94507
4337,2007-2017 Tully Road,San Jose,CA,95122
4338,22950 U.S. Highway 19 North,Clearwater,FL,33765
4339,6933 East Thomas Road,Scottsdale,AZ,85251
4340,6410 West Johns Crossing,Duluth,GA,30097
4341,566 FM 1960 West,Houston,TX,77090
4342,131 S. Maple Ave.,South San Francisco,CA,94080
4343,10630 Beechnut,Houston,TX,77072
4344,2669 Stringtown Pike,Cicero,IN,46034
4345,4230-4354 Redondo Beach Boulevard & 17204-17270 Hawthorne Boulevard,Torrance,CA,90504
4346,1020 North Flyer Way,Salt Lake City,UT,84116
4347,1765 Hudson Bridge Road,Stockbridge,GA,30281
4348,45 Broadway,New York,NY,10006
4349,10550 North Loop Road,El Paso,TX,79927
4350,2800 Shirlington Road,Arlington,VA,22206
4351,1723 Creswell Lane,Opelousas,LA,70570
4352,1401 West Fourteen Mile Road,Madison Heights,MI,48071
4353,2259 Bonaparte Blvd.,Montgomery,AL,36116
4354,10200 Fox Trail Road South,Royal Palm Beach,FL,33411
4355,7520 South Rural Road,Tempe,AZ,85283
4356,8665 West Flamingo Road,Las Vegas,NV,89147
4357,1231 Walnut Street,Philadelphia,PA,19107
4358,1220 Horizon Road,Rockwall,TX,75032
4359,"4214, 4218, 4300, 4302 Chamberlayne Avenue and 1000, 1002 Westminster Avenue",Richmond,VA,23227
4360,4545 South Noland Road,Independence,MO,64051
4361,1530 Locust Street,Kansas City,MO,64108
4362,8050 South Padre Island Drive,Corpus Christi,TX,78412
4363,6901 Ridge Avenue,Philadelphia,PA,19128
4364,"40515,40665, 40695, 40705 & 40825 Winchester Road",Temecula,CA,92590
4365,579A Cranbury Road,East Brunswick,NJ,08816
4366,1037 East Lexington Avenue,El Cajon,CA,92020
4367,1820 McDonald Street,McKinney,TX,75069
4368,2585 Cruse Road,Lawrenceville,GA,30044
4369,2000 Buckingham Road,Richardson,TX,75042
4370,2299 River Oaks Drive,Columbus,OH,43228
4371,2401 East Atlantic Boulevard,Pompano Beach,FL,33062
4372,1875 Boston Avenue,Bridgeport,CT,06610
4373,200 West Jackson Boulevard,Chicago,IL,60606
4374,101-197 S. Las Posas Road,San Marcos,CA,92078
4375,2156 Okeechobee Boulevard,West Palm Beach,FL,33409
4376,975 Johnson Ferry Road,Atlanta,GA,30342
4377,503 West 150th Street,New York,NY,10031
4378,389 Knickerbocker Avenue,Brooklyn,NY,11237
4379,10427 Artesia Boulevard,Bellflower,CA,90706
4380,7601-7615 Ora Glen Drive,Greenbelt,MD,20770
4381,763 W. Lancaster Avenue,Bryn Mawr,PA,19010
4382,2501 Palo Alto Drive,San Antonio,TX,78211
4383,1649 Frankford Road West,Carrollton,TX,75007
4384,9966 State Highway 140,El Portal,CA,95318
4385,3710-3750 East Fountain Street,Long Beach,CA,90804
4386,1633 Bellevue Avenue,Seattle,WA,98122
4387,205 East Houston Street,San Antonio,TX,78205
4388,14350 Mundy Drive,Noblesville,IN,46060
4389,1315 NASA Rd.1,Houston,TX,77058
4390,5688 West Broad Street,Galloway,OH,43119
4391,"460 East Dayton Yellow Springs Road, 860 Hunter Road, 20-40 Twin Lakes Drive and 100-106 East Sunny Brook Trail",Various,OH,
4392,999 Peachtree Street,Atlanta,GA,30309
4393,634 Plain Street,Marshfield,MA,02050
4394,515 Union Boulevard,Totowa,NJ,07512
4395,"149 West Westfield Boulevard, 119 West 56th Street, 5556 North Illinois Street, and 5602 North Illinois Street",Indianapolis,IN,46208
4396,500 East Centennial Drive,Oak Creek,WI,53154
4397,2035 Central Park Avenue,Yonkers,NY,10710
4398,251 Moffitt Boulevard,Islip,NY,11751
4399,881 3rd Avenue Southwest and 5 Center Green,Carmel,IN,46032
4400,5975 Northeast Berwick Drive,Berwick,IA,50032
4401,44425 Pecan Court,California,MD,20619
4402,2415 West Alabama,Houston,TX,77098
4403,3207 Stonesthrow Lane,Durham,NC,27713
4404,330 Cross Park Drive,Pearl,MS,39208
4405,Milwaukee Ave and Town Line Road,Vernon Hills,IL,60061
4406,2750 East First Street,Los Angeles,CA,90033
4407,205 Beltline Road,Anderson,SC,29621
4408,951-975 E. Frontage Road,Litchfield,MN,55355
4409,7349 Lemont Road & 1150 75th Street,Downers Grove,IL,60516
4410,6150 Iliff Road Northwest,Albuquerque,NM,87121
4411,8150 Porter Road,Falls Church,VA,22042
4412,46 West 47th Street,New York,NY,10036
4413,4545 North Lincoln Boulevard,Oklahoma City,OK,73105
4414,1738 165th Street,Hammond,IN,46320
4415,4605 Cahuenga Boulevard,Toluca Lake,CA,91602
4416,1000 Buffalo Road,Lewisburg,PA,17837
4417,3333 Turtle Creek Drive,Port Arthur,TX,77642
4418,"997, 1000-1006 Kennedy's Landing",Cincinnati,OH,45245
4419,10 Dorrance Street,Providence,RI,02903
4420,463646 State Road 200,Yulee,FL,32097
4421,1611 South Catalina Avenue,Redondo Beach,CA,90277
4422,500 Flatiron Boulevard,Broomfield,CO,80021
4423,Glen Curtiss Boulevard,Uniondale,NY,11553
4424,3000 Ford Rd.,Bristol,PA,19007
4425,2603 West Berry Street,Fort Worth,TX,76109
4426,1418 Walnut Street,Philadelphia,PA,19102
4427,2875 Zeppelin Road,Colorado Springs,CO,80916
4428,103 Rocklyn Avenue,Lewistown,MT,59457
4429,7127 Bonnie Drive,Westland,MI,48185
4430,4700 South Rio Grande Ave,Orlando,FL,32839
4431,8315 Red Bug Lake Road,Oviedo,FL,32765
4432,340 - 450 Salem Drive & 450 - 455 Nantucket Drive,Vermillion,OH,44089
4433,25 Leroy Street,New York,NY,10014
4434,100-138 South Ashland Avenue,Chicago,IL,60607
4435,125 Main Street,Port Washington,NY,11050
4436,3601 East 29th Street,Bryan,TX,77802
4437,14531 Ella Boulevard,Houston,TX,77014
4438,1246 Washington Street,Hanover,MA,02339
4439,1354 East Avenue,Chico,CA,95926
4440,2401 East Orangeburg Avenue,Modesto,CA,95355
4441,1119 Bullsboro Drive,Newnan,GA,30265
4442,"4405, 4425, and 4435 North Chestnut Street",Colorado Springs,CO,80907
4443,2001 W. Charleston Blvd,Las Vegas,NV,89102
4444,170-40 Highland Avenue,Jamaica Estates,NY,11432
4445,5656 Military Parkway,Dallas,TX,75227
4446,18620 East Iliff Avenue,Aurora,CO,80013
4447,1400 East County Line Road,Littleton,CO,80126
4448,111 Southland Village,Troy,AL,36079
4449,12400 Rojas,El Paso,TX,79927
4450,1531 North Bell Street,Fremont,NE,68025
4451,7 Godfrey Place,Wilton,CT,06880
4452,6121 Melody Lane,Dallas,TX,75231
4453,2201 Miller Road,Arlington,TX,76006
4454,3380 NW 35th Avenue,Ocala,FL,34475
4455,6925 Union Park Center,Midvale,UT,84047
4456,668 Lomb Ave  SW,Birmingham,AL,35211
4457,4200 Mahogany Run,Winter Haven,FL,33884
4458,1218-1226 East Dixie Drive,Asheboro,NC,27203
4459,"5243 Dalewood Drive, 5232 Walnut Valley Drive",Cross Lanes,WV,25313
4460,3030 West Memorial Road,Oklahoma City,OK,73134
4461,9470-9510 South Eastern Avenue,Henderson,NV,89123
4462,2300 Airline Drive,Bossier City,LA,71111
4463,100-290 E. Compton Blvd,Compton,CA,90220
4464,150 - 210 Chambers Street,El Cajon,CA,92020
4465,3975 N. Nellis Boulevard,Las Vegas,NV,89115
4466,6124 Pembroke Road,Miramar,FL,33023
4467,287 East 4th Street,New York,NY,10009
4468,4182 Wisconsin Avenue,Grand Chute,WI,54913
4469,9085 Fairforest Road,Spartanburg,SC,29301
4470,590 Farrington Highway,Kapolei,HI,96707
4471,4825 Aldine Mail Route Road,Houston,TX,77039
4472,19 Lakeshore Drive,Hampton,VA,23666
4473,3120 Staten Avenue,Lansing,MI,48910
4474,15515 Juanita-Woodinville Way,Bothell,WA,98011
4475,23026-26270 Bouqet Canyon Road,Santa Clarita,CA,91350
4476,601  609  617  641-645  651-665  & 675 North Broadway,Escondio,CA,92025
4477,9440-9680 Hageman Road,Bakersfield,CA,93312
4478,1750 South Westmoreland Avenue,Los Angeles,CA,90006
4479,801 Spartan Boulevard,Spartanburg,SC,29301
4480,1117 West Washington Street,Appleton,WI,54914
4481,111 Dyke Road,Frankfort,NY,13340
4482,1001 Nimbus Drive,Pflugerville,TX,78660
4483,2706 Cookscreek Place,Farmers Branch,TX,75234
4484,850 East Foothill Boulevard,Rialto,CA,92376
4485,5657 Copley Drive,San Diego,CA,92111
4486,1005 Egret Nest Circle,Leland,NC,28451
4487,9311 East Via de Ventura,Scottsdale,AZ,85258
4488,2333 North Lake Avenue,Altadena,CA,91001
4489,1 West Wacker Drive,Chicago,IL,60601
4490,257-291 Cedarhurst Avenue,Cedarhurst,NY,11516
4491,555-575 Polk Street,San Francisco,CA,94102
4492,13615 - 13621 Inwood Road,Farmers Branch,TX,75244
4493,20585 County Road 13,Fairhope,AL,36532
4494,1948 Day Drive,Duluth,GA,30096
4495,324 Palmer Terrace,Mamaroneck,NY,10543
4496,"2893 Sunrise Blvd.,11500&11492 Sunrise Gold Circle",Rancho Cordova,CA,95742
4497,10928 Eagle River Road,Eagle River,AK,99577
4498,2212 Whitesburg Dr.,Huntsville,AL,35801
4499,4128-4158 Mariner Boulevard,Spring Hill,FL,34609
4500,8961-9001 East 116th Street,Fishers,IN,46038
4501,2800 Interstate 35 South,Austin,TX,78704
4502,3275 Coach Lane,Cameron Park,CA,95682
4503,24007 & 24009 Ventura Boulevard,Calabasas,CA,91302
4504,2701 Leary Lane,Victoria,TX,77901
4505,16101 West 95th Street,Lenexa,KS,66219
4506,4840 and 4880 W. University Ave.,Las Vegas,NV,89103
4507,845-869 Belvidere Road,Grayslake,IL,60030
4508,7290 East 55th Avenue,Bradenton,FL,34203
4509,3025 Triumph Drive,Sun Prarie,WI,53590
4510,1101 W. Berkeley Blvd.,Goldsboro,NC,27534
4511,11260 El Camino Real,San Diego,CA,92130
4512,19780 Pacific Gateway Drive,Los Angeles,CA,90502
4513,929 Park Avenue a/k/a 929/931 Park Avenue,New York,NY,10028
4514,248-254 West Harvard Boulevard,Santa Paula,CA,93060
4515,2500 Springdale Boulevard,Palm Springs,FL,33461
4516,12919 & 12925 Alcosta Blvd,San Ramon,CA,94583
4517,1170 Majolica Road,Salisbury,NC,28147
4518,215 Paper Mill Road,Lawrenceville,GA,30045
4519,Forrest Avenue East and Mount Airy Road,Shrewsbury Township,PA,17361
4520,"1913, 1935 & 2005 Perlich Avenue",Redwing,MN,55066
4521,485 North 2nd East,Rexburg,ID,83440
4522,1900 A-B East Elizabeth Street,Brownsville,TX,78523
4523,7325 North Davis Highway,Pensacola,FL,32504
4524,14900 North Pennsylvania Avenue,Oklahoma City,OK,73134
4525,3120 Airway Avenue,Costa Mesa,CA,92626
4526,772 West Frontage Road,Nogales,AZ,85621
4527,3073 NW Bucklin Hill Road,Silverdale,WA,98383
4528,1331 7th Street,Santa Monica,CA,90401
4529,4370 Commercial Street SE,Salem,OR,97302
4530,East Red Bank Avenue & North Evergreen Avenue,Woodbury,NJ,08096
4531,24917-24945 and 24965-24975 Pico Canyon Road,Stevenson Ranch,CA,91381
4532,3411 Elvis Presley Boulevard,Memphis,TN,38116
4533,535 Zang Street,Broomfield,CO,80021
4534,986 5th Avenue,Chula Vista,CA,91911
4535,13999 Noblewood Plaza,Woodbridge,VA,22193
4536,2118 Cottman Avenue,Philadelphia,PA,19149
4537,"2548-2578, 2584-2598, 2520 Idaho Street",Elko,NV,89801
4538,1430 Hooper Avenue,Toms River,NJ,08753
4539,21790 21 Mile Road,Macomb Township,MI,48044
4540,888 Chesterbrook Boulevard,Wayne,PA,19087
4541,26 Astor Place,New York,NY,10003
4542,1001 East Main Street,Yukon,OK,73099
4543,5905-5975 N. Academy,Colorado Springs,CO,80918
4544,220 Palo Alto Avenue,Palo Alto,CA,94301
4545,432 West Market Street,San Antonio,TX,78205
4546,4234 South 48th St.,Phoenix,AZ,85040
4547,4100 William Penn Highway,Monroeville,PA,15146
4548,725 Bode Circle,Hoffman Estates,IL,60194
4549,16650-16664 Ventura Blvd.,Encino,CA,91436
4550,6804 West Windsor Avenue,Berwyn,IL,60402
4551,3896 Bigelow Boulevard,Pittsburgh,PA,15213
4552,101 8th Avenue Southwest,Stanley,ND,58784
4553,135-145 West Green Street,Pasadena,CA,91105
4554,"5020-5040, 5070, 5080 & 5098 Foothills Boulevard",Roseville,CA,95747
4555,1447 Enterprise Boulevard,Kinston,NC,28504
4556,2714-2734 West Kingsley Road,Garland,TX,75041
4557,3223 Bret Clodfelter Way,The Dalles,OR,97058
4558,475 Bedford Street,Lexington,MA,02420
4559,500 North Columbia River Highway,St. Helens,OR,97051
4560,5000 West 127th Street,Alsip,IL,60803
4561,8877 North Gainey Center Drive,Scottsdale,AZ,85258
4562,5757 and 5805 Main Street,Frisco,TX,75034
4563,19840 Pioneer Avenue,Torrance,CA,90503
4564,1122 Old Chattahoochee Avenue,Atlanta,GA,30318
4565,100 East Pine Street,Orlando,FL,32801
4566,110 Bejac Circle Drive,Battle Creek,MI,49017
4567,180 Canyon Drive,Oceanside,CA,92054
4568,1025 Beach Avenue,Cape May,NJ,08204
4569,901 North Green Valley Parkway,Henderson,NV,89074
4570,1587  1593  & 1597 Northeast Expressway,Atlanta,GA,30360
4571,2466 Whipple Road,Hayward,CA,94544
4572,194 Shelton Road,Madison,AL,35758
4573,11434-11450  Calvert Street,North Hollywood,CA,91606
4574,1065 East 450 North,Provo,UT,84604
4575,1 American Place,Gordonsville,VA,22942
4576,"3301 - 3303 M Street, NW",Washington,DC,20007
4577,5101 - 5125 Curry Ford Road,Orlando,FL,32812
4578,1401-1405 Oxford Road and 1554-1556 North Decatur Road,Atlanta,GA,30307
4579,3385 Princeton Road,Hamilton,OH,45011
4580,10010 Kempwood Drive,Houston,TX,77080
4581,2225-2281 Eagle Glen Parkway & 3811-3877 Bedford Canyon Road,Corona,CA,92883
4582,1261 Deerpark Drive,Fullerton,CA,92631
4583,950 East Commerce Drive,St. George,UT,84790
4584,3159 Carpenter Road South,Tifton,GA,31793
4585,251 West Valparaiso Street,Westville,IN,46391
4586,14205 East Davies Avenue,Centennial,CO,80112
4587,2951 and 2975 West Clubhouse Drive,Lehi,UT,84043
4588,600 West 26th Street,Austin,TX,78705
4589,233 North Mojave Road,Las Vegas,NV,89101
4590,717 Texas Avenue,Houston,TX,77002
4591,9552 Apple Valley Drive,Independence,KY,41051
4592,1250 South Washington Street (Route 1),North Attleboro,MA,02760
4593,15110 John J. Delaney Drive,Charlotte,NC,28277
4594,490 Atlantic Avenue,East Rockaway,NY,11518
4595,6000 Linderson Way S.W.,Tumwater,WA,98501
4596,24490 Frampton Avenue,Harbor City,CA,90710
4597,7800-7840 Long Point Road and 1802-1836 Wirt Road,Houston,TX,77055
4598,22000 Inkster Road,Romulus,MI,48174
4599,35 Executive Boulevard,Orange,CT,06477
4600,14637 Handel Drive,Carmel,IN,46032
4601,1806 Russell Parkway,Warner Robins,GA,31088
4602,1500 Government Street,Mobile,AL,36604
4603,7649 Airline Highway & 8922 Greenwell Springs Road,Baton Rouge,LA,70814
4604,"33562-33694, 33720, 33730 and 33758 Yucaipa Boulevard",Yucaipa,CA,92399
4605,1690 New Britain Avenue,Farmington,CT,06032
4606,2420 Enterprise Boulevard,Calexico,CA,92231
4607,9600 McCombs Street,El Paso,TX,79924
4608,1250 Jordan Creek Parkway,West Des Moines,IA,50266
4609,5601 and 5607 North 103rd Street,Omaha,NE,68134
4610,401 West Ontario,Chicago,IL,60654
4611,1400 and 1440 North Harbor Boulevard,Fullerton,CA,92835
4612,4567 Telephone Road,Ventura,CA,93003
4613,5611 Fulcher Avenue,North Hollywood,CA,91601
4614,3320 Avenue K,Plano,TX,75074
4615,6236 Twin Oaks Drive,Colorado Springs,CO,80918
4616,2000 West Mission Rd.,Alhambra,CA,91803
4617,34 Fishermans Way,Jupiter,FL,33477
4618,12747 Riverside Drive,Valley Village,CA,91607
4619,2490 Schillinger Road,Mobile,AL,36695
4620,"4333, 4353, 4393 Tuller Ridge Drive",Dublin,OH,43017
4621,1201-1233 Faichney Drive,Watertown,NY,13601
4622,12030 Scripps Summit Drive,San Diego,CA,92131
4623,10123 Alliance Road,Cincinnati,OH,45242
4624,735 Creative Drive,Lakeland,FL,33813
4625,114 Halsted Street,Chicago Heights,IL,60411
4626,333 South Miami Avenue,Miami,FL,33130
4627,2265 Ralph Avenue,Brooklyn,NY,11234
4628,4250 & 4275 Executive Square,La Jolla,CA,92037
4629,1545-1645 Quail Street/11353 & 11355 West Colfax Avenue,Lakewood,CO,80215
4630,503 Oak Place,Atlanta,GA,30349
4631,"1900, 1910, 1928 South Boulevard",Charlotte,NC,28203
4632,157 Hempstead Avenue,Lynbrook,NY,11563
4633,121-141 Myrtle Avenue,Monrovia,CA,91016
4634,SEQ of Eau Gallie Blvd. & S. Patrick Dr.,Melbourne,FL,32935
4635,3126 Fifth Avenue South,Fort Dodge,IA,50501
4636,585 Fort Loudon Medical Center Drive,Lenoir City,TN,37772
4637,257 South 16th St.,Philadelphia,PA,19109
4638,1 Selleck Street,Norwalk,CT,06855
4639,900 Santa Cruz Avenue,Menlo Park,CA,94025
4640,2069 North Argyle Avenue,Los Angeles,CA,90068
4641,9701-9711 West Sample Road,Coral Springs,FL,33065
4642,24451 Crenshaw Boulevard,Torrance,CA,90505
4643,Rees Street and East Mills Avenue,Breaux Ridge,LA,70517
4644,1900 North 200 West,Bountiful,UT,84010
4645,200 College Road,Palatka,FL,32177
4646,40 West Stafford Road,Stafford Springs,CT,06076
4647,"1530-1566 Blackbird Lane, 1658-1694 Duck Drive",Howell,MI,48855
4648,4215 University Drive,Durham,NC,27707
4649,508 Douglas Avenue,Bakersfield,CA,93308
4650,100 Lexington Street,Fort Worth,TX,76102
4651,3105 Pine Street,Everett,WA,98201
4652,1150 Volvo Parkway,Chesapeake,VA,23320
4653,110 Main Street,Hellertown,PA,18055
4654,11316 Cox Road & 11315 Hillridge Drive,Conroe,TX,77385
4655,1020 North Marshall Avenue,El Cajon,CA,92021
4656,301 East North Water St,Chicago,IL,60611
4657,7315 South Durango Drive,Las Vegas,NV,89113
4658,4480-4540 Richmond Road,Warrensville Heights,OH,44128
4659,3969 McHenry Avenue,Modesto,CA,95356
4660,8301-8651 West 135th St.,Overland Park,KS,66223
4661,2690 Drury Way,Memphis,TN,38128
4662,2323 North East Street,Greenville,SC,29607
4663,6405 Telegraph Road,Bloomfield Hills,MI,48301
4664,6600 SW 92nd Avenue,Beaverton,OR,97223
4665,500 Maxham Road,Austell,GA,30168
4666,3069 East Ordway Drive NW,Roanoke,VA,24017
4667,2739 Santee Road,Bethlehem,PA,18020
4668,933 Studewood,Houston,TX,77008
4669,560 Lincoln Road,Miami Beach,FL,33139
4670,2506 Trimmier Road,Killeen,TX,76542
4671,110-11/110-19 64th Road a/k/a 110-11/110-65 64th Road a/k/a 110-12/110-44 64th Avenue,Forest Hills,NY,11375
4672,3140 East Paris Avenue Southeast,Kentwood,MI,49512
4673,1503 Texas Avenue South,College Station,TX,77840
4674,7600 South Cicero Avenue,Burbank,IL,60459
4675,1000 South Graham Road,Saginaw,MI,48609
4676,1601 Royal Crest Drive,Austin,TX,78741
4677,"2405, 2406, 2408 Heathrow Drive and 2406, 2408 Chiswick Drive",Champaign,IL,61820
4678,1910 Skidaway Road,Savannah,GA,31404
4679,515 Seabreeze Boulevard,Fort Lauderdale,FL,33316
4680,500 Maitland Drive,Alameda,CA,94502
4681,1050 Warrenvile Road,Lisle,IL,60532
4682,505 Central Avenue,White Plains,NY,10530
4683,1720 Lincoln Place,Brooklyn,NY,11212
4684,1810 South Highway 27,Clermont,FL,34711
4685,20 Wendall Street,Hempstead,NY,11550
4686,13503 Northborough Drive,Houston,TX,77067
4687,4795 & 4851 Regent Boulevard,Irving,TX,75063
4688,9696 Virginia Parkway,Mckinney,TX,75071
4689,14800 Saint Mary's Lane,Houston,TX,77079
4690,2517 South Santa Fe Avenue,Vista,CA,92083
4691,9131 Liberty Road,Randallstown,MD,21133
4692,54 N. Central Avenue,Campbell,CA,95008
4693,3539 East 14th Street,Brownsville,TX,78521
4694,2573 Highwood Boulevard,Smyrna,TN,37167
4695,"7014-7050, 7080 and 7100-7144 Broadway",Lemon Grove,CA,91945
4696,2201 Hotel Circle South,San Diego,CA,92108
4697,3600 Covert Avenue,Evansville,IN,47714
4698,32 Statesboro Mall,Statesboro,GA,30458
4699,331-359 Stealth Court,Livermore,CA,94551
4700,"757 and 759 Hillside Avenue, 110, 128 and 130 Virginia Road and 1- 35 Lawrence Drive",White Plains,NY,10603
4701,1600 Cumberland Avenue,West Lafayette,IN,47906
4702,335 West Esplanade Avenue,Kenner,LA,70065
4703,8700 Richmond Highway,Alexandria,VA,22309
4704,2350 Blackburn Road Southeast,Cleveland,TN,37311
4705,8661 Winter Garden Blvd.,Lakeside,CA,92040
4706,1315 Dixwell Avenue,Hamden,CT,06514
4707,17850 Northwest 2nd Street,Pembroke Pines,FL,33029
4708,940 Williston Park Point,Lake Mary,FL,32746
4709,155 N. Dettman,Jackson,MI,49202
4710,4487 East Lake Mead Boulevard,Las Vegas,NV,89115
4711,146 North Canal Street,Seattle,WA,98103
4712,807 South Main Street,Euless,TX,76040
4713,10629-10689 Hardin Valley Road,Knoxville,TN,37932
4714,2175 Reed Station Parkway,Carbondale,IL,62901
4715,1920 Route 96,Phelps,NY,14532
4716,1140 N. Germantown Parkway,Cordova,TN,38016
4717,9490 South Bermuda Road,Las Vegas,NV,89123
4718,1800-1884 Johns Drive,Glenview,IL,60025
4719,2231 Rutherford Road,Carlsbad,CA,92008
4720,7621 & 7641 East Gray Road,Scottsdale,AZ,85260
4721,825 Las Gallinas Avenue,San Rafael,CA,94903
4722,5925 Imperial Parkway,Mulberry,FL,33860
4723,1959-2007 Morse Road,Columbus,OH,43229
4724,1505 East Warner Avenue,Santa Ana,CA,92705
4725,1233 Hunn Road,Yuba City,CA,95991
4726,200-250 N. Robertson Boulevard,Beverly Hills,CA,90211
4727,5510 West Sample Street,South Bend,IN,46619
4728,3925 Brookside Parkway,Alpharetta,GA,30022
4729,3421 Blairs Ferry Road Northeast,Cedar Rapids,IA,52402
4730,3177 & 3201 Fairlane Drive,Allen Park,MI,48101
4731,2701 South Jack Kultgen Expressway,Waco,TX,76706
4732,761-779 Seventh Avenue,New York,NY,10019
4733,73-5562 Lawehana Street,Kailua-Kona,HI,96740
4734,2600-2690 Martin Luther King Boulevard,New Bern,NC,28562
4735,One Birch Drive,Sandwich,IL,60548
4736,1750 Marietta Highway,Canton,GA,30114
4737,5645 Pearl Drive,Evansville,IN,47712
4738,607 S. Hill St,Los Angeles,CA,90014
4739,4105 Tamiami Trail,Venice,FL,34293
4740,"8315, 8330, 8335 Century Park Court",San Diego,CA,92123
4741,4747 South Howell Avenue,Milwaukee,WI,53207
4742,5210-5212 Campbell Boulevard,White Marsh,MD,21236
4743,1340 East 6th Street,Los Angeles,CA,90021
4744,15800 NW 48th Avenue,Miami,FL,33014
4745,800-806 South Douglas Road,Coral Gables,FL,33134
4746,9033 Wilshire Blvd,Beverly Hills,CA,90211
4747,28100-28350 Plymouth Road,Livonia,MI,48150
4748,3235-3239 Airport Road,La Crosse,WI,54603
4749,5303-5305 Northfield Road,Bedford Heights,OH,44146
4750,5820 Murray Avenue,Hanahan,SC,29406
4751,"3200 SW 27th Avenue, 2701 SW 34th St. & 3306 SW 26th Avenue",Ocala,FL,34474
4752,15000 Southwest 104th Street,Miami,FL,33196
4753,4919 Timberview Drive,Sherman,TX,75090
4754,5108 Eisenhower Boulevard,Tampa,FL,33634
4755,1650 Lancing Drive,Salem,VA,24153
4756,Wall Road,Spring Lake Heights,NJ,07762
4757,8181 N.W. 154th Street,Miami Lakes,FL,33016
4758,28527 Highway 249,Tomball,TX,77375
4759,3003 Big Town Blvd.,Mesquite,TX,75150
4760,824-890 Washington Avenue,Miami Beach,FL,33139
4761,3565 US Highway 1,Princeton,NJ,08540
4762,50 South Tenth Street,Minneapolis,MN,55403
4763,695 East Patriot Boulevard,Reno,NV,89511
4764,8133 Leesburg Pike,Vienna,VA,22182
4765,1220 University Boulevard,Jacksonville,FL,32211
4766,5510 4th Street,Lubbock,TX,79416
4767,400-406 South Main Street,Wilkes-Barre,PA,18701
4768,701 State of Franklin Road,Johnson City,TN,37604
4769,6325 Garden Road,Maumee,OH,43537
4770,350 Mountain Road,Pasadena,MD,21122
4771,NEQ/Interstate 10 and Interstate 15,Ontario,CA,91730
4772,200 Fillmore Street,Denver,CO,80206
4773,263 13th Avenue South,St. Petersburg,FL,33701
4774,294 County Road 120 South,South Point,OH,45680
4775,16400 East Colfax Avenue,Aurora,CO,80011
4776,113-115 King Street & 1414-1416 Prince Street,Alexandria,VA,22314
4777,1 Polito Avenue,Lyndhurst,NJ,07071
4778,74-5586 Palani Road,Kailua-Kona,HI,96740
4779,5841 Roswell Road,Sandy Springs,GA,30328
4780,215-275 Main Street,El Segundo,CA,90245
4781,4111 Wabash Ave,Terre Haute,IN,47803
4782,1515 Market Street,Philadelphia,PA,19102
4783,120 Monumnet Circle,Indianapolis,IN,46204
4784,4713 & 4725 South Flamingo Road,Cooper City,FL,33330
4785,1615 Allison Avenue,Panama City Beach,FL,32408
4786,4901-4949 South Broadway Avenue,Tyler,TX,75703
4787,3565 Del Amo Boulevard,Torrance,CA,90503
4788,2006  Avenue K,Lancaster,CA,93536
4789,2758-60 Holland Avenue,Bronx,NY,10467
4790,5200 BLOCK OLD ZUCK RD,Millcreek,PA,16506
4791,364-394 Jamesway Drive,Marion,OH,43302
4792,1165 North Dupont Highway,Dover,DE,19901
4793,2715 Murray Avenue,Pittsburgh,PA,15217
4794,3000 Congress Park Dr,Lake Worth,FL,33461
4795,6677-6805 Beatrice Drive,Kalamazoo,MI,49009
4796,12365-12401 Foothill Boulevard,Rancho Cucamonga,CA,91739
4797,1906 West Innes Street,Salisbury,NC,28144
4798,One Post Office Square,Boston,MA,02109
4799,297 North Highway 287,Lafayette,CO,80026
4800,350 West Washington Street,Tempe,AZ,85281
4801,304 North Rossmore Avenue,Los Angeles,CA,90004
4802,11800 108th Street,Pleasant Prairie,WI,53158
4803,12830 Roselle Avenue,Hawthorne,CA,90250
4804,4141 & 4147 State Street,Santa Barbara,CA,93110
4805,4300 Prince William Parkway,Woodbridge,VA,22192
4806,300 Capitol Mall,Sacramento,CA,95814
4807,1000 East Curtis,Pasadena,TX,77502
4808,1565 Crossways Blvd,Chesapeake,VA,23320
4809,13518 & 13576 Harbor Boulevard,Garden Grove,CA,92843
4810,2660 West Olive Avenue,Burbank,CA,91505
4811,6800 Villa DeCosta Drive,Orlando,FL,32821
4812,400 West 23rd Street,Lawrence,KS,66046
4813,6001-6041 Marlboro Pike,District Heights,MD,20747
4814,Traders Way & 1st Street,Salem,MA,01970
4815,885 Second Avenue,New York,NY,10017
4816,30 Gale Boulevard,Melvindale,MI,48122
4817,44274 George Cushman Court,Temecula,CA,92592
4818,5601 FM 517 East,Dickinson,TX,77539
4819,10301-10395 Jefferson Blvd.,Culver City,CA,90232
4820,77-932  - 77-952 Country Club Drive,Palm Desert,CA,92211
4821,241-11 Linden Boulevard,Elmont,NY,11003
4822,2430 Charles Road,Hallandale Beach,FL,33009
4823,130-134 Englewood Street,Boston,MA,02134
4824,3000-3060 Baldwin Park Boulevard,Baldwin Park,CA,91706
4825,305 Fentress Boulevard,Daytona Beach,FL,32114
4826,1600 & 1610 Belt Line Drive,Carrollton,TX,75211
4827,105 - 111 East May Street,Winder,GA,30680
4828,1 Nice Pak Road,Jonesboro,AR,72404
4829,1100 S. Roger Williams Rd,Apopka,FL,32703
4830,3161 West Cheryl Drive,Phoenix,AZ,85051
4831,1968 & 1988 Wilcrest Drive,Houston,TX,77042
4832,403 North 8th Street,West Dundee,IL,60118
4833,850 Leong Drive,Mountain View,CA,94043
4834,362 4th Avenue,Brooklyn,NY,11215
4835,17850 South West Lower Boones Ferry Road,Lake Oswego,OR,97035
4836,8315 West North Avenue,Melrose Park,IL,60160
4837,17800 West Colfax Avenue,Golden,CO,80401
4838,1901 West 2nd Street,Portales,NM,88130
4839,2136 Tradewind Drive,Mesquite,TX,75150
4840,3225 158th Avenue Southeast,Bellevue,WA,98008
4841,2121 North 117th Avenue and 2525 North 117th Avenue,Omaha,NE,68164
4842,6797 Springhouse Lane,Columbus,OH,43229
4843,4097-1 Cadillac Drive,Fayetteville,AR,72703
4844,5601 Calmar Drive,Montgomery,AL,36116
4845,1400 Audubon Point Drive,Horn Lake,MS,38637
4846,1 Millpaint Lane,Owings Mills,MD,21117
4847,824 & 836 West North Temple,Salt Lake City,UT,84116
4848,6425 Youree Drive,Shreveport,LA,71105
4849,200 Westlake Park,Houston,TX,77079
4850,555 Broadway,Haverhill,MA,01832
4851,5401 North Scottsdale Road,Scottsdale,AZ,85250
4852,3300-3318 Dolfield Avenue,Baltimore,MD,21215
4853,5911 Firestone Boulevard,South Gate,CA,90280
4854,409 E. Thornton Avenue,Hemet,CA,92543
4855,602 West Main Street,Inverness,FL,34450
4856,30500 Bruce Industrial Parkway,Solon,OH,44139
4857,4434 Hoffner Avenue,Orlando,FL,32812
4858,624 H Street NE,Washington,DC,20002
4859,651 N. Golden State Blvd.,Turlock,CA,95380
4860,"10240 Hinesburg Road, 22, 32, 42, 52 Farmall Drive; 30 Kaileys Way",Hinesburg,VT,05461
4861,840 Ponce De Leon Boulevard,Ponte Vedra,FL,32082
4862,8445 Freeport Parkway,Irving,TX,75063
4863,"1630, 1632,1634,1636 S Main St.",Moscow,ID,83843
4864,122 Marshall Road,Lowell,MA,01852
4865,4727 200th Street Southwest,Lynnwood,WA,98036
4866,10011 West Broadway Street,Pearland,TX,77584
4867,1669 Collins Avenue,Miami,FL,33139
4868,1350 North First Street,Garland,TX,75040
4869,3041 Holland Avenue,Bronx,NY,10467
4870,455 Zang Street,Broomfield,CO,80021
4871,86-10 109th Street,Richmond Hill,NY,11418
4872,501 Southern Boulevard N.W.,Warren,OH,44485
4873,401 E. Ontario,Chicago,IL,60611
4874,Chili Road @ Howard Road,Gates,NY,14624
4875,19455 N.E. 10th Avenue,Miami,FL,33179
4876,4511 Lucksinger Lane,Austin,TX,78745
4877,1930-2040 Wanamaker Road,Topeka,KS,66614
4878,3220 Eastlake Avenue East,Seattle,WA,98012
4879,2001 West Maple Road,Troy,MI,48084
4880,2206-08 North Halsted Street,Chicago,IL,60614
4881,23215 Ironwood Avenue,Moreno Valley,CA,92557
4882,7535 West Tennessee Street,Tallahassee,FL,32304
4883,1649 West Belmont Avenue,Chicago,IL,60657
4884,5427 Romaine Street,Los Angeles,CA,90038
4885,27756 Avenue Hopkins,Valencia,CA,91355
4886,3190 Atlanta Highway,Athens,GA,30606
4887,8310-8450 Castleton Corner Drive,Indianapolis,IN,46250
4888,1111 Austin Highway,San Antonio,TX,78209
4889,2900-80 North Park Way and 3800-30 30th Street,San Diego,CA,92104
4890,8715-8727 Santa Monica Boulevard,West Hollywood,CA,90069
4891,3380 Los Coyotes Diagnol,Long Beach,CA,90808
4892,901 West Brand Road,Garland,TX,75040
4893,8300 Culebra Road,San Antonio,TX,78251
4894,60 East Lake Street,Chicago,IL,60601
4895,2515 Maricopa Street,Torrance,CA,90503
4896,4001 Emerald Field Drive,Pasadena,TX,77503
4897,660 North Central Expressway,Plano,TX,75074
4898,5808-6012 South 196th Street,Kent,WA,98032
4899,50 Emjay Boulevard,Brentwood,NY,11717
4900,5800 Osuna Road Northeast,Albuquerque,NM,87109
4901,108 Old Standing Springs Road,Greenville,SC,29605
4902,916 Union Street,Brooklyn,NY,11215
4903,3101 Broadway Blvd.,Kansas City,MO,64111
4904,10925-11091 Northwest 27th Street,Doral,FL,33172
4905,900-930 North Federal Highway,Fort Lauderdale,FL,33304
4906,11312 US Highway 15 - 501 North,Chapel Hill,NC,27517
4907,2000 South IH 35 & 300 Hesters Crossing Road,Round Rock,TX,78681
4908,771 Pleasant Grove Boulevard,Roseville,CA,95678
4909,84-01 Main Street a/k/a 84-01 84th Road,Jamaica,NY,11435
4910,1300 East Main Street,Carbondale,IL,62901
4911,2021 East Pioneer Parkway,Arlington,TX,76010
4912,3380 North Roop Street,Carson City,NV,89701
4913,3218-3228 West Cary Street,Richmond,VA,23221
4914,4270 Aloma Avenue,Winter Park,FL,32792
4915,1301-1439 East Gage Avenue,Los Angeles,CA,90001
4916,2601 West Dunlap Avenue,Phoenix,AZ,85021
4917,300 Metro Center,Warwick,RI,02886
4918,6473 Niles Street,Bakersfield,CA,93301
4919,5011 East Charleston Boulevard,Las Vegas,NV,89104
4920,27300 Euclid Avenue,Euclid,OH,44132
4921,18811 Alderwood Mall Blvd.,Lynnwood,WA,98037
4922,One North Wacker Drive,Chicago,IL,60606
4923,71-95 Fuller Road,Albany,NY,12205
4924,1800 Highway 64 East,Anamosa,IA,52205
4925,4405 RIVERSIDE DR,Burbank,CA,91505
4926,1911 South Ferry Street,Anoka,MN,55303
4927,1000 Central Parkway North,San Antonio,TX,78232
4928,21 Timpany Boulevard,Gardner,MA,01440
4929,739-753 Sherman Street,Richardson,TX,75081
4930,112 East 103rd Street,New York,NY,10029
4931,590 East Silverado Ranch Boulevard,Las Vegas,NV,89123
4932,33-15 80th Street,Jackson Heights,NY,11372
4933,138-15 Franklin Avenue,Flushing,NY,11355
4934,3421 Auburn Blvd.,Sacramento,CA,95821
4935,15401 NE 6th Avenue,Miami,FL,33162
4936,193 Edwards Drive,Jackson,TN,38301
4937,245-499 Spanish River Blvd.,Boca Raton,FL,33427
4938,7979 Riviera Boulevard and 600 Baldwin Street,Miramar,FL,33023
4939,3430 East Tropicana Avenue,Las Vegas,NV,89121
4940,19855 Southwest Freeway,Sugar Land,TX,77479
4941,8717 Old Town West Drive,Indianapolis,IN,46260
4942,600 Green Valley Road,Greensboro,NC,27408
4943,2899-3015 Cranberry Highway,Wareham,MA,02571
4944,1526 West Candletree Drive,Peoria,IL,61614
4945,8475 South Eastern Avenue,Las Vegas,NV,89123
4946,6200 Merle Hay Road,Johnston,IA,50131
4947,Southeast Corner of Griffin and Jackson Streets,Dallas,TX,75202
4948,1600 North Joe Ramsey Boulevard,Greenville,TX,75401
4949,State of Franklin Road at Sells Avenue,Johnson City,TN,37604
4950,"248&270Tanzanite,250Aqua Crossing,260 - 61Lapis Lane",Fayetteville,AR,72701
4951,225 Redwood Street,San Diego,CA,92103
4952,3950-3970 Laconia Avenue,New York,NY,10466
4953,2612-2639 Wimpole Avenue,Knoxville,TN,37914
4954,362-370 N. Canon Drive,Beverly Hills,CA,90210
4955,551 Stemmons Freeway,Sanger,TX,76266
4956,709 E. Horizon Ridge Drive,Henderson,NV,89015
4957,5649 Cagle Road,Jacksonville,FL,32216
4958,13628 -13660 Crosstown Blvd Nw,Andover,MN,55304
4959,14715 Highway California 76,Pauma Valley,CA,92061
4960,7200 North Scottsdale Road,Scottsdale,AZ,85253
4961,9730 Dorchester Road,Summerville,SC,29485
4962,182-25 Wexford Terrace,Jamaica,NY,11432
4963,416-440 Racine Drive,Wilmington,NC,28403
4964,650 S. Country Club,Mesa,AZ,85210
4965,12 Westview Commons Boulevard,Gates,NY,14624
4966,125 Great Harbor Way,Ponte Vedra Beach,FL,32082
4967,15850 West Bluemound Road,Brookfield,WI,53005
4968,98 Anderson Ferry Road,Cincinnati,OH,45238
4969,5275 East 126th Street,Garfield Heights,OH,44125
4970,1576 Kipling Street,Lakewood,CO,80215
4971,1300 N. 40th Avenue,Yakima,WA,98908
4972,4880 West Bethany Home Road,Glendale,AZ,85301
4973,1535 East 14th Street,Brooklyn,NY,11230
4974,615 Clark Dr,Rockford,IL,61107
4975,10010 West McNab Road,Tamarac,FL,33321
4976,"2702 E. Yampa St., 1012 Hathaway Dr., 6050 Terminal Ave.",Colorado Springs,CO,80909
4977,209 Kirby Rd.,Portland,TN,37148
4978,2391 Roscomare Road,Los Angeles,CA,90077
4979,15125 Washington Street,Haymarket,VA,20169
4980,3688 Northpointe Drive,Holland,MI,49424
4981,"8461, 8471, 8501 & 8601 Turnpike Drive",Westminster,CO,80031
4982,2900 Tree Lane,Jeffersontown,KY,40299
4983,3730 Brighton Raoad,Pittsburgh,PA,15212
4984,1100 West 70th Street,Shreveport,LA,71106
4985,23692-24042 Alicia Parkway,Mission Viejo,CA,92691
4986,825 South Westlake Avenue,Los Angeles,CA,90057
4987,3100 Little Road,New Port Richey,FL,34655
4988,21800 Towncenter Plaza,Sterling,VA,20164
4989,2201 Poplar Street,Oakland,CA,94607
4990,2181 West 1575 North,St. George,UT,84770
4991,"20917, 20987, 21083, 21101, 21141 North John Wayne Parkway",Maricopa,AZ,85239
4992,3593 Buford Highway,Brookhaven,GA,31106
4993,75-1027 Henry Street,Kailua-Kona,HI,96740
4994,3005 Emmorton Road,Abingdon,MD,21009
4995,1915 Central Avenue,Middletown,OH,45044
4996,203 Valencia Drive,Jacksonville,NC,28546
4997,3715 Argent Boulevard,Ridgeland,SC,29936
4998,2223 NC Highway 54,Durham,NC,27713
4999,10475 Bandley Drive,Cupertino,CA,95014
5000,14905 Roscoe Boulevard,Van Nuys,CA,91402
5001,640 E. Horizon Drive,Henderson,NV,89015
5002,430-446 Westridge Drive,Watsonville,CA,95067
5003,1578-1582 Flatbush Avenue,Brooklyn,NY,11210
5004,4301 West Clara Lane,Muncie,IN,47304
5005,3354 Washtenaw Avenue,Ann Arbor,MI,48104
5006,10300 Town Park Drive,Houston,TX,77072
5007,40400 Grand River Avenue,Novi,MI,48375
5008,3500 I-70 Dr. SE,Columbia,MO,65201
5009,2525 & 2625 Bay Area Boulevard,Houston,TX,77058
5010,25415 South Interstate Highway 45,Spring,TX,77380
5011,1701 West State Street,Boise,ID,83702
5012,735 Elm Avenue,Teaneck,NJ,07666
5013,50 Racetrack Road,East Brunswick,NJ,08816
5014,885/931 Covington and 980 Whitmore,Detroit,MI,48203
5015,1100-1136 West Sunrise Boulevard,Fort Lauderdale,FL,33311
5016,111 Hospitality Boulevard,Manchester,TN,37355
5017,1351 - 1397 West Henderson Avenue,Porterville,CA,93257
5018,6902-G Lachlan Circle,Baltimore,MD,21239
5019,1600 Lakeshore North Drive,Waco,TX,76708
5020,5901 Weber Road,Corpus Christi,TX,78413
5021,15415 Pine Ridge Road,Fort Myers,FL,33908
5022,810 West 21st Street,Norfolk,VA,23703
5023,401 McCray Street,Hollister,CA,95023
5024,615 E. Dundee Road,Palatine,IL,60074
5025,400 Cleveland Street,Clearwater,FL,33755
5026,U.S. Route 9 at Lanes Mill Road,Howell,NJ,07731
5027,5115 Piper Station Drive,Charlotte,NC,28277
5028,One Market Street,San Francisco,CA,94105
5029,10301 Linn Station Road,Louisville,KY,40299
5030,5239 Harvestwood Lane,Gahanna,OH,43230
5031,555 Pleasantville Road,Briarcliff Manor,NY,10510
5032,"5301, 5309 and 5317 East Glenn Street",Tucson,AZ,85712
5033,950 Airport Road,Destin,FL,32541
5034,1323 East Main Street,Richmond,VA,23219
5035,19300 Rinaldi Street,Porter Ranch,CA,91326
5036,99-117 Newark Street,Newark,NJ,07103
5037,9161 Middlebrook Pike,Knoxville,TN,37923
5038,777 West Cumberland Gap Parkway,Corbin,KY,40701
5039,400 North Pearl Street,Ellensberg,WA,98926
5040,1551 East Elliot Road,Gilbert,AZ,85234
5041,71-75 Chester Street,Allston,MA,02134
5042,4703 Pennswood Drive,Huber Heights,OH,45424
5043,681 Shannondell Boulevard,Audubon,PA,19403
5044,11833 Canon Boulevard,Newport News,VA,23606
5045,1280 Therese Drive,Winchester,KY,40391
5046,2204 North Peach Avenue,Clovis,CA,93612
5047,5897 Calle Real,Goleta,CA,93117
5048,622-624 Davis Street,Evanston,IL,60201
5049,225 W. Hillcrest Drive,Thousand Oaks,CA,91360
5050,21688-21800 US Highway 19 North,Clearwater,FL,33765
5051,1360 Foothill Drive,Vista,CA,92084
5052,"1040, 1108, 1132 & 1224 East Katella Avenue",Orange,CA,92867
5053,201 Marquette Avenue Northwest,Albuquerque,NM,87102
5054,1911 Kendall Place,Grove City,OH,43123
5055,Church Street and Zachary Lane,Hamilton Township,NJ,08650
5056,12505 Innovation Way,Alpharetta,GA,30004
5057,151 East 3rd Street,New York,NY,10009
5058,15280 Jog Road,Delray Beach,FL,33446
5059,2630 Cropsey Avenue and 1935 Shore Parkway,Brooklyn,NY,11214
5060,3549 Curry Lane,Abilene,TX,79606
5061,16900 Algonquin Street,Huntington Beach,CA,92649
5062,3718-58 Jermantown Road,Fairfax,VA,22030
5063,1128 - 1148 107th St.,Arlington,TX,76011
5064,200 Sheffield Street,Mountainside,NJ,07092
5065,2349 Carpenter Road,Wilmington,DE,19810
5066,55 Oak Street,Glastonbury,CT,06033
5067,625 Fair Oaks Avenue,South Pasadena,CA,91030
5068,10132 Baltimore National Pike,Ellicott City,MD,21042
5069,2145 Market Street,San Francisco,CA,94114
5070,3120 South Kirkman Road,Orlando,FL,32811
5071,13821-13995 Hall Road,Shelby Township,MI,48315
5072,220 Berkeley Place,Brooklyn,NY,11217
5073,6575-6579 Delilah Road,Egg Harbor,NJ,08234
5074,1145 W. I Street,Ontario,CA,91762
5075,111 W. Jackson Blvd.,Chicago,IL,60604
5076,875 Greentree Road,Pittsburgh,PA,15220
5077,1675 Broadway,New York,NY,10019
5078,2697-2817 South Market Street,Gilbert,AZ,85296
5079,5425 Valles Avenue,Riverdale,NY,10471
5080,2322 Highway 6 and 50,Grand Junction,CO,81505
5081,401 N. Federal Highway,Pompano Beach,FL,33062
5082,308 East Lancaster Avenue,Lower Merion Township,PA,19096
5083,1702 Guadalupe St.,Laredo,TX,78043
5084,3300-3340 New York Avenue Northeast,Washington,DC,20002
5085,4750 South State Road,Pittsfield Township,MI,48108
5086,827 West Valley Highway,Kent,WA,98032
5087,6075 Alpha Road and 13656 Preston Road,Dallas,TX,75240
5088,2401 Edge O Lake Drive,Antioch,TN,37013
5089,10601-10801 Lomas Boulevard Northeast,Albuquerque,NM,87112
5090,4221 Forbes Boulevard,Lanham,MD,20706
5091,750 Grand Avenue,Cincinnati,OH,45205
5092,7308 East Independence Boulevard,Charlotte,NC,28227
5093,14500 Cutten Road,Houston,TX,77069
5094,1801-1833 S. La Cienega Boulevard,Los Angeles,CA,90035
5095,5401-5409 100th Street S.W.,Lakewood,WA,98499
5096,5800 SW 198th Street,Lynnwood,WA,98036
5097,3485 Old Conejo Road,Newbury Park,CA,91320
5098,"5000, 5010 and 5020 148th Avenue Northeast",Redmond,WA,98052
5099,1100 Willow Springs Road,Killeen,TX,76549
5100,10700 Southeast 208th Street,Kent,WA,98031
5101,5808-5858 West Camelback Road,Glendale,AZ,85301
5102,11777 Industriplex Boulevard,Baton Rouge,LA,70809
5103,6402 & 6408 Woodward Avenue,Detroit,MI,48202
5104,415 North Dearborn Street,Chicago,IL,60654
5105,4087 Belair Road,Augusta,GA,30909
5106,1100 Larch Circle,Gouverneur,NY,13642
5107,1800 Joy Boulevard,Horn Lake,MS,38637
5108,27 Brighton 11th Street,Brooklyn,NY,11235
5109,201 West 21st Street,New York,NY,10011
5110,2233 Ulmerton Road,Clearwater,FL,33762
5111,1200 Ala Moana Boulevard and 1020 Auahi Street,Honolulu,HI,96814
5112,6438 Folsom Boulevard,Sacramento,CA,95819
5113,10 McKinley Street,Closter,NJ,07624
5114,6700 Middle Fiskville Road,Austin,TX,78752
5115,3 West 46 Street,New York,NY,10036
5116,212 Elm Street,Somerville,MA,02144
5117,1041-1061 Market Place,San Ramon,CA,94583
5118,20515 Aldine Westfield Road,Humble,TX,77338
5119,"5493, 5500 & 5508 South Cornell Avenue",Chicago,IL,60637
5120,501 Greenleaf Street,Boise,ID,83713
5121,Route 70 East,Toms River,NJ,08755
5122,7400 West Arrowhead Clubhouse Drive,Glendale,AZ,85308
5123,500 La Terraza Boulevard,Escondido,CA,92025
5124,48-113 Jackson Street,Indio,CA,92201
5125,47350 Dune Palms Road,La Quinta,CA,92253
5126,3800 Prince Street SE,Albuquerque,NM,87105
5127,119th and Pennsylvania Ave,Oklahoma City,OK,73170
5128,2485 Hotel Circle Place,San Diego,CA,92108
5129,1985 Portrero Grande Drive,Monterey Park,CA,91755
5130,2501-2591 Anthem Village Drive,Henderson,NV,89052
5131,5959 Richmond Avenue,Houston,TX,77057
5132,"4400, 4410 & 4488 West Boy Scout Boulevard",Tampa,FL,33607
5133,9000 South Redwood Road,West Jordan,UT,84088
5134,14449 East Highway 12,Rogers,AR,72756
5135,8104 Webb Road,Riverdale,GA,30274
5136,5003-5049 West 159th Street,Oak Forest,IL,60452
5137,1675 Northeast 51st Avenue and 3811 & 3901 Dixon Street,Des Moines,IA,50313
5138,3790 US-395,Carson City,NV,89701
5139,109-111 Lexington Avenue,New York,NY,10016
5140,4415 Kirk Road,Austintown,OH,44515
5141,8767-8797 Irvine Center Drive,Irvine,CA,92618
5142,1114 Highway 20,Interlachen,FL,32148
5143,518 Linda Drive,San Marcos,TX,78666
5144,204-206 Grand Street,Hoboken,NJ,07030
5145,101 East Fleming Drive,Morganton,NC,28655
5146,14625 Rayen Street,Panorama City,CA,91402
5147,"411 7th, 415 7th and 422 7th Street",West Palm Beach,FL,33401
5148,2300-2370 Poplar Drive,Medford,OR,97504
5149,3165 Princeton Road,Fairfield Township,OH,45011
5150,320 West 11th Street,Siler City,NC,27344
5151,801 Cherry Street,Fort Worth,TX,76102
5152,5419 110th Street Southwest,Lakewood,WA,98499
5153,6101 Sequoia Road NW,Albuquerque,NM,87120
5154,258 Broadway,New York,NY,10007
5155,1401 Central Avenue,Charlotte,NC,28205
5156,5201 Lakeland Boulevard,Flowood,MS,39232
5157,5612 Wilson Mills Road,Highland Heights,OH,44143
5158,5501 Southwest 11th Street,Margate,FL,33068
5159,3150 Highlands Parkway,Smyrna,GA,30082
5160,23460 Cinema Drive,Santa Clarita,CA,91355
5161,800-810 North Great Southwest Parkway,Arlington,TX,76011
5162,611 River Drive,Elmwood Park,NJ,07407
5163,1340 North Sam Houston Parkway East,Houston,TX,77032
5164,708 Walnut Street,Cincinnati,OH,45202
5165,2601 Furrs Street,Arlington,TX,76006
5166,165 East Tropicana Avenue,Las Vegas,NV,89119
5167,1600 West T C Jester Boulevard,Houston,TX,77008
5168,205 West Montgomery Cross Road,Savannah,GA,31406
5169,10445 Rieger Road,Baton Rouge,LA,70809
5170,NEC North Monroe & Crowder St.,Tallahassee,FL,32301
5171,1516-1518 Jarret Place,Bronx,NY,10461
5172,3270 West Silver Lake Road,Fenton,MI,48430
5173,1835 Johnston Street,Philadelphia,PA,19145
5174,475 South Church Street,Hendersonville,NC,28792
5175,1931 Gunbarrel Road,Chattanooga,TN,37421
5176,2319 Whitney Avenue,Hamden,CT,06518
5177,95 Research Parkway,Meriden,CT,06450
5178,2203 Spring Stuebner Road,Spring,TX,77389
5179,6543 Atlanta Highway,Montgomery,AL,36117
5180,1215-1359 Gray Wolf Circle,Pueblo,CO,81001
5181,1392 US Highway 22,Lebanon,NJ,08833
5182,102 North Lime Avenue,Sarasota,FL,34237
5183,10650-10750 West Charleston Boulevard,Las Vegas,NV,89135
5184,7303 Cushing Road,Manassas,VA,20109
5185,10701-10721 Montgomery Boulevard NE,Albuquerque,NM,87111
5186,173-285 North Moorpark Road,Thousand Oaks,CA,91360
5187,4400-4448 Gus Thomasson Road,Mesquite,TX,75150
5188,701 - 707  E. Market Street,Leesburg,VA,20075
5189,12636 Beatrice Street,Los Angeles,CA,90066
5190,500 South Willow Avenue,Cookeville,TN,38501
5191,4470 Old Spanish Trail,Pensacola,FL,32504
5192,1100 East Hector Street,Conshohocken,PA,19428
5193,315 York Road,Willow Grove,PA,19090
5194,3516-3548 Main Street,Coon Rapids,MN,55433
5195,3680 Wheeler Avenue,Alexandria,VA,22304
5196,1453 Interstate Loop,Bismarck,ND,58501
5197,3550 and 3450 Buschwood Park Drive,Tampa,FL,33618
5198,3836 Washington Road,Martinez,GA,30907
5199,980 Buenos Ave.,San Diego,CA,92110
5200,695 Highway 165 South,Oakdale,LA,71463
5201,9 Main Street,Chester,NJ,07930
5202,7815 Coley Davis Road,Nashville,TN,37221
5203,2001 International Drive,Mclean,VA,22102
5204,16826 Devonshire Street,Granada Hills,CA,91344
5205,1045 West 23rd Street,Hialeah,FL,33010
5206,7500-7516 Melrose Avenue,Los Angeles,CA,90046
5207,4874 North High Street,Columbus,OH,43214
5208,3320 4th Avenue,Conway,SC,29527
5209,2363 Chapel Ridge Place,Salina,KS,67401
5210,1100 East Hector Street,Conshohocken,PA,19428
5211,545 Clough Pike,Union Township,OH,45245
5212,3301 58th Avenue North,St. Petersburg,FL,33714
5213,1054 Maiden Choice Lane,Arbutus,MD,21229
5214,29090 Tiffany Drive East,Southfield,MI,48034
5215,4151 & 4179 Log Cabin Drive,Macon,GA,31204
5216,231 South LaSalle Street,Chicago,IL,60604
5217,609 West 114th Street,New York,NY,10025
5218,8595 Beach Boulevard,Jacksonville,FL,32216
5219,696 Fox Avenue,Lewisville,TX,75067
5220,225-373 West Bridge Street,Dublin,OH,43017
5221,11408 S.E. 90th Avenue,Portland,OR,97266
5222,5401 Rampart Street,Houston,TX,77081
5223,1261 North Military Highway,Norfolk,VA,23502
5224,1016 NE 67th Street,Seattle,WA,98115
5225,100 El Camino Real,Menlo Park,CA,94025
5226,1145 & 1171 South Victoria Avenue,Ventura,CA,93003
5227,4600 FAIRBANKS DR,El Paso,TX,79924
5228,11877 Douglas Road,Alpharetta,GA,30005
5229,2016 West Big Beaver Road,Troy,MI,48084
5230,33 West Tenth St,Anderson,IN,46016
5231,16282 West Main St.,Tustin,CA,92680
5232,380 West Main Street and 530 Bushy Hill Road,Avon And Simsbury,CT,06001
5233,2250 S. Main Street,Bellefountaine,OH,43311
5234,Taunton Street,Plainville,MA,02762
5235,2783 Webb Avenue,Bronx,NY,10468
5236,200 Greenwich Avenue,Greenwich,CT,06830
5237,2170-2194 West Bayshore Road,East Palo Alto,CA,94303
5238,326-328 West Dempster Avenue and 1243-1249 Judson Avenue,Evanston,IL,60202
5239,2139 East Fourth Street,Ontario,CA,91764
5240,4375 Weber River Drive,Riverdale,UT,84405
5241,1010 Underhill Avenue,Bronx,NY,10472
5242,145 Rockrimmon Boulevard,Colorado Springs,CO,80919
5243,2550 Willow Lane,Thousand Oaks,CA,91361
5244,4000 Route 31,Clay,NY,13041
5245,201 Robert S. Kerr,Oklahoma City,OK,73102
5246,733 Pegasus Street,Brunswick,ME,04011
5247,700 Cooks Lane,Baltimore,MD,21229
5248,3000 North Tuttle Avenue,Sarasota,FL,34234
5249,13951 Moorpark Street,Sherman Oaks,CA,91423
5250,"1205, 1211, 1221, 1225, 1231, 1235, 1239, 1243, 1275 and 1281 West Warm Springs Road",Henderson,NV,89014
5251,641 West North Temple,Salt Lake City,UT,84116
5252,4330 Keller Road,Holt,MI,48842
5253,360-386 East Fordham Road,Bronx,NY,10458
5254,5300 W Memorial Road,Oklahoma City,OK,73142
5255,3800 Golder Avenue,Odessa,TX,79764
5256,3141 Hood Street,Dallas,TX,75219
5257,2115 Silas Creek Parkway,Winston-Salem,NC,27103
5258,2827-2913 Kirchoff Road,Rolling Meadows,IL,60008
5259,3111 West Chandler Boulevard,Chandler,AZ,85226
5260,7505 Louisburg Road,Raleigh,NC,27616
5261,1342 North Garden Drive,St. Louis,MO,63138
5262,2105 Northeast 129th Street,Vancouver,WA,98686
5263,13808 East 14th Street,San Leandro,CA,94578
5264,7647 Highlands View Road,Truckee,CA,96161
5265,195 Polk Avenue,Nashville,TN,37210
5266,67-1185 Mamalahoa Highway,Kamuela,HI,96743
5267,86-10 151st Avenue,Howard Beach,NY,11414
5268,303 E. Army Trail Road,Bloomingdale,IL,60139
5269,4360 Bells Ferry Road,Kennesaw,GA,30144
5270,2915 North Texas Street,Fairfield,CA,94533
5271,400 Newport Center Drive,Newport Beach,CA,92660
5272,"1011-1049, 1161-1187 South Main Street",Manteca,CA,95337
5273,8573 West 99th Terrace,Palos Hills,IL,60465
5274,5525 W 159th Street,Oak Forest,IL,60452
5275,2366-2386 Jacksonville Highway,Medford,OR,97504
5276,"1834,1846,1870,1872 South 300 West",Salt Lake City,UT,84115
5277,19302 Kuykendahl Road,Spring,TX,77379
5278,275 South Chickasaw Trail,Orlando,FL,32825
5279,125 Gardenville Parkway West,Cheektowaga,NY,14224
5280,25 Point Lobos Avenue,San Francisco,CA,94121
5281,1400-1470 East Southern Avenue,Tempe,AZ,85282
5282,1630 East 15th Street,Brooklyn,NY,11229
5283,862 Blowing Rock Road,Boone,NC,28607
5284,31951 Gratiot Avenue,Roseville,MI,48066
5285,1401 Jordan Lane,Huntsville,AL,35816
5286,175 North 27th Street,Billings,MT,59101
5287,15300 West Colonial Drive,Winter Garden,FL,34787
5288,521 Beverly Avenue and 100-102 Third Street,Morgantown,WV,26505
5289,612 32nd Street South,Birmingham,AL,35233
5290,3445 Airway  Drive and 5475 Louie Lane,Reno,NV,89511
5291,8950 Arrow Route,Rancho Cucamonga,CA,91730
5292,1013 Bonforte BLVD,Pueblo,CO,81001
5293,237-39 South Fifth Street,Louisville,KY,40202
5294,1750 Shenango Road,New Galilee,PA,16141
5295,3770 Ashley Oaks Drive,Lafayette,IN,47905
5296,500-550 Broadway & 525-575 Lincoln Street,Denver,CO,80203
5297,9715-9815 FM 1960 East,Humble,TX,77338
5298,3135 S Atlantic Avenue,Daytona Beach Shores,FL,32118
5299,1701 West Riverdale Road,Roy,UT,84067
5300,120 Grass Valley Highway,Auburn,CA,95603
5301,14110-14260 NE 21st St.,Bellevue,WA,98007
5302,303 South Broadway,Tarrytown,NY,10591
5303,4355 South Jones Blvd.,Las Vegas,NV,89103
5304,1101 Pennsylvania Avenue N.W.,Washington,DC,20004
5305,29 North Lakewood,Tulsa,OK,74115
5306,18 37th Place,Manchester Township,NJ,08759
5307,321 Pontious Lane,Circleville,OH,44113
5308,121 West 72nd Street,New York,NY,10023
5309,North Great Neck Road,Virginia Beach,VA,23451
5310,7670 International Drive,Orlando,FL,32819
5311,1601-1697 Mount Diablo Boulevard,Walnut Creek,CA,94596
5312,216 South Moss Street,Seguin,TX,78155
5313,1818 Market Street,Philadelphia,PA,19103
5314,3915 Hollins Ferry Rd,Lansdowne,MD,21277
5315,95 East Highway 98th,Calexico,CA,92231
5316,717 Martin Luther King Drive,Clifton,OH,45220
5317,18949 Valley Boulevard,Bloomington,CA,92316
5318,Parke West Drive,Glen Burnie,MD,21061
5319,7091 College Parkway,Fort Myers,FL,33907
5320,2270 Clove Road,Staten Island,NY,10305
5321,23981 Alicia Parkway,Mission Viejo,CA,92691
5322,2900 Hampton Highway,Yorktown,VA,23693
5323,8913-9091 Taft Street,Pembroke Pines,FL,33024
5324,20 Bur Reed Road,Delaware,OH,43015
5325,3031 Olentangy River Road,Columbus,OH,43202
5326,1128 Hermitage Road,Richmond,VA,23220
5327,2345-2385 Athens Avenue,Redding,CA,96001
5328,670 & 680 South Coast Highway,Laguna Beach,CA,92651
5329,6910 Fayetteville Road,Durham,NC,27713
5330,1560 Leucadia Boulevard,Encinitas,CA,92024
5331,3235 S. Mendenhall Road,Memphis,TN,38115
5332,215 North Redwood Road,North Salt Lake,UT,84054
5333,16173 Golden State Blvd,Madera,CA,93637
5334,4820 Cumberland Avenue,Norridge,IL,60706
5335,3701 Towne Crossing Boulevard,Mesquite,TX,75150
5336,9515 Genesee Avenue,San Diego,CA,92121
5337,2345 Memorial Drive (U.S. 231),Murfreesboro,TN,37129
5338,648 Market Street,Grand Junction,CO,81505
5339,7323 East Independence Boulevard,Charlotte,NC,28227
5340,4050 Lakeside Drive,Richmond,CA,94806
5341,1255 - 1275 Harbor Bay Parkway,Alameda,CA,94502
5342,"101, 103, 181, 185 and 197 Goodson Drive",Houston,TX,77060
5343,1111 Houghton Road,Katy,TX,77450
5344,3200 Chestnut Ridge Road,Pittsburgh,PA,15205
5345,59 Elm Street,New Haven,CT,06510
5346,South Side of State Highway 37  West side of Highway 131,Massena,NY,13662
5347,2205 W. Acacia Ave.,Hemet,CA,92545
5348,3100 Rainbow Forest Circle,Decatur,GA,30034
5349,20886 Isherwood Terrace,Ashburn,VA,20147
5350,4666 S. 132nd Street,Omaha,NE,68137
5351,"201, 301, 303, 305, 307 and 400 College Road East",Princeton,NJ,08540
5352,1127 International Parkway,Stafford,VA,22406
5353,222 Third Street,Cambridge,MA,02142
5354,17714 Red Oak Drive,Houston,TX,77090
5355,1975 N. Druid Hills Road,Atlanta,GA,30329
5356,330 East Enos Drive,Santa Maria,CA,93454
5357,1723 Long Shadows Court,Woodbridge,VA,22192
5358,1861-1945 East Sangamon Avenue,Springfield,IL,62702
5359,2 Eaton Street,Hampton,VA,23669
5360,24849 46th Avenue South,Kent,WA,98032
5361,"321, 416, and 501 Marketplace Boulevard",Lansing,MI,48917
5362,151 N.E. Hampe Way,Chehalis,WA,98532
5363,1085-1087 Murrieta Boulevard,Livermore,CA,94550
5364,3700 Campus Drive,Newport Beach,CA,92660
5365,199 Marlboro Street,Keene,NH,03431
5366,4126 Roanoke Road,Kansas City,MO,64111
5367,1250 Borregas Avenue,Sunnyvale,CA,94089
5368,8252-8280 Clairemont Mesa Boulevard,San Diego,CA,92111
5369,7650 West Latham Street,Phoenix,AZ,85043
5370,441 Park West Drive,Augusta,GA,30813
5371,5097 Shady Oaks Road,Minooka,IL,60447
5372,2900 South First Street,Austin,TX,78704
5373,1340-1370 Industrial Avenue,Petaluma,CA,94952
5374,415-439 NW 9 Street,Miami,FL,33136
5375,5610 North Blackstone Avenue,Fresno,CA,93710
5376,888 South Greenville Avenue,Richardson,TX,75081
5377,1475 Peachtree Industrial Blvd.,Buford,GA,30518
5378,40335-40355 Winchester Road,Temecula,CA,92591
5379,10 East 70th Street,New York,NY,10021
5380,3800 W. Wilson Avenue,Banning,CA,92220
5381,10785 Lincoln Trail Drive,Fairview Heights,IL,62208
5382,5807-5825 14th Street Northwest,Washington,DC,20011
5383,415-17 S. 10th Street/1634-38 Lombard Street,Philadelphia,PA,19146
5384,11999 Brockway Road,Truckee,CA,96161
5385,31500 Schoenherr Road,Warren,MI,48088
5386,1023 West Mercury Boulevard,Hampton,VA,23666
5387,111 South Palm Drive,Brunswick,GA,31525
5388,420 Inwood Avenue,Oakdale,MN,55128
5389,2635-2685 Park Center Drive,Simi Valley,CA,93065
5390,5400 East Independence,Kansas City,MO,64110
5391,1300 Scottsville Road,Rochester,NY,14624
5392,500 Main Street,Vancouver,WA,98660
5393,125 Cleveland Avenue,Cocoa Beach,FL,32931
5394,1881 Gordon Highway,Augusta,GA,30904
5395,"62, 188, 210 & 246 Founders Parkway, 4765, 4775 & 4883 Front Street and 4535 & 4773 Milestone Lane",Castle Rock,CO,80104
5396,2110 Bennington Place,Roanoke,VA,24014
5397,1925 Moser Avenue,Dallas,TX,75206
5398,1455 Evelyn Way and 1500 Riley Avenue,Reno,NV,89502
5399,2520 West Horizon Ridge Parkway,Henderson,NV,89052
5400,95 Main Street,Maynard,MA,01754
5401,17 Stonebrook Place,Jackson,TN,38305
5402,11425 US 19 North,Port Richey,FL,33568
5403,1223 Washington Avenue,Albany,NY,12206
5404,1416-1428 Haslett Road and 1127 North Hagadorn,East Lansing,MI,48823
5405,630 West John Carpenter Freeway,Irving,TX,75039
5406,9012 NW Prairie View Rd.,Kansas City,MO,64153
5407,217-237 Fox Hill Road,Hampton,VA,23669
5408,7551 Timberlake Way,Sacramento,CA,95823
5409,1101 Lindham Court,Mechanicsburg,PA,17055
5410,100 South 450 West,Salt Lake City,UT,84101
5411,One Meadow Drive,Woodsburgh,NY,11598
5412,6491 Thompson Road,Syracuse,NY,13206
5413,13881 West Chicago Road,Detroit,MI,48228
5414,1701 Green Valley Parkway,Henderson,NV,89014
5415,10925 Westlake Drive,Charlotte,NC,28273
5416,444-446 86th Street,Brooklyn,NY,11209
5417,4133 Church Street,Clarkston,GA,30021
5418,6280 South Valley View Boulevard,Las Vegas,NV,89118
5419,4015 North US Highway 1,Fort Pierce,FL,34946
5420,3317 Exposition Place,Los Angeles,CA,90018
5421,3301 Plank Road,Fredericksburg,VA,22407
5422,1300 Veterans Memorial Highway,Hauppauge,NY,11788
5423,135-30 140th Street,Jamaica,NY,11436
5424,401-435 Abbeyville Road,Bethel Park,PA,15228
5425,255 Camino Alire,Santa Fe,NM,87501
5426,3400 Twin Creeks Drive,Columbus,OH,43204
5427,142-150 W 8th Ave,Columbus,OH,43201
5428,821 Cleveland Street,Elyria,OH,44035
5429,2 Wyndham Drive,Hampton,VA,23666
5430,1051 Perimeter Drive,Schaumberg,IL,60173
5431,4600 South 900 East Street,Murray,UT,84117
5432,5800 N. Madison Drive,Kansas City,MO,64118
5433,"25, 75 & 105 SE Windfield Parkway",Waukee,IA,50263
5434,364 Lincoln Place,Brooklyn,NY,11238
5435,Airport Road at Day Drive,Garfield,MI,49684
5436,401 East Capitol Street,Jackson,MS,39201
5437,11551 Quirk Road,Belleville,MI,48111
5438,1704-1754 W. Ajo Way,Tucson,AZ,85713
5439,6501 America Boulevard,Hyattsville,MD,20782
5440,3555 Mall Loop Drive,Joliet,IL,60431
5441,14200 Gulf Freeway,Houston,TX,77034
5442,195-465 Northeast 36th Street,Newport,OR,97365
5443,"525, 605, 655, 675, 715, 725, 755, 775 & 785 West Craig Road",North Las Vegas,NV,89032
5444,4904 Fran Place,Alexandria,VA,22312
5445,522 West Finnie Flats Road,Camp Verde,AZ,86322
5446,2432 Sand Mine Road,Davenport,FL,33897
5447,19424 19416 & 19408 Park Row Drive,Houston,TX,77084
5448,11100 Southwest 93rd Court Road,Ocala,FL,34481
5449,2465 Anderson Snow Road,Spring Hill,FL,34609
5450,6450 Poe Avenue,Dayton,OH,45414
5451,12460 Gladstone,Sylmar,CA,91342
5452,6851 Sepulveda Blvd.,Van Nuys,CA,91405
5453,1190 Millcrest Walk,Conyers,GA,30012
5454,2464-2499 Northwest Garryanna Street,Corvallis,OR,97330
5455,10710 Frankstown Road,Penn Hills,PA,15235
5456,260 New York Drive,Upper Dublin,PA,19034
5457,2255 Friday Court,Melbourne,FL,32904
5458,1111 N. Brand Blvd.,Glendale,CA,91202
5459,333 East Main Street,Oak Ridge,TN,37830
5460,800 Kenilworth Drive,Towson,MD,21204
5461,2900 North 14th Street,Ponca City,OK,74601
5462,48953 Alpha Drive,Wixom,MI,48393
5463,3424 Orange Avenue Northeast,Roanoke,VA,24012
5464,4706 William Flynn Hwy (Route 8),Allison Park,PA,15101
5465,SEC of Lee Highway & TN Highway 53,Chattanooga,TN,37421
5466,1555 South 76th Street,Superior,CO,80027
5467,13755 Sunrise Valley Drive,Herndon,VA,20171
5468,3180 State Route 96,Clifton Springs,NY,14432
5469,4501-4507 Hills & Dales Road NW,Canton,OH,44708
5470,3056 Anvil Block Road,Ellenwood,GA,30294
5471,10815 West McDowell Road,Avondale,AZ,85323
5472,5949 Sherry Lane,Dallas,TX,75225
5473,1033 NE 6th Avenue,Portland,OR,97232
5474,"40200, 40230 and 40220 Grand River",Novi,MI,48375
5475,7081 State Highway 6 North,Houston,TX,77084
5476,7807 East Main Street,Mesa,AZ,85207
5477,55 North Mar Vista Avenue,Pasadena,CA,91106
5478,660 West El Camino Real,Sunnyvale,CA,94087
5479,196 Nut Tree Parkway,Vacaville,CA,95687
5480,South Elm-Eugene Street,Greensboro,NC,27406
5481,101 Linden Street,Oakland,CA,94607
5482,8725 Northwest 18th Terrace,Miami,FL,33172
5483,10105 South De Anza Boulevard,Cupertino,CA,95014
5484,3560-3570 NW 53 Court,Fort Lauderdale,FL,33309
5485,100-140 John Court,Havelock,NC,28532
5486,6440 West Hamilton Park Drive,Columbus,GA,31909
5487,8290 Royalton Road,North Royalton,OH,44133
5488,9537 West Colonial Drive,Ocoee,FL,34761
5489,4143 Yosemite Boulevard,Modesto,CA,95357
5490,3310-3398 South Bristol Street,Santa Ana,CA,92701
5491,29151 Riverside Drive,Lake Elsinore,CA,92530
5492,137-149 West 12th Street,New York,NY,10011
5493,818 Richcrest Drive,Houston,TX,77060
5494,1801-1861 West Golf Road,Schaumburg,IL,60194
5495,4849 Lone Tree Way,Antioch,CA,94531
5496,1601 Briarwood Circle & 500 East Eisenhower Pkwy,Ann Arbor,MI,48108
5497,"5200, 5210 and 5220 Belfort Road",Jacksonville,FL,32256
5498,8008 Frost Street,San Diego,CA,92123
5499,20315 - 142nd Avenue NE,Woodinville,WA,98072
5500,339 East 3900 South,Salt Lake City,UT,84107
5501,745 North New Ballas Road,Creve Coeur,MO,63141
5502,7539 Winchester Road,Memphis,TN,38125
5503,2200 Forest Ridge Drive,Bedford,TX,76021
5504,11900-11930 Whitmore Lake Road,Whitmore Lake,MI,48189
5505,9600 Pines Boulevard,Pembroke Pines,FL,33025
5506,1409 Luisa Street,Santa Fe,NM,87501
5507,7110 East Kings Highway,Shreveport,LA,71115
5508,3000 Stone Hogan Connector SW,Atlanta,GA,30331
5509,13625 & 13675 Technology Drive,Eden Prairie,MN,55344
5510,9120 SW Hall Boulevard,Beaverton,OR,97223
5511,One Sentry Parkway,Whitpain Township,PA,19422
5512,"825-913 Juno Lane, 3800-3917 Huntington Road and 4008-4024 Sheraton Road",Denton,TX,76209
5513,SEQ 82nd St. & Craig St.,Indianapolis,IN,46250
5514,3355 West Empire Avenue,Burbank,CA,91504
5515,47-49 Main Street,Freeport,ME,04032
5516,1616 South Euclid Street,Anaheim,CA,92802
5517,2069 Rockford Street,Mount Airy,NC,27030
5518,470-490 L'Enfant Plaza SW/955 L'Enfant Plaza SW,Washington,DC,20024
5519,4430 Wade Green Road,Kennesaw,GA,30144
5520,2633 North Halsted Street,Chicago,IL,60614
5521,3635 Gaslight Curve,Montgomery,AL,36116
5522,2500 Teal Road,Lafayette,IN,47905
5523,10-90 State House Square,Hartford,CT,06103
5524,935 Northeast 30th Terrace,Homestead,FL,33033
5525,6502 Metal Drive,Fort Pierce,FL,34945
5526,5445 Eaglecrest Dr.,Columbus,OH,43228
5527,4112 North Josey Lane,Carrollton,TX,75007
5528,2204 West Nob Hill Boulevard,Yakima,WA,98902
5529,102-240 West 29th Street,Pueblo,CO,81008
5530,251 Barnett Road,Medford,OR,97501
5531,330 E. Kilbourn Avenue,Milwaukee,WI,53202
5532,2401 & 2501 West Grandview Road,Phoenix,AZ,85023
5533,849 Fairmont Avenue & 901 Dulaney Valley Road,Towson,MD,21204
5534,1251 Woodland Avenue,Mount Pleasant,SC,29464
5535,3701 North Rolling Road,Baltimore,MD,21244
5536,13711 South Tamiami Trail,Fort Myers,FL,33912
5537,"8650, 8727, 8730, 8770, 8847, 8850 and 8857 Commerce Park Place",Indianapolis,IN,46268
5538,731 South Plymouth Court,Chicago,IL,60605
5539,5048-5060 North Blackstone Avenue,Fresno,CA,93710
5540,5543-5565 East Raines Road,Memphis,TN,38115
5541,3150 North Elm Street,Greensboro,NC,27408
5542,4423 N. Elston Avenue,Chicago,IL,60630
5543,515 Route 73 South,Marlton,NJ,08053
5544,11540 Magnolia Parkway,Manvel,TX,77578
5545,"3340, 3347, 3348, 3350 and 3354 Highland Road",Baton Rouge,LA,70802
5546,3901 Austell Road,Austell,GA,30106
5547,11-85 Ackerman Avenue,Clifton,NJ,07011
5548,4585-4747 Washtenaw Avenue,Ann Arbor,MI,48108
5549,2350 North Sam Houston Parkway East,Houston,TX,77032
5550,261 Garrisonville Road,Garrisonville,VA,22554
5551,405 Atlantis Road,Cape Canaveral,FL,32920
5552,2220-2430 West Thomas Street,Hammond,LA,70401
5553,2601-2629 South Parker Road,Aurora,CO,80014
5554,1724 Versailles Avenue,Lexington,KY,40504
5555,8101 East US Highway 36,Avon,IN,46168
5556,725 Georgia 96,Bonaire,GA,31005
5557,16711 East Iliff Avenue,Aurora,CO,80013
5558,46 West 96th Street,New York,NY,10025
5559,28488 US Highway 19 North,Clearwater,FL,33761
5560,11700 Enterprise,Auburn,CA,95603
5561,4001 49th Street N.,St. Petersburg,FL,33709
5562,10789 Bradford Road,Littleton,CO,80127
5563,15050 Conference Center Drive,Chantilly,VA,20151
5564,6929 Sunrise Boulevard,Citrus Heights,CA,95610
5565,2061 Western Avenue,Guilderland,NY,12084
5566,"1014-1216 Eastfield Road, 2705-2719  Harwick Drive",Lansing Township,MI,48917
5567,687 10th Street,Plainwell,MI,49080
5568,901 Jupiter Road,Plano,TX,75074
5569,8783 Ferndale Road,Dallas,TX,75238
5570,2445 Columbus-Lancaster Pike,Lancaster,OH,43130
5571,5618 Tilton Avenue & 5590 42nd Street,Riverside,CA,92509
5572,3800 S. Decatur Road,Las Vegas,NV,89103
5573,9031 West Sahara Avenue,Las Vegas,NV,89117
5574,2315-2335 East Tahquitz Canyon Way,Palm Springs,CA,92262
5575,22 Indianapolis Blvd.,Schererville,IN,46375
5576,3135 Johnson Avenue,Riverdale,NY,10463
5577,13521 SE Pheasant Court,Milwaukie,OR,97222
5578,61 Eastern Parkway,Brooklyn,NY,11238
5579,4400 Hardy Street,Hattiesburg,MS,39402
5580,1439 State Route 9,Queensbury,NY,12845
5581,710 Villagio Place,Fayetteville,NC,28303
5582,"5655 NE Spalding Drive, 3790 Data Drive",Norcross,GA,30092
5583,5600 Roswell Road,Sandy Springs,GA,30342
5584,5868 East 71st Street,Indianapolis,IN,46220
5585,132 E. Thach Avenue,Auburn,AL,36830
5586,34 Gansevoort Street,New York,NY,10014
5587,1343 Miner Street,Idaho Springs,CO,80452
5588,280 River Road,Piscataway,NJ,08854
5589,1721 University Avenue,Fairbanks,AK,99709
5590,7415 Waverly Walk Avenue,Charlotte,NC,28277
5591,801 East Atherton Drive,Manteca,CA,95337
5592,SEC Sunnyslope Rd. & Airline Hwy.,Hollister,CA,95023
5593,230-244 West 125th Street,New York,NY,10021
5594,3707 North Pine Grove,Chicago,IL,60613
5595,330 Barker Cypress and 333 Cypress Run,Houston,TX,77094
5596,2401-2429 Montana Avenue,Cincinnati,OH,45211
5597,N16 W23233 Stone Ridge Drive,Waukesha,WI,53188
5598,2212 Rutland Drive and 10220 Metropolitan Drive,Austin,TX,78758
5599,1033-1057 College Avenue NE,Grand Rapids,MI,49503
5600,4653 West Market Street,Greensboro,NC,27407
5601,1836 and 1856 Carrollton Villa Rica Highway,Villa Rica,GA,30180
5602,3753 East Avenue I,Lancaster,CA,93535
5603,1350 Scenic Highway,Snellville,GA,30039
5604,500 West Florida Street,Milwaukee,WI,53204
5605,1450 Golf Road and 1635-69 Algonquin Road,Rolling Meadows,IL,60008
5606,4300 Bankers Circle,Doraville,GA,30360
5607,60 E. Long Street,Columbus,OH,43215
5608,29792 24 Mile Road,Chesterfield Township,MI,48051
5609,7119-7125 East Shea Boulevard and 10392 North Scottsdale Road,Scottsdale,AZ,85254
5610,50 East Commerce Drive,Schaumburg,IL,60173
5611,2035 Idlewood Road,Atlanta,GA,30084
5612,20 E 14th Ave,Columbus,OH,43201
5613,33820 Weyerhaueser Way South,Federal Way,WA,98001
5614,8892 RR3,Mathiston,MS,39752
5615,349-351 Newbury St.,Boston,MA,02115
5616,151 Andrew Avenue,Naugatuck,CT,06770
5617,3 East 66th Street,New York,NY,10021
5618,500-1042 West University Drive,Denton,TX,76201
5619,801 West Lake Avenue,Peoria,IL,61614
5620,12129 Manor Drive,Hawthorne,CA,90250
5621,4501 West Braker Lane,Austin,TX,78759
5622,2079 15th Street,Los Angeles,CA,90021
5623,3220 Gus Thomasson Road,Mesquite,TX,75150
5624,2401 & 2451 36th Ave South,Grand Forks,ND,58201
5625,5001-5093 S. McCarran Blvd.,Reno,NV,89502
5626,10 Ipswich Avenue,Great Neck,NY,11021
5627,465 West 11th Street and 1105 West Okeechobee Road,Hialeah,FL,33010
5628,1715 North Main Street,Mcpherson,KS,67460
5629,4240 East Judge Perez Rd.,Mereaux,LA,70075
5630,1623 Mack Smith Road,Rossville,GA,30741
5631,1105 N. Circle Drive,Colorado Springs,CO,80909
5632,2739-2741 Taylor & 211-229 Jefferson,San Francisco,CA,94133
5633,1702 Chase Pointe Circle,Virginia Beach,VA,23454
5634,520 Broad Street,Newark,NJ,07102
5635,3150 C Street,Anchorage,AK,99503
5636,5965 Harrisburg Georgesville Road,Grove City,OH,43123
5637,3105-3195 Highway 98 North,Lakeland,FL,33805
5638,32-00 Skillman Avenue,Long Island City,NY,11101
5639,333 East 53rd Street,New York,NY,10022
5640,1950 Stonegate Drive,Vestavia Hills,AL,35242
5641,7968 Essen Park Avenue,Baton Rouge,LA,70809
5642,614 SW 11th Ave,Portland,OR,97205
5643,8008 MILITARY PRKWY,Dallas,TX,75227
5644,107 Mill Road,Freeport,NY,11520
5645,1518 West 3300 South,Ogden,UT,84401
5646,5510 and 5514 Atascocita Road,Humble,TX,77346
5647,302 North Market Street,Dallas,TX,75202
5648,2935 Pat Booker Road,Universal City,TX,78148
5649,7300 North Point Parkway,Alpharetta,GA,30022
5650,"2525, 2529, 2531 Sawtelle Boulevard",Los Angeles,CA,90064
5651,4600 Westport Drive,Mechanicsburg,PA,17055
5652,2595 Niagara Falls Boulevard,Wheatfield,NY,14304
5653,120-124 Clairborne Road,Olathe,KS,66062
5654,7900 Mentor Avenue,Mentor,OH,44060
5655,12695 McManus Boulevard,Newport News,VA,23602
5656,57-63 Temple Place & 501-507 Washington Street,Boston,MA,02111
5657,15845 South Harlem Avenue,Orland Park,IL,60462
5658,980 Main Street,Woburn,MA,01801
5659,609 Southwest 8th Street,Bentonville,AR,72712
5660,440 Louisiana Street,Houston,TX,77002
5661,830 Boylston Street,Brookline,MA,02467
5662,7705-7739 Wadsworth Boulevard,Arvada,CO,80003
5663,1000 South Broadway,Denver,CO,80209
5664,6509 Greenville Loop Road,Wilmington,NC,28409
5665,450 South State Road 7,Royal Palm Beach,FL,33414
5666,16680 North 83rd Avenue,Peoria,AZ,85382
5667,3158 Redhill Avenue,Costa Mesa,CA,92626
5668,6502 Slide Road,Lubbock,TX,79424
5669,2740 Smallman Street,Pittsburgh,PA,15222
5670,250 North Equity Drive,Smithfield,NC,27577
5671,18832 Rayen St.,Northridge,CA,91324
5672,11 East 44th Street,New York,NY,10017
5673,8900 South Congress Avenue,Austin,TX,78745
5674,15555 JFK Boulevard,Houston,TX,77032
5675,2375-2391 Zanker Road and 172-174 Component Drive,San Jose,CA,95131
5676,610 East Stassney,Austin,TX,78745
5677,"901, 920, and 950 Deerfield Parkway",Buffalo Grove,IL,60089
5678,9702-9712 Greenwell Springs Road,Baton Rouge,LA,70814
5679,166 Jewett Avenue,Jersey City,NJ,07304
5680,822 Gervais Street,Columbia,SC,29201
5681,525 North Canal Road,Lansing,MI,48917
5682,Phoenix Street,Duryea,PA,18642
5683,6111 Willowbend,Houston,TX,77096
5684,196 East Main Street,Milford,MA,01757
5685,"10110, 10130 and 10150 Sorrento Valley Road",San Diego,CA,92121
5686,3424 Wrightsboro Road,Augusta,GA,30909
5687,100 Carondelet Plaza,St. Louis,MO,63105
5688,2101-2303 General Electric Road,Bloomington,IL,61701
5689,555 East Sanford Boulevard,Mount Vernon,NY,10550
5690,1500 Browns Bridge Road,Gainesville,GA,30501
5691,9350 South Padre Island Drive,Corpus Christi,TX,78418
5692,49-20 5th Street,Long Island City,NY,11101
5693,1675 Cumberland Parkway,Smyrna,GA,30080
5694,2601 Bill Owens Parkway,Longview,TX,75064
5695,1400 Business Center Drive,San Leandro,CA,94577
5696,33-00 Northern Boulevard,Long Island City,NY,11101
5697,324 Burchwood Bay Road,Hot Springs,AR,71913
5698,4811 and 4911 Lyons Technology Parkway,Coconut Creek,FL,33073
5699,20311 52nd Avenue West,Lynnwood,WA,98036
5700,505 South Main Street,Las Cruces,NM,88001
5701,6000 and 10270 Medlock Bridge Parkway,Johns Creek,GA,30022
5702,6600 Yucca Street,Los Angeles,CA,90028
5703,17 - 127 Galveston St.,Washington,DC,20032
5704,50 Teledyne Place,La Vergne,TN,37086
5705,2010 West Broad Avenue,Albany,GA,31707
5706,12159 Calle Sombra Avenue,Moreno Valley,CA,92557
5707,333 West 13th Street,Sedgwick,KS,67203
5708,10 Pine Drive,Bloomingburg,NY,12721
5709,990 Holcomb Bridge Road,Roswell,GA,30076
5710,5210-5411 Mockingbird Dr.,Anchorage,AK,99507
5711,12621 Featherwood Drive,Houston,TX,77034
5712,1501-1521 West Cameron Avenue,West Covina,CA,91790
5713,300 Oyster Point Road,Newport News,VA,23602
5714,540 Easton Road,Warrington,PA,18976
5715,1110 Bayfield Drive,Colorado Springs,CO,80906
5716,4100 Western Boulevard,Raleigh,NC,27606
5717,17 Greene Street,New York,NY,10013
5718,40 West 72 St.,New York,NY,10023
5719,27463-27589 Ynez Road,Temecula,CA,92591
5720,1302-1344 Pin Oak Road,Katy,TX,77494
5721,5575 Pleasant Hill Avenue,Las Vegas,NV,89103
5722,170 Bellerive Boulevard,Nicholasville,KY,40356
5723,7901-7967 Heritage Village Plaza & Heathcote Boulevard,Gainesville,VA,20155
5724,3980 Presidential Parkway,Powell,OH,43065
5725,101 Red Deer Drive,Teays Valley,WV,25526
5726,6302-6386 East 82nd Street,Indianapolis,IN,46250
5727,3120 Buford Highway,Atlanta,GA,30329
5728,7301 NW Tiffany Springs Rd.,Kansas City,MO,64153
5729,Bacon's Bridge Road,Summerville,SC,29985
5730,722 Downingtown Pike,East Bradford Township,PA,19380
5731,195 West 500 South and 200 West 500 South,Bountiful,UT,84010
5732,1305 West Woodrow Road,Slaton,TX,79364
5733,8717 Pioneer Boulevard,Santa Fe Springs,CA,90670
5734,315 Centre Street,Jamaica Plain,MA,02130
5735,11215 West Morgan Avenue,Greenfield,WI,53228
5736,One Imeson Park Boulevard   Building 100,Jacksonville,FL,32218
5737,9910 Slaughter Creek Drive,Austin,TX,78748
5738,4060 Palos Verdes Road,Las Vegas,NV,89119
5739,11323 Tanner Road,Houston,TX,77041
5740,5623 Garth Road,Baytown,TX,77521
5741,1923 Goliad Rd,San Antonio,TX,78223
5742,14504-10 NE 20th Street,Bellevue,WA,98007
5743,99-21 67th Road,Forest Hills,NY,11375
5744,4947  4949 and 4951 Tamiami Trail,Naples,FL,34103
5745,2355 - 2377 Crenshaw Boulevard,Torrance,CA,90501
5746,503 West Lancaster Avenue,Wayne,PA,19087
5747,3665 John F Kennedy Parkway,Fort Collins,CO,80525
5748,1201-1241 East Charleston Boulevard,Las Vegas,NV,89104
5749,2050 Greeley Mall Drive,Greeley,CO,80631
5750,5917 67th Street,Lubbock,TX,79424
5751,63065-63085 Northeast 18th Street,Bend,OR,97701
5752,South Military Highway/Campostella Road,Chesapeake,VA,23320
5753,535 North Wilmot Road,Tucson,AZ,85711
5754,85 Viewmont Mall,Scranton,PA,18508
5755,170 W. Larsen Drive,Fond Du Lac,WI,54935
5756,250 Gateway Boulevard,San Francisco,CA,94080
5757,11402 Beechnut St.,Houston,TX,77072
5758,224 Datura Street,West Palm Beach,FL,33401
5759,175 West Jackson Boulevard,Chicago,IL,60604
5760,"1501, 1521, & 1531 South Edgewood Street",Baltimore,MD,21227
5761,2100 Caldwell Boulevard,Nampa,ID,83651
5762,2192 Dupont Drive,Irvine,CA,92612
5763,W/S Dixie Highway (Us 25),Florence,KY,41042
5764,5600 North River Road,Rosemont,IL,60018
5765,178-198 Ogden Ave,Jersey City,NJ,07307
5766,200 Pineview Drive,Athens,GA,30606
5767,2066 East Florence Boulevard,Casa Grande,AZ,85222
5768,166 Stoneridge Drive,Columbia,SC,29210
5769,"1441, 1471, 1473, 1475, 1477 Fitzgerald Drive",Pinole,CA,94564
5770,6522 54th Avenue North,Saint Petersburg,FL,33709
5771,4000 Monroeville Boulevard,Monroeville,PA,15146
5772,2945 and 2951 Watson Boulevard,Warner Robins,GA,31093
5773,69068 Beebe Street,Richmond,MI,48062
5774,406 Merry Oaks Drive,Newport News,VA,23608
5775,121 Centennial Avenue,Piscataway,NJ,08854
5776,6205 Veterans Memorial Boulevard,Metairie,LA,70003
5777,21222 Nautique Boulevard,Cornelius,NC,28031
5778,2700 Hoppe Trail,Round Rock,TX,78681
5779,24901 Northwestern Highway,Southfield,MI,48075
5780,1844 S. Cherry Avenue,Fresno,CA,93721
5781,21100-21150 Trolley Drive,Taylor,MI,48180
5782,2100 South Randall Road,Geneva,IL,60134
5783,3615-3685 South Rainbow Boulevard,Las Vegas,NV,89103
5784,936 and 940 Clarizz Boulevard,Bloomington,IN,47401
5785,5711 Hillcroft Avenue,Houston,TX,77036
5786,1539 US Highway 19 Alternate,Holiday,FL,34684
5787,SEC US Highway 77 and Indian Drive,Waxahachie,TX,75165
5788,1211 Fairview Drive,Dekalb,IL,60115
5789,3411-3535 Silverside Road & 1403-17 Foulk Road,Wilmington,DE,19801
5790,622 Taunton Avenue,East Providence,RI,02914
5791,SEC Route 59 & Theodore Road,Joliet,IL,60435
5792,2005 E. Cone Boulevard,Greensboro,NC,27405
5793,1425 South 5th Street,St. Charles,MO,63301
5794,13400 Benn's Church Boulevard,Smithfield,VA,28379
5795,658 Kenilworth Drive,Towson,MD,21204
5796,7405 Windstream Circle,Hanover,MD,21076
5797,1100 Davis Street,San Leandro,CA,94577
5798,10415-10497 San Diego Mission Road,San Diego,CA,92108
5799,1436 South 6th Street,Macclenny,FL,32063
5800,901 and 909 West Spring Creek Parkway,Plano,TX,75023
5801,1661 North Raymond Avenue & 100 East Orangethorpe Avenue,Anaheim,CA,92801
5802,101 Muirwood Drive,Sandusky,OH,44870
5803,2-18 Waterville Commons Drive,Waterville,ME,04901
5804,10231 Riverside Drive,Toluca Lake,CA,91602
5805,49-20 Fifth Street,Long Island City,NY,11101
5806,3737 Sylvania Avenue,Toledo,OH,43623
5807,2800 & 2900 Orange Ave & 1200 East 29th Street,Signal Hill,CA,90806
5808,151 Brown Chapel Road,Saint Cloud,FL,34769
5809,490 Windy Hill Road,Smyrna,GA,30082
5810,3925 Satellite Boulevard,Duluth,GA,30096
5811,206 Hinton Oaks Boulevard,Knightdale,NC,27545
5812,15-17 Massasoit Avenue,Bristol,RI,02809
5813,51315-51405 Gratiot Avenue,Chesterfield,MI,48051
5814,2885 Briggs Avenue,Bronx,NY,10458
5815,250 West 16th Street,New York,NY,10011
5816,4200 South Freeway,Fort Worth,TX,76115
5817,3665 W. Diablo Drive,Las Vegas,NV,85118
5818,80 East Hartsdale Avenue,Hartsdale,NY,10530
5819,3717 Las Vegas Boulevard South,Las Vegas,NV,89109
5820,435 Lexington Ave,Clifton,NJ,07011
5821,6209-15 JFK Boulevard East,West New York,NJ,07093
5822,204 West Calle Primera,San Ysidro,CA,92173
5823,1333-1335 Gateway Drive,Melbourne,FL,32901
5824,6404-6454 South McClintock Drive & 1701-1715 East Guadalupe Road,Tempe,AZ,85283
5825,915 Cedartree Lane,Claymont,DE,19703
5826,7626 West Lone Mountain Road,Las Vegas,NV,89129
5827,15751 Roxford Street,Sylmar,CA,91342
5828,"4884, 4936, 5024 & 5200 21st Avenue Southwest",Fargo,ND,58103
5829,10101 9th Street North,St. Petersburg,FL,33716
5830,10406-450 Friars Road,San Diego,CA,92120
5831,10030 Sellona Street,Raleigh,NC,27617
5832,3107 Mustang Drive,Grapevine,TX,76051
5833,1405 Moreland Ave. SE,Atlanta,GA,30316
5834,105 Long Street,Woodstock,GA,30189
5835,1425 Georgia Ave,Macon,GA,31201
5836,3926 South Redwood Drive,Independence,MO,64055
5837,18861 90th Avenue,Mokena,IL,60448
5838,444 Spear Street,San Francisco,CA,94105
5839,20323 Huebner Road,San Antonio,TX,78258
5840,25 Sutton Place South,New York,NY,10022
5841,8363 West Sunset Road,Las Vegas,NV,89113
5842,327 Washington Boulevard,Venice,CA,90291
5843,1370 Broadway,New York,NY,10018
5844,3100-3401 Airport International Drive / 3100-3140 Yorkmont Road,Charlotte,NC,28208
5845,NEC Bloomfield Ave and Artesia Blvd.,Cerritos,CA,90703
5846,1902 E. Irvington Road,Tuscon,AZ,85714
5847,198 Grumman Road West,Bethpage,NY,11714
5848,4705 S NC Highway 150,Tyro,NC,27295
5849,145 West 58th Street,New York,NY,10019
5850,321 Canal Boulevard,Richmond,CA,94804
5851,SW Corner Of Centre Street And Lyman Street,Brockton,MA,02302
5852,11611 San Vicente Boulevard,Los Angeles,CA,90049
5853,"210-421 Robert Parker Coffin Road, 301-349 Old McHenry Road",Long Grove,IL,60047
5854,2001-2003 108th Street,Grand Prairie,TX,75050
5855,1940 Mel Browning Street,Bowling Green,KY,42104
5856,11840 N.E. 19th Drive,North Miami,FL,33181
5857,10723-10773 Northwest Ambassador Drive,Kansas City,MO,64153
5858,1-6 Abbott Lane,Concord,MA,01742
5859,530 North 3rd Street,Minneapolis,MN,55401
5860,2732 N. Lake Drive,Irmo,SC,29212
5861,1883 Electric Avenue,Lackawanna,NY,14218
5862,1451 Chain Bridge Road,Mc Lean,VA,22101
5863,1502-1590 Coburg Road,Eugene,OR,97401
5864,10-50 Turk Hill Road,Victor,NY,14564
5865,3100 S. Garnett Road,Tulsa,OK,74146
5866,17523 Highway 99,Lynnwood,WA,98037
5867,1149 Third Street,Santa Monica,CA,90403
5868,8101 Langdon Avenue,Van Nuys,CA,91406
5869,100 Dyna Drive,Houston,TX,77060
5870,1802 W. Jackson Avenue,Oxford,MS,38655
5871,3215 Plaza Way,Waldorf,MD,20602
5872,"9, 11, 13 & 15 Fetzer Drive",Bloomington,IL,61704
5873,601 West 26th Street,New York,NY,10001
5874,210 Airport Road,Mount Airy,NC,27030
5875,2202 E. 136th Avenue,Tampa,FL,33613
5876,1295 Franklin Drive,Marietta,GA,30067
5877,14941 Northam Street,La Mirada,CA,90638
5878,55 West 44th Street,New York,NY,10036
5879,6801 Frankford Avenue,Philadelphia,PA,19135
5880,515 Kelton Avenue,Westwood,CA,90024
5881,1460 South Harbor Boulevard,Anaheim,CA,92802
5882,2620 Legends Parkway,Prattville,AL,36066
5883,105-189 Cox Creek Parkway,Florence,AL,35630
5884,3135 Campus Drive,San Mateo,CA,94403
5885,11025 Vista Sorrento Parkway,Del Mar,CA,92130
5886,4956 Long Beach Road (Hwy. 133),Southport,NC,28461
5887,6 East Bagley Road,Berea,OH,44017
5888,10356-10376 Battleview Parkway,Manassas,VA,22110
5889,1010 Nut Tree Road,Vacaville,CA,95687
5890,1550 Crossways Boulevard,Chesapeake,VA,23320
5891,9801 Westheimer Road,Houston,TX,77042
5892,5 Harris Court,Monterey,CA,93940
5893,150 N. Hill Drive,Brisbane,CA,94005
5894,610 Broad Hollow Road,Melville,NY,11747
5895,300 North 3rd Street,Burbank,CA,91502
5896,16800 East Centretech Parkway,Aurora,CO,80011
5897,"1190-1200 Madison Avenue, a/k/a 21 East 87th Street",New York,NY,10128
5898,775 Main Street,Buffalo,NY,14203
5899,N7 W22081 Johnson Road,Pawaukee,WI,53072
5900,10104-10110 NE 60th Street,Kirkland,WA,98033
5901,590 Enterprise Drive,Neenah,WI,54956
5902,1767 - 1791 Tribute Road,Sacramento,CA,95815
5903,1620 North 59th Avenue,Phoenix,AZ,85035
5904,14309 Sommermeyer Street,Houston,TX,77041
5905,1401 North Placentia Avenue & 1398 Deerpark Drive,Fullerton,CA,92631
5906,13757 Cypress North Houston Road,Houston,TX,77429
5907,"46509, 46663 & 46719 Hayes Road",Shelby Township,MI,48315
5908,12023 and 12073 East Arapahoe Road,Centennial,CO,80112
5909,630 Island Club Court,Indialantic,FL,32903
5910,7393 Tara Road,Jonesboro,GA,30236
5911,5505-5805 Manatee Ave West,Bradenton,FL,34209
5912,19 Walker Avenue,Baltimore,MD,21208
5913,320-640 North 2200 West Street,Salt Lake City,UT,84116
5914,1302-1316 Montana Avenue,Santa Monica,CA,90403
5915,13215-13333 Meridian East,Puyallup,WA,98373
5916,220 West Ahwanee Avenue,Sunnyvale,CA,94085
5917,8335 Sunset Boulevard,Los Angeles,CA,90069
5918,42158-43271 15th St. West & 1525 West Ave. K,Lancaster,CA,93534
5919,1878 East Nine Mile Road,Pensacola,FL,32514
5920,535 Dock Street,Tacoma,WA,98402
5921,207 Winchester Road,Fairlawn,OH,44333
5922,2447 North Wickham Road,Melbourne,FL,32935
5923,7004 East Hanna Avenue,Tampa,FL,33610
5924,10002 Castile Court,Richmond,VA,23233
5925,"1233, 1241, 1249, 1257 Quarry Lane",Pleasanton,CA,94566
5926,6367-74 Lancaster Avenue,Philadelphia,PA,19151
5927,"198, 202, 212, & 230 West Ironwood Drive",Coeur D'Alene,ID,83814
5928,3536 Indian Creek Road,Clarkston,GA,30021
5929,1331 West Danby Road,Newfield,NY,14867
5930,4920 NE Stallings Drive,Nacogdoches,TX,75961
5931,48 East 57th Street,New York,NY,10022
5932,70 East Lake Street,Chicago,IL,60601
5933,118 Tom Davis Road,Livingston,TN,38570
5934,2401 M Street  NW,Washington,DC,20037
5935,1405 Elite Circle,Arlington,TX,76010
5936,8633 West Airport Boulevard,Houston,TX,77071
5937,1 Birch Drive,Sandwich,IL,60548
5938,380 Main Street,Norwalk,CT,06851
5939,1995 Macon Street,North Kansas City,MO,64116
5940,711 Lake Harbour Drive,Ridgeland,MS,39157
5941,185-225 Parkhill Avenue,Staten Island,NY,10304
5942,3210 Arlington Avenue,Bronx,NY,10463
5943,1815-1825 Hillsdale Avenue,San Jose,CA,95124
5944,200 Cleco Drive,Pineville,LA,71360
5945,10426 Main Street,Fairfax,VA,22030
5946,5555 NW 202 Terrace,Miami,FL,33055
5947,W3450 State Highway 50,Lake Geneva,WI,53147
5948,120 East 1st Street,Roselle,NJ,07203
5949,790 Jorie Boulevard,Oak Brook,IL,60523
5950,11400 Ridge Road,New Port Richey,FL,34854
5951,5332 Buttercup Lane,Indianapolis,IN,46224
5952,3651 Wall Avenue,Ogden,UT,84405
5953,2044 Ocean Avenue,Brooklyn,NY,11230
5954,195 Church Street,New Haven,CT,06510
5955,1600 Perrineville Road,Monroe Township,NJ,08831
5956,2221 Houma Boulevard,Metairie,LA,70001
5957,"2602, 2630 and 2660 First Avenue",San Diego,CA,92103
5958,8307 West U.S. Hwy. 421,Wilkesboro,NC,28697
5959,8008-8086 Cryden Way,Forestville,MD,20747
5960,"276, 296, 314, 334 Chester Street & 380, 264 Lafayette Road East",Saint Paul,MN,55107
5961,4000 Middle Country Road,Lake Grove,NY,11755
5962,9040 East Valencia Road,Tucson,AZ,85747
5963,15601 Cross Bay Boulevard,Howard Beach,NY,11414
5964,"2200 I-70 Drive, SW",Columbia,MO,65203
5965,2750 South Durango Drive,Las Vegas,NV,89117
5966,9580 1st Avenue NE,Seattle,WA,98105
5967,292 South La Cienega,Beverly Hills,CA,90211
5968,3600 Van Buren Street,Hollywood,FL,33021
5969,11622 Amargosa Road,Victorville,CA,92392
5970,607 South Hill Street,Los Angeles,CA,90014
5971,3501 Gandy Boulevard,Pinellas Park,FL,33781
5972,4438 Spartan Industrial Drive SW,Grandville,MI,49418
5973,Scottsdale Road & Pinnacle Peak,Scottsdale,AZ,85255
5974,145 Dean Drive,Tenafly,NJ,07670
5975,NEC Interstate Highway 15 and Cajalco Road,Corona,CA,92881
5976,8545 Research Blvd.,Austin,TX,78758
5977,5021 San Mateo Lane NE,Albuquerque,NM,87109
5978,1840 & 1850 West Orangethorpe Avenue,Fullerton,CA,92833
5979,940 North Alma School Road,Chandler,AZ,85224
5980,35 - 325 Date Palm Drive,Cathedral City,CA,92234
5981,1600 West 12th Street,Yuma,AZ,85364
5982,3101 Western Avenue,Seattle,WA,98121
5983,"145, 165, 175, 179, 181 and 191 Highland Avenue",Seekonk,MA,02771
5984,53 Glenmaura National Blvd,Scranton,PA,18507
5985,"100 and 101 B Sun Avenue Northeast, 7700 Jefferson Street Northeast & 5141 Masthead Street Northeast",Albuquerque,NM,87109
5986,11133 Spring Cypress Road,Tomball,TX,77377
5987,9256 Parkway East,Birmingham,AL,35206
5988,3690 Orange Place,Beachwood,OH,44122
5989,6402-6450 Highway 27,Sebring,FL,33870
5990,2219 Wilborn Avenue,South Boston,VA,24592
5991,324 Bowery and 1-3 Bleecker Street,New York,NY,10012
5992,143 - 205 N. Milwaukee Street 8359-8405 Emerald,Boise,ID,83704
5993,114-166 North Belvedere Drive,Gallatin,TN,37066
5994,8000 I-10 West,San Antonio,TX,78230
5995,5827 Old Shell Road,Mobile,AL,36608
5996,2929 James Sanders Boulevard,Paducah,KY,42001
5997,3062 and 3078 Prospect Park Drive,Rancho Cordova,CA,95670
5998,450 Johnny Mercer Boulevard,Savannah,GA,31410
5999,225 Richard Jackson Boulevard,Panama City Beach,FL,32407
6000,2280 West Business 77,San Benito,TX,78586
6001,5055 West Hacienda Avenue,Las Vegas,NV,89118
6002,4658 Mercer University Drive,Macon,GA,31210
6003,605 Rockaway Turnpike,Lawrence,NY,11559
6004,10 Victor Square,Scotts Valley,CA,95066
6005,1402 Bridford Parkway,Greensboro,NC,27407
6006,SW Corner of Glendale and 43rd Avenues,Glendale,AZ,85301
6007,55 Valle Vista Avenue,Vallejo,CA,94590
6008,1501 S. Mahaffie  Circle,Olathe,KS,66062
6009,7800 West Jewell Ave.,Lakewood,CO,80232
6010,5080 Newport Avenue,San Diego,CA,92107
6011,461 & 535 Emily Drive,Clarksburg,WV,26301
6012,20547 Waverly Court,Ashburn,VA,20147
6013,US Highway 98 and Weathersby Rd,Hattiesburg,MS,39402
6014,851 Central Avenue,Dover,NH,03820
6015,5660-5840 West Cypress Street,Tampa,FL,33607
6016,12050 Highway 92,Woodstock,GA,30188
6017,1100 Raymond Boulevard,Newark,NJ,07102
6018,1525 Morrison Parkway,Alpharetta,GA,30004
6019,1707 Old Country Road,Riverhead,NY,11901
6020,7105 Grand Avenue,Gurnee,IL,60031
6021,7960 E. Thompson Peak Parkway,Scottsdale,AZ,85255
6022,3425 Old Conejo Road,Thousand Oaks,CA,91320
6023,1660 Union Street,San Diego,CA,92101
6024,4260 Brownsboro Road,Winston-Salem,NC,27106
6025,3 Mitchell Place,New York,NY,10017
6026,360 South 2nd Street,Mcconnellsburg,PA,17233
6027,110 Walnut Street,Highland,IL,62249
6028,1126 North Church Street,Greensboro,NC,27401
6029,1001 West Martin Luther King Boulevard,Los Angeles,CA,90037
6030,1589 Crossways Boulevard,Chesapeake,VA,23320
6031,4918 West First Street,Santa Ana,CA,92703
6032,377 East 33rd Street,New York,NY,10016
6033,930 Noble Way,Santa Maria,CA,93454
6034,300 Southeast Georgia Avenue,Sweetwater,TX,79556
6035,1805 Loftway Circle,Orlando,FL,32826
6036,12235 North Cave Creek Road,Phoenix,AZ,85022
6037,6045-6245 W Chandler Blvd,Chandler,AZ,85226
6038,10619 U.S. Highway 19,Port Richey,FL,34668
6039,5080 North Kimberly Avenue,Chicago,IL,60630
6040,7641 Lee Highway,Chattanooga,TN,37421
6041,"3618, 3624, 3648 and 3654 West Anthem Way",Anthem,AZ,85086
6042,5219 DeZavala Road,San Antonio,TX,78249
6043,2401-2431 Airport Freeway and 2201-2215 Story Road,Irving,TX,75062
6044,5877 Ross Road,Fairfield,OH,45014
6045,2600 Cambridge Road,Cameron Park,CA,95682
6046,929 Kildaire Farm Road,Cary,NC,27511
6047,190 River Road,Edgewater,NJ,07020
6048,1036 Vandercar Way,Florence,KY,41042
6049,190-195 Golfview Drive,Monaca,PA,15061
6050,7329-7379 Milliken Avenue,Rancho Cucamonga,CA,91701
6051,12800-12824 Ventura Boulevard,Studio City,CA,91604
6052,1107-1161 East Main Street,Mesa,AZ,85204
6053,380&462 Stevens Avenue,Solana Beach,CA,92075
6054,112 Main St,Queensbury,NY,12801
6055,2215 Memorial Drive,Waycross,GA,31501
6056,4519 Dallas Acworth Highway,Dallas,GA,30132
6057,300 South Lexington Drive,Folsom,CA,95630
6058,2300 Buffalo Road,Rochester,NY,14624
6059,3101 Vista Drive,Rosenberg,TX,77471
6060,9313 Tally Ho Road,Houston,TX,77017
6061,1100 & 1080 Davis Street and 38 Preda Street,San Leandro,CA,94577
6062,NEC of Central Avenue & Baseline Road,Phoenix,AZ,85040
6063,"12112, 12142 and 12152 North Rancho Vistoso Boulevard",Oro Valley,AZ,85737
6064,9575 Commission Drive,Mascot,TN,37806
6065,11800 & 11720 Amberpark Road,Alpharetta,GA,30004
6066,200-230 Park Avenue,Florham Park,NJ,07960
6067,101-154 Gilbralter Street,Annapolis,MD,21401
6068,3500 Cedar Run,Abilene,TX,76118
6069,2 Overhill Road,Scarsdale,NY,10583
6070,1804 Bradford Drive,Greenville,NC,27858
6071,514 State Highway 33 West,Millstone,NJ,07726
6072,81 Orchard Hill Circle,Staunton,VA,24401
6073,25 Washington Street,Easton,MA,02356
6074,405-529 South Circle,Colorado Springs,CO,80910
6075,5233 NW 84th Street,Johnston,IA,50131
6076,333 Penn Avenue,Pittsburgh,PA,15221
6077,392 Aoloa Street,Kailua,HI,96734
6078,901 SW 8th Avenue Apartments,Miami,FL,33130
6079,2480 Jonathan Moore Pike,Columbus,IN,47201
6080,13250 Hazel Dell Parkway,Carmel,IN,46033
6081,340 Wilson Avenue,Norwalk,CT,06854
6082,11301 Abercom Street,Savannah,GA,31419
6083,215 South Center Street & 210 East Third Street,Royal Oak,MI,48067
6084,707-815 West 2nd Street,San Bernardino,CA,92410
6085,1871 The Alameda,San Jose,CA,95126
6086,35700 East Michigan Avenue,Wayne,MI,48184
6087,"5101, 5131, 5151, 5231, 5251, 5301, 5331 and 5351 Amber Valley Parkway South",Fargo,ND,58104
6088,102-118 and 190-200 South Wilcox Street,Castle Rock,CO,80104
6089,52-15 Grand Avenue,Maspeth,NY,11378
6090,8777 West Maule Avenue,Las Vegas,NV,89148
6091,4690 Salisbury Road,Jacksonville,FL,32256
6092,2195 U.S. Route 1,North Brunswick,NJ,08902
6093,"1514, 1526 and 1538 East Harmony Road",Ft. Collins,CO,80525
6094,199 Aegean Way,Vacaville,CA,95687
6095,1145 S. Camino Del Rio,Durango,CO,81301
6096,44-14 Newtown Road,Astoria,NY,11103
6097,110-07 73rd Road,Forest Hills,NY,11375
6098,45500 Majestic Drive,Sterling,VA,20166
6099,340 East 83rd Street,New York,NY,10028
6100,410 Peachtree Parkway,Cumming,GA,30041
6101,8385 South Allen Street,Sandy,UT,84070
6102,8801 Monticello Dr.,Texas City,TX,77591
6103,2023-2053 East Joppa Road,Parkville,MD,21234
6104,2001 Addison Street,Berkeley,CA,94704
6105,28497 CA-74,Lake Elsinore,CA,92532
6106,20955 Pathfinder Road,Diamond Bar,CA,91765
6107,10 North Calvert Street,Baltimore,MD,21202
6108,3300 Broadway Street,Eureka,CA,95501
6109,801 W. Easy St,Rogers,AR,72756
6110,553 Corbin Street,Jacksonville,NC,28546
6111,1512 North H Street,Lompoc,CA,93436
6112,4251 SE 44th Street,Del City,OK,73135
6113,2505-2603 Jackson Avenue,Ann Arbor,MI,48103
6114,9428 Sheep Creek Road,Phelan,CA,92371
6115,2165 U.S. 27,Lake Placid,FL,33852
6116,305 East 2000 North,North Ogden,UT,84404
6117,342 - 370 Elm Ave(at Auburn Ravine Rd),Auburn,CA,95603
6118,3390 University Avenue,Riverside,CA,92501
6119,338 West 19th Street,New York,NY,10011
6120,536 West 111th Street,New York,NY,10025
6121,9630 & 9808 East Washington Street,Indianapolis,IN,46229
6122,910 Nottingham Road,Avon,CO,81620
6123,501 Elkhart Street,Aurora,CO,80011
6124,14206 S Van Ness Ave,Gardena,CA,90249
6125,504 Spring Hill Drive,Spring,TX,77386
6126,4410 North Longview Avenue,Phoenix,AZ,85014
6127,14600 South Ocean Gate Avenue,Hawthorne,CA,90250
6128,2500 International Speedway Boulevard,Daytona Beach,FL,32114
6129,Route 13 and Star Road,Cortlandville,NY,13045
6130,75-40 Austin Street,Forest Hills,NY,11375
6131,240 West 73rd Street,New York,NY,10023
6132,1320-1380 Lombard Street,San Francisco,CA,94109
6133,15 West 39th Street,New York,NY,10018
6134,9119 Merrill Road,Jacksonville,FL,32225
6135,27437 Murrieta Road,Sun City,CA,92585
6136,3511 South TK Avenue,Boise,ID,83705
6137,149 - 171 Broadway,New York,NY,10006
6138,11868 Bandera Road,San Antonio,TX,78203
6139,11 Gateway Boulevard East,Savannah,GA,31419
6140,3400 - 3502 South Broadway,Tyler,TX,75706
6141,2450-2452 Kuser Road,Hamilton Township,NJ,08690
6142,5716 Avenue U,Brooklyn,NY,11234
6143,510 North 11th Avenue,Hanford,CA,93230
6144,5 Dennis Road,Cape May Court House,NJ,08210
6145,210 Ethan Allen Drive,Dahlonega,GA,30533
6146,320-340 Leonardwood Drive,Frankfort,KY,40601
6147,68706-68724 East Palm Canyon Drive,Cathedral City,CA,92234
6148,100-895 Village Center Drive,North Oaks,MN,55127
6149,1127 Ivy Club Lane,Landover,MD,20785
6150,8633 NE Airport Way,Portland,OR,97220
6151,2110 Preston Park Drive,Duluth,GA,30096
6152,131 & 133 West 28th Street,New York,NY,10001
6153,826 W. Inverness Drive,Peoria,IL,61615
6154,Lafayette Place and 46th Avenue,Edmonston,MD,20781
6155,2187 Gauthier Road,Lake Charles,LA,70607
6156,30/40 South Cole Avenue,Spring Valley,NY,10977
6157,52 Riverside Drive,New York,NY,10024
6158,47-53 Long Pond Road,Plymouth,MA,02360
6159,1438-1444 9th Street,Santa Monica,CA,90401
6160,45 Merrimack Street,Lowell,MA,01852
6161,3260 & 3300 University Place,Orlando,FL,32792
6162,2060 East 9th Street,Cleveland,OH,44115
6163,600 Franklin Ave.,Minneapolis,MN,55405
6164,15979 Hall Road,Macomb,MI,48044
6165,1001 Pullen Street,Royse City,TX,75189
6166,301 12th Street,Vero Beach,FL,32960
6167,550 Birch Street,Manteno,IL,61360
6168,124 West 34th Street,New York,NY,10001
6169,330 Coit Road,Richardson,TX,75080
6170,100 Riverwind Way,Oviedo,FL,32765
6171,318 East 106th Street,New York,NY,10029
6172,"101, 103, 105, 107 College Road East, 2 and 4 Research Way",Princeton,NJ,08540
6173,599 West End Avenue a/k/a 300 West 89th Street,New York,NY,10024
6174,3111-3245 Washtenaw Avenue,Ann Arbor,MI,48104
6175,4001 West Broadway Boulevard,Sedalia,MO,65301
6176,300 Silverado Drive,Stoughton,WI,53589
6177,"785, 790 and 794 Sunset Boulevard",Corolla,NC,27927
6178,30 East Seventh Street,St. Paul,MN,55101
6179,2150 East Wooster Street,Bowling Green,OH,43402
6180,6225-6263 Acorn Street,San Diego,CA,92115
6181,"5758, 5794, 5850, 5925, 5956-5964 W. Las Positas",Pleasanton,CA,94588
6182,2868-2872 Dutton Meadow,Santa Rosa,CA,95407
6183,1410 Wall Street,Bellevue,NE,68005
6184,"7005 South Front Road, 7401, 7451, 7501 Longard Road and 501 Lawrence Raod",Livermore,CA,94551
6185,405 - 429 San Antonio Road,Mountain View,CA,94040
6186,945 East Avenue Q4,Palmdale,CA,93550
6187,101-161 Space Park South,Nashville,TN,37211
6188,777 N.W. 155th Lane,Miami,FL,33169
6189,201 and 203 Pine Street,Clemson,SC,29631
6190,3401 North Mayberry Street,Mission,TX,78574
6191,2701-2801 South Kiwanis Avenue,Sioux Falls,SD,57105
6192,100 Berkeley Place Circle,Clemson,SC,29631
6193,6363 Grover Street,Omaha,NE,68106
6194,2059 Second Street,Norco,CA,92860
6195,Renshaw Road,Chester,PA,19013
6196,95 Park Terrace East,New York,NY,10037
6197,208 East 95th Street,New York,NY,10128
6198,2108 West 27th Street,Lawrence,KS,66047
6199,3022-3040 West 14th Street and 3118 West 14th Street,Cleveland,OH,44109
6200,49 South Clinton Street,East Orange,NJ,07018
6201,509 212th Street,New York,NY,10034
6202,33-51 Main Street,Westport,CT,06880
6203,1501 Jefferson Avenue,Naperville,IL,60540
6204,2121 South McClelland Street,Salt Lake City,UT,84106
6205,1992 Jericho Turnpike,East Northport,NY,11731
6206,217 Belmont Avenue,Haledon,NJ,07508
6207,202 West Long Leaf Drive,Auburn,AL,36830
6208,505 Central Ave.  NW,Albuquerque,NM,87125
6209,500 Providence Highway,Walpole,MA,02081
6210,5836 Hunnewell Drive,Indianapolis,IN,46254
6211,407 Broadway,New York,NY,10013
6212,726 Scott Avenue,Wichita Falls,TX,76301
6213,41915 and 41925 Motor Car Parkway,Temecula,CA,92591
6214,4300 West Wall Street,Midland,TX,79703
6215,737 Tuckahoe Road,Yonkers,NY,10710
6216,344 Richland Drive,Waco,TX,76710
6217,2143 Michigan Avenue,Dearborn,MI,48124
6218,1515 Commerce Street,Tacoma,WA,98402
6219,12550 West Thunderbird Road,El Mirage,AZ,85335
6220,3701  East Chapman Avenue,Orange,CA,92869
6221,14351 Haynes Street,Van Nuys,CA,91401
6222,1049 Powers Ferry Road Southeast,Marietta,GA,30067
6223,1808 South Salem Road,Virginia Beach,VA,23456
6224,4627-4641 Santa Monica Blvd. & 1100-1134 N. Vermont Ave.,Los Angeles,CA,90029
6225,5595 - 5611 Riverdale Road,College Park,GA,30349
6226,214 East 9th Street,New York,NY,10029
6227,7927 St. Ives Road,North Charleston,SC,29406
6228,1421 Sadler Road,Fernandina Beach,FL,32034
6229,4240 W. Beltline Blvd. & 2941 Two Notch Rd.,Columbia,SC,29204
6230,One Mustang Drive,San Luis Obispo,CA,93405
6231,320 Hospital Road,Canton,GA,30114
6232,1325 & 1330 Fifth Avenue,New York,NY,10029
6233,140 L Street SE,Washington,DC,20003
6234,110-158 East Hutchinson Avenue,Columbus,OH,43235
6235,2801 Double Churches Road,Columbus,GA,31909
6236,2125 Lisenby Avenue,Panama City,FL,32405
6237,358 Second Avenue,Waltham,MA,02451
6238,9 Estell Lee Place,Wilmington,NC,28401
6239,460 Florida Central Parkway,Longwood,FL,32750
6240,340-350 Travis Boulevard,Fairfield,CA,94533
6241,10805 Sunset Office Drive,Sunset Hills,MO,63127
6242,1950 -2050 S RAINBOW BLVD,Las Vegas,NV,89102
6243,816 College Road,Wilmington,NC,28402
6244,501 and 575 East Hardy Street,Los Angeles,CA,90301
6245,1600 Dell Avenue,Campbell,CA,95008
6246,402 E. Yakima Ave,Yakima,WA,98901
6247,300 Centerville Road,Warwick,RI,02886
6248,7582 Currell Boulevard,Woodbury,MN,55125
6249,1153-1387 Kingwood Drive,Kingwood,TX,77339
6250,5800 Eubank Boulevard Northeast,Albuquerque,NM,87111
6251,308-536 North Brentwood & 516-536 North Chicago,Lubbock,TX,79416
6252,2501-2515 White Bear Avenue,Maplewood,MN,55109
6253,2910 Maguire Road,Ocoee,FL,34761
6254,18820-18840 Soledad Canyon Road,Santa Clarita,CA,91351
6255,545 West 25th Street,New York,NY,10001
6256,580 Geary Street,San Francisco,CA,94102
6257,5600 & 5604 Colleyville Boulevard,Colleyville,TX,76034
6258,7400 East 90th Street,Indianapolis,IN,46256
6259,1101-1107 North Cleveland Avenue,Sioux Falls,SD,57103
6260,7222 Commerce Center Drive,Colorado Springs,CO,80919
6261,5575-5769 Fairmont Parkway,Pasadena,TX,77505
6262,230 Arden Avenue,Staten Island,NY,10312
6263,2825 Bluegrass Lane,Henderson,NV,89074
6264,564 9th Street North,Naples,FL,34102
6265,132-138 Mulberry Street,New York,NY,10013
6266,111 Westminster Street,Providence,RI,02903
6267,3948 Legacy Drive and 6940 Coit Road,Plano,TX,75023
6268,881 Venetia Bay Boulevard,Venice,FL,34285
6269,126-138 West Water Street,Santa Fe,NM,87501
6270,6601 Will Rogers Boulevard,Fort Worth,TX,76102
6271,6770 Veterans Parkway,Columbus,GA,31909
6272,51 Newtown Lane,East Hampton,NY,11937
6273,1270 Gerard Avenue,Bronx,NY,10452
6274,211 North Robinson Avenue,Oklahoma City,OK,73102
6275,777 Woodward Avenue,Detroit,MI,48226
6276,1385 Boston Post Road,Larchmont,NY,10538
6277,9111 Lakes at 610 Drive,Houston,TX,77054
6278,7204 GB Alford Highway,Holly Springs,NC,27540
6279,8667 & 8701 East Hartford Drive,Scottsdale,AZ,85255
6280,180 Mantle Avenue,Blackman,MI,49202
6281,1429 FM 1960 Road West,Houston,TX,77090
6282,2322 North Harrison Street,Arlington,VA,22205
6283,480 North Stephanie Street,Henderson,NV,89014
6284,4404-4414 University Avenue,San Diego,CA,92105
6285,7701 Stemmons Freeway,Dallas,TX,75247
6286,9529 East Ponderosa Drive,North Webster,IN,46555
6287,313 Freetown Road,Grand Prairie,TX,75051
6288,6900 West Broad Street,Richmond,VA,23230
6289,56265 Van Dyke Avenue,Shelby Township,MI,48316
6290,2100 Lynnhaven Parkway,Virginia Beach,VA,23456
6291,554-556 Third Avenue,New York,NY,10016
6292,75 Crestmont Way,Greenville,SC,29615
6293,5895 Bonnie View Lane,Elkridge,MD,21075
6294,626-690 Blossom Hill Road,San Jose,CA,95123
6295,1502 Pech Road,Houston,TX,77055
6296,200 Gulf Stream Way,Dania Beach,FL,33004
6297,3812 Partridge Lane NE,Keizer,OR,97303
6298,901 North Charles Street,Baltimore,MD,21201
6299,13991-13997 Anderson Lakes Parkway,Eden Prairie,MN,55344
6300,1645 Carol Sue Avenue,Terrytown,LA,70056
6301,6315 E. Southern Avenue,Mesa,AZ,85206
6302,775 East Merritt Island Causeway,Merritt Island,FL,32952
6303,14727 Bothell Way NE,Shoreline,WA,98155
6304,88 North Plank Road,Newburgh,NY,12550
6305,3280 Peachtree Industrial Blvd.,Duluth,GA,30136
6306,13799 Beach Boulevard,Jacksonville,FL,32224
6307,2110 SE J Street,Bentonville,AR,72712
6308,13599 Desmond Street,Pacoima,CA,91331
6309,28720 Northwestern Highway,Southfield,MI,48034
6310,"Rural Route 2, Box 1995",Winona,MN,55987
6311,3100 South University Boulevard,Jacksonville,FL,32207
6312,2422 Banks Edge Way,Reynoldsburg,OH,43068
6313,310 South Lake Avenue and 315 South Mentor Avenue,Pasadena,CA,91101
6314,21 Airport Road,Glenville,NY,12302
6315,276 -294 314-330 334-346 Chester Street,St Paul,MN,55107
6316,2888 Dougherty Drive,Baton Rouge,LA,70805
6317,4915 St. Elmo Avenue,Bethesda,MD,20814
6318,1240 Hooper Avenue,Toms River,NJ,08753
6319,4301 Hartford Drive,Dallas,TX,75219
6320,6101 Antoine Drive,Houston,TX,77091
6321,1011 County Home Road,Conover,NC,28204
6322,13440 University Boulevard,Sugar Land,TX,77479
6323,13327 Tomball Parkway,Houston,TX,77086
6324,7500-7516 Melrose Avenue,Los Angeles,CA,90046
6325,2010  South Main Street,Seattle,WA,98144
6326,9307 & 9223 Broadway Street,Pearland,TX,77584
6327,2840 Ramada Way,Green Bay,WI,54304
6328,10450 Doral Boulevard,Doral,FL,33178
6329,60 Warren Street,New York,NY,10007
6330,2555 Webb Chapel Extension,Dallas,TX,75220
6331,14850 North Scottsdale Road,Scottsdale,AZ,85254
6332,10720 West Indian School Road,Phoenix,AZ,85037
6333,5801 Kingsport Drive,Atlanta,GA,30342
6334,3421 Kay Street,Columbia,SC,29205
6335,1603 Grand Avenue,Billings,MT,59102
6336,831 Providence Rd,Upper Darby,PA,19082
6337,13050 Champions Park Drive,Houston,TX,77069
6338,12133-12249 Hesperia Road; 17080-17222 Bear Valley Road,Victorville,CA,92395
6339,120 North Washington Square,Lansing,MI,48933
6340,200 5th Avenue,Arvin,CA,93203
6341,152 State Route 94,Blairstown,NJ,07825
6342,501 J Street,Sacramento,CA,95814
6343,2100 Washington Street,Hanover,MA,02339
6344,452 Linden Avenue,Penfield,NY,14625
6345,3730 South Mill Avenue,Tempe,AZ,85282
6346,12799 State Highway 86,Wheaton,MO,64874
6347,850 Nottingham Road,Avon,CO,81620
6348,105 Doleac Drive,Hattiesburg,MS,39401
6349,"38695, 36701, 38705 & 38703 Seven Mile Crossing",Livonia,MI,48152
6350,145 95th Street,Brooklyn,NY,11209
6351,6156 S. Loop East,Houston,TX,77087
6352,1300 South University Drive,Ft. Worth,TX,76107
6353,4705 East Carefree Highway,Cave Creek,AZ,85331
6354,6801 Gaylord Parkway,Frisco,TX,75034
6355,"8301, 8401, & 8501 Golden Valley Road",Golden Valley,MN,55427
6356,2413 State Highway 121,Bedford,TX,76021
6357,5520  Pleasant Hill Avenue,Las Vegas,NV,89103
6358,4854 Washtenaw Avenue,Ann Arbor,MI,48108
6359,2901 Sterlington Road,Monroe,LA,71203
6360,4338-4468 Magellan Court,Ayden,NC,28513
6361,18 Anderson Lane,Lynn,MA,01902
6362,1704 East Military Parkway,Mesquite,TX,75149
6363,2665 South Colorado Boulevard,Denver,CO,80222
6364,25603 Greenfield Road,Southfield,MI,48075
6365,19610 Katy Freeway,Houston,TX,77094
6366,3136 East Tenth Street,Greenville,NC,27858
6367,242-244 Lafayette Street,New York,NY,10012
6368,4517 North Pennsylvania Avenue,Oklahoma City,OK,73112
6369,955 Mearns Road,Warminster,PA,18974
6370,9202 N. 19th Avenue,Phoenix,AZ,85021
6371,2220 NW 55th Boulevard,Gainesville,FL,32606
6372,35-39 West 35th Street,New York,NY,10001
6373,5510-5540 PGA Boulevard,Palm Beach Gardens,FL,33418
6374,4105 and 4141 38th Street Southwest,Fargo,ND,58104
6375,600 West Donlon Street,Blythe,CA,92225
6376,906 Jefferson St. & 807 Alfred Street,Alexandria,VA,22314
6377,7373 & 7375 Peak Drive,Las Vegas,NV,89128
6378,18442 Leesville Road,Lynchburg,VA,24502
6379,700 N. Indian Creek Drive,Clarkston,GA,30021
6380,3700 Shackelford Road,Duluth,GA,30136
6381,2830 Pitkin Avenue,Brooklyn,NY,11208
6382,562 Rumson Road,Greece,NY,14616
6383,3938 Southwest Carman Drive,Lake Oswego,OR,97035
6384,4210 14th Street West,Bradenton,FL,34205
6385,6200 Lankershim Blvd.,North Hollywood,CA,91606
6386,1000 Post & Paddock Lane,Grand Prairie,TX,75050
6387,65 Sunnyslope Avenue,Tewksbury,MA,01876
6388,1460 US Hwy 278,Bluffton,SC,29910
6389,1081-1099 1103-1129 1135 S. Mission Boulevard,Fallbrook,CA,92028
6390,17100 Cole Road,Hagerstown,MD,21740
6391,37 & 43 West Montgomery Crossroads,Savannah,GA,31406
6392,4201 Church Road,Mt. Laurel,NJ,08054
6393,1250 Route 28,Branchburg,NJ,08876
6394,17 East Sir Francis Drake Boulevard,Larkspur,CA,94939
6395,1850-1870 McCulloch Boulevard,Lake Havasu City,AZ,86403
6396,24025 Katy Freeway,Katy,TX,77494
6397,1401 North Tustin Avenue,Santa Ana,CA,92705
6398,2540 Rochester Road,Royal Oak,MI,48073
6399,4790 Sugarloaf Parkway,Lawrenceville,GA,30044
6400,35799 US Highway 27,Haines City,FL,33844
6401,7945-7987 Fayetteville Road,Garner,NC,27603
6402,1101 Dove Street,Newport Beach,CA,92660
6403,10500 Hayne Boulevard,New Orleans,LA,70127
6404,1530 West Covina Parkway,West Covina,CA,91790
6405,5201 City Line Road,Newport News,VA,23605
6406,355 South 520 West,Lindon,UT,84042
6407,A-1 Janice Road,Lewes,DE,19958
6408,120 SE Mast Avenue,Lincoln City,OR,97367
6409,800 Custer Road,Richardson,TX,75080
6410,601 West Thompson Street,Decatur,TX,76234
6411,1010 West Fort Macon Road,Atlantic Beach,NC,28512
6412,221 Pauline Drive,Berea,KY,40403
6413,260 Tremont Street,Boston,MA,02116
6414,775 First Street,Gilroy,CA,95020
6415,1305 Kepler Drive,Green Bay,WI,54311
6416,4400-4498 Lemay Ferry Road,St. Louis,MO,63129
6417,201 Northwood Drive,Atlanta,GA,30342
6418,181 West Madison Street,Chicago,IL,60602
6419,4801 North Hills Boulevard,North Little Rock,AR,72116
6420,One & Two Nelson Parkway,Mundelien,IL,60060
6421,1105 Northwest 3rd Ave,Gainesville,FL,32604
6422,10601 East 98th Terrace,Kansas City,MO,64134
6423,140 Greenwich Avenue,Greenwich,CT,06830
6424,50 Powhattan Avenue,Essington,PA,19029
6425,3400 Concord Road,Aston Township,PA,19014
6426,2000 Parson Street,Costa Mesa,CA,92627
6427,225 Hyde Street,San Francisco,CA,94102
6428,9357 and 9365 Philips Highway,Jacksonville,FL,32256
6429,3506 Meadowview Boulevard,New Castle,PA,16105
6430,10425 Marlin Road,Culter Ridge,FL,33157
6431,4100 N 29 Terrace & 4200 N 29th Avenue,Hollywood,FL,33020
6432,6235 South Pecos Road,Las Vegas,NV,89120
6433,55 Pharr Road Northwest,Atlanta,GA,30305
6434,5701 East Circle Drive,Cicero,NY,13039
6435,"45415-60 Dulles Crossing Plaza, 45575-45633 Dulles Eastern Plaza",Sterling,VA,20166
6436,515 & 615 E. Grand Road,Tucson,AZ,43500
6437,9060 Junction Drive,Annapolis Junction,MD,20701
6438,1530 Goodyear Drive,El Paso,TX,79961
6439,52-54 Main Street,Brewster,NY,10509
6440,630 Davis Street,Evanston,IL,60201
6441,"554-556, 558 and 565 West 181st Street",New York,NY,10033
6442,8044 Gleason Rd,Knoxville,TN,37919
6443,6705 West Highway 290,Austin,TX,78735
6444,4903 - 4945 Eagle Rock Boulevard,Eagle Rock,CA,90041
6445,1613 Latourette Lane,Jonesboro,AR,72404
6446,5151 N. Kain Avenue,Tucson,AZ,85705
6447,18500-18580 Via Princessa,Santa Clarita,CA,91387
6448,197 Route 18 South,East Brunswick,NJ,08816
6449,17120 Dallas Parkway,Dallas,TX,75248
6450,500 Seaview Avenue,Staten Island,NY,10305
6451,200-500 Commons Drive,Geneva,IL,60134
6452,7575 Bissonnet,Houston,TX,77074
6453,1410 Worthington Ridge Boulevard,Columbus,OH,43085
6454,1114 Seaco Avenue,Deer Park,TX,77536
6455,3660 Regent Boulevard,Irving,TX,75063
6456,112 1st  Avenue,New York,NY,10005
6457,730 Arizona Avenue (aka 1310 Lincoln Boulevard),Santa Monica,CA,90401
6458,50 Peachtree St.,Atlanta,GA,30303
6459,6335 Georgia 85,Riverdale,GA,30274
6460,2501 Burlington-Mount Holly Road,Burlington,NJ,08016
6461,3131 East Thunderbird Road,Phoenix,AZ,85032
6462,100 Winding Road,Covington,KY,41011
6463,5795 Princess Anne Rd.,Virginia Beach,VA,23462
6464,514-516 East 6th Street,New York,NY,10009
6465,9511 West Depot Street,Yorktown,IN,47396
6466,16851 South Harlem Avenue,Tinley Park,IL,60477
6467,203 Lafayette Road,North Hampton,NH,03862
6468,(1) 308 E. 48th St. (2) 412 E. 48th St.,Garden City,ID,83714
6469,4995 Murphy Canyon Road,San Diego,CA,92123
6470,NWC of Hall & Schoenherr Roads,Utica,MI,48315
6471,19324 Alderwood Mall Parkway,Lynnwood,WA,98036
6472,12851 Haster Street,Garden Grove,CA,92643
6473,736 Warrenton Road,Fredericksburg,VA,22406
6474,10205 Grand Avenue,Franklin Park,IL,60131
6475,633 North Lynhurst Drive,Indianapolis,IN,46224
6476,100 Adams Street,Clinton,MA,01510
6477,401 Curtis Road,Savoy,IL,61874
6478,16300 North Park Place,Southfield,MI,48075
6479,6939-6989 Bandley Drive,Fountain,CO,80817
6480,770 Ponce de Leon Blvd,Coral Gables,FL,33134
6481,1840 Lapalco Blvd.,Harvey,LA,70058
6482,464 West Woodbury Road,Altadena,CA,91001
6483,1291 Pacific Oaks Place,Escondido,CA,92029
6484,730 North Michigan Avenue,Chicago,IL,60611
6485,411 North Harbor Blvd.,San Pedro,CA,90731
6486,713 Gulf Breeze Parkway,Gulf Breeze,FL,32561
6487,4700 Nathan Lane North,Plymouth,MN,55442
6488,9301  9401 S. Factory Shops Boulevard,Daleville,IN,47334
6489,1555 Northeast Merman Drive,Pullman,WA,99163
6490,755 Pierce Road,Clifton Park,NY,12065
6491,325 Southwest 7th Street,Des Moines,IA,50309
6492,17336 Jefferson Davis Highway,Dumfries,VA,22026
6493,1717 Woodstead Court,The Woodlands,TX,77380
6494,1035 Nathan Lane North,Plymouth,MN,55441
6495,7378 Timber Dr,Cincinnati,OH,45241
6496,8150 Palm Parkway,Orlando,FL,32836
6497,2675 Morgantown Road,Reading,PA,19607
6498,17200 South La Villita Road,Sahuarita,AZ,85629
6499,16-10 Caffrey Avenue,Far Rockaway,NY,11691
6500,950 Franklin Street,San Francisco,CA,94109
6501,50 Park Terrace East,New York,NY,10034
6502,1080 Magazine Street,Vallejo,CA,94591
6503,"3613, 3617, 3628 & 3629 South Hampton Court",Bryan,TX,77801
6504,12-38 Town Line Road,Rocky Hill,CT,06067
6505,50-21 39th Place,Sunnyside,NY,11104
6506,6466 Double Eagle Drive,Woodridge,IL,60517
6507,1698 Vierling Drive East,Shakopee,MN,55379
6508,2420 Martin Road,Fairfield,CA,94533
6509,61 Thompson Street,Staten Island,NY,10304
6510,"24, 32, 37, 42, 60, 70, 90, 115, 125, 130, 139, 140 Professional Parkway; 16, 26, 57, 64 Davison Court; 734, 770, 792 Davison Road",Lockport,NY,14094
6511,75 Maine Avenue,Rockville Centre,NY,11570
6512,25 East 19th Street,Brooklyn,NY,11226
6513,989 Sixth Avenue,New York,NY,10018
6514,2800 Lafayette Road,Portsmouth,NH,03801
6515,3031 Clinton Drive,Juneau,AK,99801
6516,1244 Executive Boulevard,Chesapeake,VA,23320
6517,5620 - 5754 N. Academy Blvd,Colorado Springs,CO,80918
6518,5000 Arizona Mills Circle,Tempe,AZ,85282
6519,576 Linda Mar Boulevard,Pacifica,CA,94044
6520,2155 Fontebranda Loop,Casselberry,FL,32730
6521,7 Sherwood Avenue,Ossining,NY,10562
6522,12950 State Highway 96,Carthage,MO,64836
6523,10320 56th Street N.,Temple Terrace,FL,33617
6524,27737 Bouquet Canyon Road,Santa Clarita,CA,91380
6525,4001-29 Kennett Pike,Greenville,DE,19807
6526,1451 & 1501 Tollis Parkway,Broadview Heights,OH,44147
6527,10410 Kensington Parkway,Kensington,MD,20895
6528,6565 Paradise Boulevard Northwest,Albuquerque,NM,87114
6529,610 Broad Hollow Road,Melville,NY,11747
6530,17301 Valley Mall Road,Hagerstown,MD,21740
6531,300-376 Aurora Commons Circle,Aurora,OH,44202
6532,3187-3197 Peter's Creek Parkway,Winston-Salem,NC,27127
6533,1501 East Amarillo Boulevard,Amarillo,TX,79107
6534,1000 Justice Way,Abilene,TX,79602
6535,1129 East Central Avenue,Redlands,CA,92374
6536,5616-5634 South 122nd East Avenue,Tulsa,OK,74146
6537,26240 Broadway Avenue,Oakwood,OH,44146
6538,7205 & 7211 East Southern Avenue,Mesa,AZ,85208
6539,5222 Burnet Road,Austin,TX,78756
6540,903 East Gulf to Lake Highway,Lecanto,FL,34461
6541,439 LaFayette Street,New York,NY,10003
6542,4001 South Watt Avenue,Sacramento,CA,95826
6543,2613 North Park Drive,Goldsboro,NC,27534
6544,600 Saratoga Drive,Twin Falls,ID,83301
6545,1801-1811 Williamsbridge Road,Bronx,NY,10461
6546,9501 West Sahara Avenue,Las Vegas,NV,89117
6547,153 Farm Road 518,Kemah,TX,77565
6548,814 ELM STREET,Manchester,NH,03784
6549,10101 SW 14th Street,Pembroke Pines,FL,33025
6550,600 New Hampshire Avenue,Washington,DC,20037
6551,1700 Battleground Avenue,Greensboro,NC,27408
6552,NEC of Coldwater Rd & Noble Drive,Fort Wayne,IN,46804
6553,6007 Creston Ave,Des Moines,IA,50321
6554,6447 East Dunbar Drive,Monroe,MI,48161
6555,1111-1221 Hill Road North,Pickerington,OH,43147
6556,7806-7820 Tilbury Street,Bethesda,MD,20814
6557,2009 Waveland Avenue,Waveland,MS,39576
6558,2015 Military Road,Columbus,MS,39701
6559,231 St. Asaphs Road,Bala Cynwyd,PA,19004
6560,1120 South Serrano Avenue,Los Angeles,CA,90006
6561,300 Town Center Drive,Dearborn,MI,48126
6562,"3331, 3501 & 3531 West Century Boulevard",Inglewood,CA,90303
6563,4009 Lincoln Boulevard,Marina Del Rey,CA,90292
6564,10836 Clemson Blvd.,Seneca,SC,29678
6565,12910-80 Foothill Boulevard,San Fernando,CA,91342
6566,1457 Silhavey Road,Valparaiso,IN,46383
6567,1068 Cresthaven Road,Memphis,TN,38119
6568,14500 McNab Avenue,Bellflower,CA,90706
6569,819 North 10th Street,Sacramento,CA,95614
6570,3059-3067 North Elston Avenue,Chicago,IL,60618
6571,4825 West Flamingo Road and 4130 South Decatur,Las Vegas,NV,89103
6572,201 Westbrook Drive,Carrboro,NC,27510
6573,11624 Southeast 5th Street,Bellevue,WA,98005
6574,2500 West Mount Houston Road,Houston,TX,77038
6575,21 Tamal Vista Blvd.,Corte Madera,CA,94925
6576,155 Fifth Avenue,New York,NY,10003
6577,4002 West Comanche Street,Dodge City,KS,67801
6578,1301 East Marshall Drive,Grand Prairie,TX,75051
6579,Hospital Road,Chatsworth,GA,30705
6580,2516 JMT Industrial Drive,Apopka,FL,32703
6581,North Battlefield Boulevard,Chesapeake,VA,23320
6582,2055 Executive Drive,Palm Springs,CA,92262
6583,4000 NC Hwy 105 at Hwy 184,Linville,NC,28604
6584,325 East 201st Street,Bronx,NY,10458
6585,50 Parkvale Avenue,Allston,MA,02134
6586,2513 E. Maple Point Drive,Lafayette,IN,47905
6587,1475-1557 West Street Road,Warminster,PA,18974
6588,365 West Passaic Street,Rochelle Park,NJ,07662
6589,"2020, 2026, 2118 & 2202 West Craig Road",North Las Vegas,NV,89032
6590,850 Baldwin Street,Pittsburgh,PA,15234
6591,2187 East Gauthier Road,Lake Charles,LA,70607
6592,99-32/52/72 66th Road,Rego Park,NY,11374
6593,6700 Parkside Drive,Parkland,FL,33067
6594,3450 Winton Place,Rochester,NY,14623
6595,1108 Highway 377,Roanoke,TX,76262
6596,130 Orchard Street,New York,NY,10002
6597,1812 South Walnut Ave.,New Braunfels,TX,78130
6598,3609 Business Center Drive,Pearland,TX,77584
6599,"3984-86 Pennsylvania Avenue, S.E.",Washington,DC,20020
6600,7900 Beech Daly & 6810 Metroplex Drive,Taylor & Romulus,MI,
6601,6601 West Roosevelt Road,Berwyn,IL,60402
6602,446 Lancaster Avenue,Frazer,PA,19355
6603,1401 North Midwest Boulevard,Midwest City,OK,73110
6604,7420 East Dry Creek Parkway,Longmont,CO,80503
6605,4051 Rapids Bayou Road,Alexandria,LA,71303
6606,46396 Benedict Drive,Sterling,VA,20164
6607,13301-13397 Poway Road,Poway,CA,92064
6608,309 SH 114 West,Grapevine,TX,76051
6609,1201 East University Avenue,Riverside,CA,92507
6610,102 Curiosity Creek Lane,Tampa,FL,33612
6611,286 Route 46 East,Fairfield,NJ,07004
6612,2975 Germantown Pike,Worcester,PA,19403
6613,8383 La Prada,Dallas,TX,75228
6614,815 Briar Creek Boulevard Northeast,Palm Bay,FL,32905
6615,1259 East Ridgecrest Boulevard,Ridgecrest,CA,93555
6616,2401 West Grace Street,Chicago,IL,60618
6617,5200 Route 42,Washington Township,NJ,08012
6618,1905 North Prince Street,Clovis,NM,88101
6619,10635 - 10665 Vanowen Street,Los Angeles (North Hollywood),CA,91505
6620,5112 56th Street,Lubbock,TX,79414
6621,5995 Waterstone Oak Way,Memphis,TN,38115
6622,2201-2380 Valleywood Drive Southeast,Grand Rapids,MI,49546
6623,45160 Utica Park Boulevard,Utica,MI,48315
6624,1588 East Sumner Street,Hartford,WI,53027
6625,7877 Sunrise Blvd.,Citrus Heights,CA,95610
6626,20702 El Toro Road,Lake Forest,CA,92630
6627,"1501 Tate Boulevard, SE",Hickory,NC,28602
6628,112 B and C Saundersville Road,Hendersonville,TN,37075
6629,2170 Matlock Road,Mansfield,TX,76063
6630,"1015, 1025, 1035, 1045, 1121, 1131, 1141 and 1151 Morning View Drive",Escondido,CA,92026
6631,1689 Shoreline Drive,Boise,ID,83702
6632,222-250 North Broadway,Yonkers,NY,10701
6633,3151 Northeast 56th Avenue,Silver Springs,FL,34488
6634,27685 Halsted Road,Farmington Hills,MI,48331
6635,7959 Fredericksburg Road,San Antonio,TX,78229
6636,1235 Farmington Avenue,Bristol,CT,06010
6637,2371 2nd Avenue,New York,NY,10028
6638,3707 124th Street Northeast,Marysville,WA,98270
6639,18226 Powell Road,Brooksville,FL,33609
6640,2135 & 2145 Fairfield Avenue,Bridgeport,CT,06605
6641,512 Daughtery Avenue,Waco,TX,76706
6642,1007 Tatnall Street & 208 West 12th Street,Wilmington,DE,19801
6643,4805 Medical Drive,San Antonio,TX,78229
6644,1000 Adams Avenue,Lower Providence Township,PA,19403
6645,9348 Civic Center Dr.,Beverly Hills,CA,90210
6646,1819 Willowtree Lane,Ann Arbor,MI,48105
6647,601 Van Ness Avenue,San Francisco,CA,94012
6648,1800 Lakeway & 1801 Lakepointe Drive,Lewisville,TX,75057
6649,Old Henderson Road & Kenny Road,Columbus,OH,43220
6650,1801 Espinacitas Street,Santa Fe,NM,87505
6651,701 Santa Monica Blvd.,Santa Monica,CA,90401
6652,950 Ridge Road,Webster,NY,14580
6653,2907 Watson Blvd.,Warner Robins,GA,31093
6654,1604 - 1620 South Harbor Blvd,Fullerton,CA,92832
6655,48 Leona Drive,Middleborough,MA,02346
6656,1823 Grace Avenue,Los Angeles,CA,90028
6657,5349 Cypress,West Monroe,LA,71291
6658,188 Jones Avenue,Portsmouth,NH,03801
6659,576 Yellow Hill Road,Narvon,PA,17555
6660,6350 Stevens Forest Road,Columbia,MD,21046
6661,72 Amelia-Olive Branch Road & 68 Lawson Drive,Amelia,OH,45102
6662,1710 East Franklin Street,Chapel Hill,NC,27514
6663,8321-8325 West Broadway Street,Pearland,TX,77581
6664,1611 Virginia Avenue,North Bend,OR,97459
6665,201 Stanwix Street,Pittsburgh,PA,15222
6666,4065 Pointe O'Woods Drive,Grand Rapids,MI,49508
6667,9785 Bellanca Avenue,Los Angeles,CA,90045
6668,3630 Peachtree Parkway,Suwanee,GA,30024
6669,16980 Cottonwood Drive,Parker,CO,80134
6670,1125 South Wheeler Road,Jasper,TX,75951
6671,50 Crosby Drive,Bedford,MA,01730
6672,3875 North 44th Street,Phoenix,AZ,85018
6673,212 Butler Avenue,Tybee Island,GA,31328
6674,2800 Victory Drive,Marshall,TX,75670
6675,Willo Farm Lane,Lower Swatara Township,PA,17111
6676,1055 Southwest Wilshire Boulevard,Burleson,TX,76028
6677,2521 S Clark Street & 2530 Crystal Drive,Arlington,VA,22202
6678,1155 East Flamingo Road,Las Vegas,NV,89119
6679,150 Clay Street,Morgantown,WV,26501
6680,12100-12224 Central Avenue,Mitchellville,MD,20721
6681,30 East Victorian Avenue,Sparks,NV,89431
6682,5300 North Broadway,Chicago,IL,60640
6683,5380 Oaklawn Boulevard (VSH 36),Hopewell,VA,23875
6684,880 Beacon Lite Road,Monument,CO,80132
6685,948 East Devonshire Avenue,Phoenix,AZ,85014
6686,3631 44th Street Southeast,Kentwood,MI,49512
6687,510 Main Street,East Haven,CT,06512
6688,1424 East Foremaster Drive,St. George,UT,84790
6689,650 Montgomery Avenue,Narberth,PA,19072
6690,208 East Southway Boulevard,Kokomo,IN,46902
6691,1200 Airport Road,Jacksonville,FL,32218
6692,850 West Walnut Hill Lane,Irving,TX,75038
6693,10 Cottonwood Lane,Canyon,TX,79015
6694,12400 Pembroke Road,Miramar,FL,33027
6695,8487 Union Chapel Road,Indianapolis,IN,46240
6696,17525-17535 Madison Avenue,Lakewood,OH,44107
6697,6995 Atlanta Highway,Montgomery,AL,36117
6698,Southwest corner of South Tyron Street & Sandy Porter Road,Charlotte,NC,28273
6699,5465 Mills Civic Parkway,West Des Moines,IA,50061
6700,530 West Pennsylvania Avenue,Fort Washington,PA,19034
6701,2021 South Fifth Street,Rogers,AR,72756
6702,12120 and 12140 Industrial Parkway,Silver Spring,MD,20904
6703,3800 North Lamar Boulevard,Austin,TX,78756
6704,4611 West Locust Street,Rogers,AR,72756
6705,1400 Champion Drive,Marion,IL,62959
6706,900 North Broadway,Santa Ana,CA,92701
6707,12955 Yorba Avenue,Chino,CA,91710
6708,5-11 Secora Road,Monsey,NY,10952
6709,4250 Country Day Lane,Fort Worth,TX,76109
6710,5270 Peachtree Parkway,Norcross,GA,30092
6711,5206 West Genessee Street,Camilus,NY,13031
6712,11096 Jersey Boulevard,Rancho Cucamonga,CA,91730
6713,1080 West Kaibab Lane,Flagstaff,AZ,86001
6714,500 State Route 35,Middletown,NJ,07748
6715,120-160 Pine Street; 100-120 Battery Street,San Francisco,CA,94111
6716,2290 South Centinela Avenue,Los Angeles,CA,90064
6717,7900 Washington Avenue,Houston,TX,77007
6718,321 Ballenger Center Drive,Frederick,MD,21703
6719,840 East 134th Street,Bronx,NY,10454
6720,6035 Durand Avenue,Mt. Pleasant,WI,53406
6721,10230-10244 Atlantic Boulevard,Jacksonville,FL,32225
6722,"100, 200 & 300 First Stamford Place",Stamford,CT,06902
6723,8220 West Highway 71,Austin,TX,78735
6724,507-577 Dundee Avenue,East Dundee,IL,60118
6725,1510-1590 Ridge Road West,Greece,NY,14615
6726,314 South Towanda Avenue,Normal,IL,61761
6727,1513-1537 Hancock Street,Quincy,MA,02169
6728,3001-3009 Highland Avenue,National City,CA,91950
6729,2023 Commerce Way,Bozeman,MT,59715
6730,8949 Hermosa Avenue,Rancho Cucamonga,CA,91730
6731,901 South Coast Drive,Costa Mesa,CA,92626
6732,1030 US Highway 331 South,Defuniak Springs,FL,32435
6733,2501 Santa Fe Avenue,Redondo Beach,CA,90278
6734,2700-2750 North 29th Avenue,Hollywood,FL,33020
6735,1100 Courthouse Road,Richmond,VA,23236
6736,10000 Nob Hill Circle,Tamarac,FL,33321
6737,3400 Varsity Drive,Tyler,TX,75701
6738,222-266 East Main Street (U.S. Route 20),Marlborough,MA,01752
6739,799 Mammoth Cave Street,Cave City,KY,42127
6740,2800 Wilshire Lane,Oakdale,NY,11769
6741,1201 Jackson Street,Philadelphia,PA,19148
6742,5905 Churchill Way,Juneau,AK,99801
6743,9230-80 Old Keene Mill Road,Burke,VA,22015
6744,1940-1941 Countryside Drive,Benson,MN,56215
6745,1919 North Loop West,Houston,TX,77008
6746,7480 W. Lake Sammamish Parkway NE,Redmond,WA,98052
6747,2075 Rustad Lane,Mounds View,MN,55112
6748,333 South Miami Avenue,Miami,FL,33130
6749,909 North Kennedy Avenue,Edmond,OK,73034
6750,7605 West 88th Avenue,Westminster,CO,80005
6751,111 East 85th Street,New York,NY,10028
6752,1300 - 1336 South York Street,Muskogee,OK,74403
6753,3046 Lavon Drive,Garland,TX,75040
6754,512 South Kings Highway,Myrtle Beach,SC,29577
6755,1536 Genesis Road,Crossville,TN,38555
6756,7701 Circle Drive,Normandy,MO,63121
6757,2455 Lewisville-Clemmons Road,Clemmons,NC,27012
6758,5700 E. Franklin Road,Nampa,ID,83687
6759,1546 Ingleside Avenue,Baltimore,MD,21207
6760,5103 South Harvey Street,Norton Shores,MI,49444
6761,12351-12353 Mariposa Road,Victorville,CA,92392
6762,9500-9580 Micron Avenue,Rancho Cordova,CA,95827
6763,501 Washington Street,Durham,NC,27701
6764,3627 University Boulevard South,Jacksonville,FL,32216
6765,80 Huntington Street,Huntington Beach,CA,92648
6766,3405 50th Street,Lubbock,TX,79413
6767,849 S. Harvard Boulevard,Los Angeles,CA,90005
6768,1 Paragon Drive,Montvale,NJ,07645
6769,1227 South Patrick Drive,Satellite Beach,FL,32937
6770,113-14 72nd Road,Forest Hills,NY,11375
6771,540 West Madison Street,Chicago,IL,60661
6772,2420 Sycamore Street,Green Bay,WI,54311
6773,1105-1225 W. Airport Freeway,Irving,TX,75062
6774,2151 Laurelwood Road,Santa Clara,CA,95054
6775,3435 Stelzer Road,Columbus,OH,43219
6776,6320 14th Street West,Bradenton,FL,34207
6777,1835 Columbia Street,San Diego,CA,92101
6778,875 West 181st Street,New York,NY,10033
6779,940 Ridgebrook Road,Sparks,MD,21152
6780,150 and 200 Meadowlands Parkway,Secaucus,NJ,07094
6781,1908 Aston Avenue,Carlsbad,CA,92008
6782,1337 Nostrand Avenue,Brooklyn,NY,11226
6783,455 Grand Bay Drive,Key Biscayne,FL,33149
6784,2001 16th Avenue East,Cordele,GA,31015
6785,1200 Howard Boulevard,Mount Laurel,NJ,08054
6786,85 South Main Street,Barnegat,NJ,08005
6787,575 Beal Parkway North,Ft. Walton Beach,FL,32548
6788,7282 William Barry Boulevard,Syracuse,NY,13212
6789,4745 W. Belmont Avenue,Chicago,IL,60641
6790,7950 Brandywine Boulevard,West Bloomfield,MI,48322
6791,2201 West Holcombe Boulevard,Houston,TX,77030
6792,8608 Citrus Park Drive,Tampa,FL,33625
6793,1319 Knotty Pine Way,Knoxville,TN,37920
6794,12601-12701 Southfield Freeway,Detroit,MI,48223
6795,829 Oak Park Boulevard,Pismo Beach,CA,93449
6796,24 Calef Highway,Epping,NH,03042
6797,6959 Arapaho Road,Dallas,TX,75248
6798,675 Paterson Avenue,Carlstadt,NJ,07072
6799,5515-5589 Alameda Street,El Paso,TX,79905
6800,3401 Hartzdale Drive,Camp Hill,PA,17011
6801,213 North Taylor Street,Green Bay,WI,54303
6802,47765 Halyard Drive,Plymouth Township,MI,48170
6803,Route 206 and Lake Lackawanna Drive,Stanhope,NJ,07874
6804,1125 South Beverly Drive,Los Angeles,CA,90035
6805,1050 Park Avenue,New York,NY,10128
6806,6929 Airport Boulevard,Austin,TX,78752
6807,38455 North Sheridan Road,Beach Park,IL,60087
6808,40033-40155 10th Street West,Palmdale,CA,93551
6809,120 South River Road,West Lafayette,IN,47906
6810,846 West Main Street,Yorktown,TX,78164
6811,2700 Croton Road,Melbourne,FL,32935
6812,1425 McCulloch Boulevard,Lake Havasu City,AZ,86403
6813,6753-6773 West Charleston Boulevard,Las Vegas,NV,89102
6814,"6108, 6110, 6112, 6118, 6120, 6122, 6124, 6136, 6138 Arlingt",Falls Church,VA,22044
6815,2100 Highway 360,Grand Prairie,TX,75050
6816,3400-3440 Del Lago Boulevard,Escondido,CA,92029
6817,3451 Queens Street,Sarasota,FL,34231
6818,2400 Hudson Terrace,Fort Lee,NJ,07024
6819,1308 West Beltline Road,Desoto,TX,75115
6820,115 Codell Drive,Lexington,KY,40509
6821,2 John E. Walsh Boulevard,Peekskill,NY,10566
6822,18764-18850 Cox Avenue,Saratoga,CA,95070
6823,2600 West Big Beaver Road,Troy,MI,48084
6824,4663 Waldrop Drive,Forest Park,GA,30297
6825,5325 Elliot Drive,Ann Arbor,MI,48106
6826,14574 Baseline Road,Fontana,CA,92336
6827,4537 South IH-35,Austin,TX,78744
6828,Maryland Route 261,Chesapeake Beach,MD,20732
6829,6630 Camino Maquiladora,San Diego,CA,92154
6830,12700 East Utica Park Boulevard,Utica,MI,48315
6831,3357 North country Club Road,Tucson,AZ,85716
6832,2101 K Street,Sacramento,CA,95816
6833,5301 Whittier Boulevard,Los Angeles,CA,90022
6834,6295 Edsall Road,Alexandria,VA,22312
6835,1401 Forum Way,West Palm Beach,FL,33401
6836,7020 South Rainbow Boulevard,Las Vegas,NV,89118
6837,27772 Avenue Scott,Valencia,CA,91355
6838,10 Sweetwater Way,Unincorporated Gwinnett County,GA,30044
6839,2500 Jackson Keller Road,San Antonio,TX,78230
6840,4307 Big Tree Way,Greensboro,NC,27409
6841,103 State Road 7,Village Of Royal Palm Beach,FL,33411
6842,8725 Kody Marie Court,Charlotte,NC,28210
6843,350 Stephenson Highway,Troy,MI,48083
6844,4100 Monument Drive,Fairfax,VA,22033
6845,6300 Mae Anne Avenue,Reno,NV,89523
6846,7440 Sepulveda Boulevard,Van Nuys,CA,91405
6847,4935 South Front Road,Livermore,CA,94550
6848,5405 Glade Road,Acworth,GA,30102
6849,1510 West Pine Street,West Baraboo,WI,53913
6850,6565 Spencer Highway,Pasadena,TX,77505
6851,"7401 and 7501 Forbes Boulevard, 7375 and 7404 Executive Place",Lanham,MD,20706
6852,204 Jonesboro Road,Mcdonough,GA,30253
6853,1661 West 259th Street,Harbor City,CA,90710
6854,130 North Williamson Avenue,Elon,NC,27244
6855,2400 Crooks Avenue,Kaukauna,WI,54130
6856,2922 and 2942 Evergreen Parkway,Evergreen,CO,80439
6857,251 East 10th Street,New York,NY,10009
6858,315 Parkview Road,Bowling Green,OH,43402
6859,"528, 530, 532 & 534 York Avenue and 2265 Wilson Boulevard",Winchester,VA,22601
6860,4120 East 10th Avenue,Tampa,FL,33605
6861,1050 East King Avenue,Kingsland,GA,31548
6862,103 Luken Road,Goose Creek,SC,29445
6863,6224-6242 West Manchester Avenue,Los Angeles,CA,90045
6864,62 Madison Avenue,New York,NY,10016
6865,4300 West Gifford Road,Bloomington,IN,47403
6866,3500 Red Bluff,Pasadena,TX,77503
6867,8000 Creek Bend Drive,Houston,TX,77071
6868,1675 Cumberland Parkway Southeast,Smyrna,GA,30080
6869,1100 Ponce De Leon Blvd,Clearwater,FL,34616
6870,2252 NE Turner Avenue,Arcadia,FL,34266
6871,162 East 55th Street,New York,NY,10022
6872,4111-4115 Home Avenue,San Diego,CA,92105
6873,2096 Kennedy Circle Northeast,Keizer,OR,97303
6874,31904-31960 Mission Trail,Lake Elsinore,CA,92530
6875,538 Puerto Vista Drive,Coos  Bay,OR,97420
6876,8505 Gulf Freeway,Houston,TX,77017
6877,202 Cardinal Drive,Hillsborough,NC,27278
6878,2705 North Highway 17,Mount Pleasant,SC,29466
6879,258 Stennis Drive,Biloxi,MS,39531
6880,24962 Calle Aragon,Laguna Woods,CA,92637
6881,1200 to 1250 South Rainbow Boulevard,Las Vegas,NV,89102
6882,525 Northwest 72nd Avenue,Miami,FL,33126
6883,1802 Chartwell Drive,Fort Wayne,IN,46816
6884,930 Harvest Drive,Blue Bell,PA,19422
6885,105 South Meridian Street,Indianapolis,IN,46225
6886,2102 Caldwell Blvd.,Nampa,ID,83651
6887,1151 Midway Road,Menasha,WI,54952
6888,1310 Third Street,Santa Monica,CA,90404
6889,1220 Potter Drive,Colorado Springs,CO,80909
6890,NEC East Alameda Avenue & I-225,Aurora,CO,80012
6891,"2200, 2222 & 2230 East Imperial Highway",El Segundo,CA,90245
6892,200 Northeast Missouri Drive,Lee'S Summit,MO,64086
6893,4960 & 4980 South Alma School Road,Chandler,AZ,85248
6894,200 Tarrytown Road,Elmsford,NY,10523
6895,222 West 37th Street,New York,NY,10018
6896,6710 West Central Avenue,Toledo,OH,43617
6897,6921 South Lindbergh Boulevard,St. Louis,MO,63125
6898,9874 Dale Crest,Dallas,TX,75220
6899,145-149 W. 30th Street,New York,NY,10001
6900,3545 West 86th Street,Indianapolis,IN,46268
6901,6333 Southwest Highway 200,Ocala,FL,34476
6902,11205 Bellaire Boulevard,Houston,TX,77072
6903,"7900 Morely Street, 8601, 8700, 8751, 8915, 8955 Broadway Street, 8801, 8900 and 8950 Glencrest Street",Houston,TX,77061
6904,601 Holly Drive,Albany,GA,31705
6905,245 South Franklin Road,Indianapolis,IN,46219
6906,218 Ridgedale Avenue,Cedar Knolls,NJ,07927
6907,2739 Santee Road,Bethlehem,PA,18020
6908,10850 Traverse Hwy,Traverse City,MI,49684
6909,2801 Spencer Road,Denton,TX,76208
6910,210 South Street,Boston,MA,02111
6911,225-255 East Dania Beach Blvd.,Dania,FL,33004
6912,1725-1765 Merriman Road,Akron,OH,44313
6913,8687 Melrose Avenue,West Hollywood,CA,90069
6914,700 West Saratoga Street,Baltimore,MD,21201
6915,1625 North Commerce Parkway,Ft. Lauderdale,FL,33326
6916,1425 LeForge,Ypsilanti,MI,48198
6917,41-43 39th Place,Sunnyside,NY,11104
6918,"1401, 1405 and 1621 North Cedar Crest Boulevard",Allentown,PA,18104
6919,16913-16933 Devonshire Street,Granada Hills,CA,91344
6920,2555 South Main Street,Santa Ana,CA,92707
6921,570 South Coast Highway,Laguna Beach,CA,92651
6922,915 Wayne Avenue,Chambersburg,PA,17201
6923,1900-1948 North Marianna Avenue,Los Angeles,CA,90032
6924,"115, 129, 145 Bloomington Avenue",Bremerton,WA,98312
6925,740 East Mingus Avenue,Cottonwood,AZ,86326
6926,1177 Camelback Street,Newport Beach,CA,92660
6927,836-840 Palisade Avenue,Yonkers,NY,10703
6928,6601 Everhart Rd.,Corpus Christi,TX,78413
6929,28500 Overseas Highway,Little Torch Key,FL,33042
6930,5900 Hollywood Boulevard,Los Angeles,CA,90028
6931,2502 W Hillsborough Ave,Tampa,FL,33614
6932,8011-8093 W 3500 South,Magna,UT,84044
6933,2101 South Meridian Avenue,Oklahoma City,OK,73108
6934,2629 State Highway 35 North,Port Lavaca,TX,77979
6935,3413 West County Club Drive,Irving,TX,75062
6936,626 Lee Road,Orlando,FL,32810
6937,200 South 22nd Street,Pittsburgh,PA,15203
6938,303 West Glenoaks Boulevard,Glendale,CA,91202
6939,1033 N. Mayfair Road,"Wauwatosa,",WI,53226
6940,"3112,3120 &3128 Santa Rita Road",Pleasanton,CA,94566
6941,2558-2566 Shallowford Road Northeast,Atlanta,GA,30345
6942,A-1 Bentley Road,Eastampton,NJ,08060
6943,33 Bleecker Street,New York,NY,10012
6944,13100 Seminole Boulevard,Largo,FL,33778
6945,275 Broome Industrial Parkway,Conklin,NY,13748
6946,148 Robelini Drive,Vista,CA,92083
6947,17776 Tomball Parkway,Houston,TX,77066
6948,2219 North Hamilton Avenue,Chicago,IL,60647
6949,35-37 Summit Avenue,Port Chester,NY,10573
6950,50750-50990 Romeo Plank Road,Macomb,MI,48044
6951,2500 Johnson Avenue,Riverdale,NY,10463
6952,331 North Maple Drive,Beverly Hills,CA,90210
6953,512 W. Stassney Lane,Austin,TX,78745
6954,13618 North Florida Avenue,Tampa,FL,33613
6955,4300 El Camino Real,Los Altos,CA,94022
6956,"8080, 8104 and 8170 Beechmont Avenue",Cincinnati,OH,45255
6957,1050 Wall Street West,Lyndhurst,NJ,07071
6958,520 Cowper St.,Palo Alto,CA,94301
6959,1302 South Harbor Boulevard,Fullerton,CA,92832
6960,4141 & 4147 State Street,Santa Barbara,CA,93110
6961,4585 South Cobb Drive,Smyrna,GA,30080
6962,2009-2071 Fairfield Place,O'Fallon,IL,62269
6963,11 Grand Valley Drive,Springfield,IL,62704
6964,200 West Big Beaver Road,Troy,MI,48084
6965,2723 South State Street,Ann Arbor,MI,48104
6966,901 North 7th Street,Harrisburg,PA,17102
6967,5991 Calhoun Memorial Highway,Easley,SC,29640
6968,5793 Greenwich Road,Virginia Beach,VA,23462
6969,431 Broome street,New York,NY,10013
6970,10017 Highway 19 North,Port Richey,FL,34668
6971,32455 and 32701 West Eight Mile Road,Livonia,MI,48152
6972,711 E El Camino Real,Sunnyvale,CA,94087
6973,300 South Charles Street,Baltimore,MD,21201
6974,100-348 Richbell Road,Mamaroneck,NY,10543
6975,580 Anton Blvd.,Costa Mesa,CA,92626
6976,5800-5804 Annapolis Road,Bladensburg,MD,20710
6977,18325 Waterview Parkway,Dallas,TX,75252
6978,1149 Chess Drive,Foster City,CA,94404
6979,9 North Church Street,Schenectady,NY,12305
6980,3300 Cobb (US Hwy. 41),Atlanta,GA,30339
6981,20 Mill Creek Circle,Pooler,GA,31322
6982,110-112 Thompson Street,New York,NY,10012
6983,101 Range Line Road,Joplin,MO,64801
6984,1051 Stearns Avenue,La Habra,CA,90631
6985,1931 Peachtree Road NE,Atlanta,GA,30309
6986,351 East Belt Boulevard,Richmond,VA,23224
6987,4000 North MacArthur Boulevard,Irving,TX,75038
6988,"5775, 5825 & 5875 Barclay Drive",Alexandria,VA,22315
6989,2955 State Street,Salem,OH,44460
6990,15401-15473 SW 137th Avenue,Miami,FL,33177
6991,1304 East Bell Road,Phoenix,AZ,85022
6992,475 Grand Street,Brooklyn,NY,11211
6993,1600 North Garnett Street,Henderson,NC,27536
6994,960 Main Street,Hartford,CT,06103
6995,520 North Cannon Boulevard,Kannapolis,NC,28083
6996,N50 W13775 Overview Drive,Menomonee Falls,WI,53051
6997,7324 Skillman Street,Dallas,TX,75231
6998,6464-6540 West 51st Street & 5000 South Nagle Avenue,Forest View,IL,60638
6999,3507 Southside Boulevard,Jacksonville,FL,32202
7000,12983 Southern Boulevard,Loxahatchee,FL,33470
7001,650 South Grand Avenue,Los Angeles,CA,90017
7002,10208 Maya Linda Road,San Diego,CA,92126
7003,3565 Riverdale Road,Memphis,TN,38115
7004,One Met Life Way,Hanover,NJ,07981
7005,950-952 Bedford Avenue,Brooklyn,NY,11205
7006,2395 Woodwind Trail,Melbourne,FL,32935
7007,6404-6438 West Wilkinson Blvd.,Belmont,NC,28012
7008,1830 & 1930 Clovis Avenue,Clovis,CA,93612
7009,12505 S.W. Herman Road,Tualatin,OR,97062
7010,250 Mercer Street,New York,NY,10012
7011,2737 Larimer Street,Denver,CO,80202
7012,555 Main Street,Beaumont,TX,77701
7013,701-717 South 12th St; 1209-1313 Willow Ln & 1310-1370 Lancer Village Dr,La Crescent,MN,55947
7014,1000 and 1100 North Miami Boulevard,Durham,NC,27703
7015,60 Cottontail Lane,Franklin Township,NJ,08873
7016,"494, 496 and 498 South Hamilton Road",Columbus,OH,43213
7017,50 Allen Place,Hartford,CT,06114
7018,330 E. Kilbourn Avenue,Milwaukee,WI,53202
7019,2851 Henley Road,Green Cove Springs,FL,32043
7020,Lochaven & Scotts Glen Drive,Springfield,OR,97477
7021,913-921 Decatur Pike,Athens,TN,37303
7022,10-14-18 Lakeside Avenue,Lakeside Park,KY,41017
7023,3075 Dix Highway,Lincoln Park,MI,48146
7024,4396 Interstate Highway 30,Dallas,TX,75211
7025,10795 Mead Road,Baton Rouge,LA,70816
7026,453 Ravendale Road,Mountain View,CA,94043
7027,4901 Taylor,Louisville,KY,40217
7028,1800 West Granger Street,Broken Arrow,OK,74012
7029,248 South Occidental Boulevard,Los Angeles,CA,90026
7030,1200 Camellia Boulevard,Lafayette,LA,70508
7031,"250, 270 & 290 Conejo Ridge Avenue",Thousand Oaks,CA,91361
7032,3204 Route 9W,New Windsor,NY,12553
7033,6475 North Dale Mabry Highway,Tampa,FL,33614
7034,11444 Reulet Ave.,Baton Rouge,LA,70816
7035,12 South Fair Oaks Avenue,Pasadena,CA,91103
7036,2348 - 2490 Lincoln Way East,Massillon,OH,44646
7037,7575 Brewster Avenue,Philadelphia,PA,19153
7038,"2505 Highway 108, South",Sulphur,LA,70665
7039,1909 Sybil Lane,Tyler,TX,75703
7040,205-15 Rock Street,Philadelphia,PA,19128
7041,4240-4292 Lincoln Blvd.,Marina Del Rey,CA,90292
7042,3605 Fern Valley Road,Louisville,KY,40219
7043,5229 Rubber Tree Circle,New Port Richey,FL,34653
7044,1916-1928 Old Middlefield Road,Mountain View,CA,94043
7045,Tollgate Hill Road & State Highway 38,Locke and Moravia,NY,13118
7046,2401 Ravine Way,Glenview,IL,60025
7047,610 N. Pacific Coast Highway,Laguna Beach,CA,92651
7048,211-249 North Glendale Avenue,Glendale,CA,91206
7049,9190 West Cheyenne Avenue,Las Vegas,NV,89129
7050,3521 South McKenzie Street,Foley,AL,36535
7051,526 Northeast 6th Street,Blue Springs,MO,64014
7052,1055 Philadelphia Street,Indiana,PA,15701
7053,5107-5127 West Glendale Avenue,Glendale,AZ,85301
7054,20807 Stevens Creek Blvd.,Cupertino,CA,95014
7055,6702-6712 Benjamin Road,Tampa,FL,33634
7056,700-750 South Boulder Highway,Henderson,NV,89015
7057,4710-4799 Commons Way,Calabasas,CA,91302
7058,2900 Gunnison Trail,Fort Worth,TX,76116
7059,3603 Chenevert Street,Houston,TX,77004
7060,579 Ventu Road,Thousand Oaks,CA,91320
7061,2220 Market Place Boulevard,Irving,TX,75063
7062,1980-1988 Tarob Court,Milpitas,CA,95035
7063,4001 South Decatur Boulevard,Las Vegas,NV,89103
7064,3330 Mount Diablo Boulevard,Lafayette,CA,94549
7065,1600 Main Street,Tarboro,NC,27886
7066,671 Mall Ring Circle,Henderson,NV,89014
7067,280 N. Smith Avenue,St. Paul,MN,55102
7068,600 East Anderson Road,Houston,TX,77047
7069,2395 Third Street Northwest,New Brighton,MN,55112
7070,517 Churchill Road,Girard,OH,44420
7071,645 North Broadway,Hastings-On-Hudson,NY,10706
7072,3016 Marina Bay Dr.,League City,TX,77573
7073,4705 East 96th Street,Indianapolis,IN,46240
7074,6902 East Pass,Madison,WI,53719
7075,320 Greymont Avenue,Jackson,MS,39201
7076,2544 Hondo Avenue,Dallas,TX,75219
7077,16617 Statesville Road,Huntersville,NC,28078
7078,17711/17721 E. Railroad Street,City of Industry,CA,91748
7079,14416 Bellaire Boulevard,Houston,TX,77083
7080,345 South Depeyster Street,Kent,OH,44240
7081,6366 Babcock Road,San Antonio,TX,78240
7082,3005 State Road 540 West,Winter Haven,FL,33880
7083,2025 East Beltline Avenue Southeast,Grand Rapids,MI,49546
7084,3246 Navarre Avenue,Oregon,OH,43616
7085,38 East 30th Street,New York,NY,10016
7086,719 Beal Parkway,Fort Walton Beach,FL,32547
7087,3400 Richmond Parkway,Richmond,CA,94806
7088,1365 Technology Court,Beavercreek,OH,45430
7089,15111 & 15333 North Pima Road,Scottsdale,AZ,85260
7090,7235 Market Place Drive,Bainbridge,OH,44023
7091,1059 St. Cyr Road,Bellefontaine Neighbors,MO,63137
7092,4711 Prairie Rose Drive,Roscoe,IL,61073
7093,844 Middle Country Road,Seldon,NY,11784
7094,9 School Street,Framingham,MA,01701
7095,600 North Cattleman Road,Sarasota,FL,34232
7096,420 South Germantown Parkway,Cordova,TN,38018
7097,1637 Saint James Street,Lacrosse,WI,54603
7098,5112 West Peoria Avenue,Glendale,AZ,85302
7099,440-560 Northwest Chipman Road,Lee'S Summit,MO,64086
7100,25 Chapel Street,Albany,NY,12210
7101,9825 South Mason Road,Richmond,TX,77406
7102,26-46 Park Street,Lowell,MA,01852
7103,2979 Barnett Road,Medford,OR,97504
7104,2130 Wagner Ford Road,Dayton,OH,45414
7105,13915 Danielson Street,Poway,CA,92064
7106,2415 North 18th Street,Waco,TX,76708
7107,7200 West Oakland Park Boulevard,Lauderhill,FL,33319
7108,1895 14th Avenue Southeast,Albany,OR,97321
7109,7941-8051 East Lakeside Parkway,Tucson,AZ,85730
7110,7200 Dodge Street,Omaha,NE,68114
7111,10800 South Main Street,Los Angeles,CA,90061
7112,7650 Clarewood Drive,Houston,TX,77036
7113,Main Street and McPherson Highway Intersection (US Route 20),Clyde,OH,43410
7114,2706 West DeYoung Street,Marion,IL,62959
7115,303 East Main Street,Barrington,IL,60010
7116,4379 GA Route 42,Ellenwood,GA,30294
7117,601 Poydras Street,New Orleans,LA,70130
7118,19561 State Route 410 East,Bonney Lake,WA,98391
7119,Interstate 5 & Birch Bay- Linden Road,Blaine,WA,98240
7120,111 Jericho Turnpike,Syosset,NY,11791
7121,725-845 South State Street,Davison,MI,48423
7122,1300 Eagle Ridge Drive S.,Renton,WA,98055
7123,"412, 415, 418, & 420 Rue Dauphine",New Orleans,LA,70112
7124,22 Tamassee Lane NW,Rome,GA,30165
7125,3910 West Bethel Avenue,Muncie,IN,47304
7126,300 Allwood Road,Clifton,NJ,07012
7127,5425 East Tropicana Avenue,Las Vegas,NV,89122
7128,3861 Sepulveda Boulevard,Culver City,CA,90230
7129,3900 Wailea Alanui Drive,Wailea,HI,96753
7130,23 & 25 Sagamore Road,Bronxville,NY,10708
7131,113 East Southern Avenue,Tempe,AZ,85282
7132,2501 FM 423,Little Elm,TX,75068
7133,510 East Township Line Road,Blue Bell,PA,19422
7134,949 South Coast Drive,Costa Mesa,CA,92626
7135,"211, 235, 263 East Warner Road",Gilbert,AZ,85296
7136,22501 Iverson Drive,Great Mills,MD,20634
7137,19-25 West 20th Street,New York,NY,10011
7138,4700 Riverside Drive,Palm Beach Gardens,FL,33410
7139,610 Park Avenue,New York,NY,10065
7140,6425 - 6595 North Decatur Boulevard,Las Vegas,NV,89131
7141,2609 Blue Heron Drive,Marion,IL,62959
7142,540 E. Midlothian Blvd.,Youngstown,OH,44502
7143,825 North San Vicente Boulevard,West Hollywood,CA,90069
7144,1401 Woodland Avenue,Modesto,CA,95351
7145,28311 Marguerite Parkway,Mission Viejo,CA,92692
7146,200 Baychester Avenue,The Bronx,NY,10475
7147,903 Knox Road,Mcleansville,NC,27301
7148,321 West Geer Street & 726 Rigsbee Avenue,Durham,NC,27701
7149,5808-6084 Barnes,Colorado Springs,CO,80922
7150,4825 - 8th Street,Meridian,MS,39301
7151,17752 Beach Boulevard,Huntington Beach,CA,92647
7152,5411 Pratt Road,Knoxville,TN,37912
7153,702-708 Steamboat Road,Greenwich,CT,06830
7154,1201 Edenham Court,Virginia Beach,VA,23464
7155,4400 Roswell Road,Marietta,GA,30062
7156,5001 West Broad Street,Richmond,VA,23230
7157,250 South Clinton Street,Syracuse,NY,13202
7158,4130 Berkshire Lane,Plymouth,MN,55446
7159,2909 Lynndhurst Drive,Indianapolis,IN,46421
7160,148 Tunnel Road,Asheville,NC,28805
7161,3520 Chamberlain Lane,Louisville,KY,40241
7162,1356 Breesport Road,Erin,NY,14838
7163,3900 East Camelback Road,Phoenix,AZ,85018
7164,14075 Riverview Street,Detroit,MI,48223
7165,6802 East 56th Street,Indianapolis,IN,46226
7166,15402 - 15432 Electronic Lane,Huntington Beach,CA,92649
7167,1350 Duane Avenue,Santa Clara,CA,95054
7168,901-935 Highway 80,San Marcos,TX,78666
7169,17 East 89th Street,New York,NY,10128
7170,1881 Southtown Blvd.,Moraine (Dayton),OH,45439
7171,1312-1430 Industrial Road,Emporia,KS,66801
7172,850 Franklin Boulevard,Eugene,OR,97403
7173,350 Quaker Road,North Falmouth,MA,02556
7174,226 Bella Vista Road,Vacaville,CA,95687
7175,50 North Illinois Street,Indianapolis,IN,46204
7176,821 Capital Centre Boulevard,Landover,MD,20774
7177,6420 FM 1463 Road,Fulshear,TX,77494
7178,514 Montauk Highway,East Hampton,NY,11937
7179,780 Brookside Drive,Spencer,IN,47460
7180,"1740, 1800, 1820, 1826, 1840, 1844, 1848, 1852, 1856, 1860, 1880, 1898 East Fort Lowell Road & 3175 North Campbell Avenue",Tucson,AZ,85719
7181,8245 Dickerson Lane,Salisbury,MD,21801
7182,3809 Richland Avenue West,Aiken,SC,29801
7183,200 Burnett Avenue,Morgan Hill,CA,95037
7184,"3 W., 18 E., 32 E. and 50 E. Stonigton Pl",Fishersville,VA,22939
7185,2115 Park Springs Circle,Arlington,TX,76013
7186,6849 Old Dominion Drive,Mclean,VA,22101
7187,2435 Kaanapali Parkway,Lahaina,HI,96761
7188,4245 S. Central Ave,Phoenix,AZ,85040
7189,2625-2811 50th Street,Lubbock,TX,79413
7190,68 Westbank Express,Gretna,LA,70053
7191,680 Southwest Powerhouse Drive,Bend,OR,97702
7192,1900 Southwest 44th Avenue,Ocala,FL,34474
7193,6955 West Morelos Place,Chandler,AZ,85226
7194,5955 Carnegie Boulevard,Charlotte,NC,28210
7195,2317 Pleasant Valley Road,Austin,TX,78741
7196,2745 Whitehall Park Dr.,Charlotte,NC,28273
7197,95 Green Acres Drive,Reno,NV,89511
7198,1121 North Coliseum Boulevard,Fort Wayne,IN,46805
7199,962 South Randall Road,St. Charles,IL,60174
7200,18715 North Frederick Avenue,Gaithersburg,MD,20879
7201,1000 Solon Place Way,Waxahachie,TX,75165
7202,"15312, 15402, 15412, 15416 & 15426 East Sprague Avenue",Spokane Valley,WA,99037
7203,11043-11185 West Lincoln Highway,Frankfort,IL,60423
7204,3548 Rockbridge Road,Avondale Estates,GA,31902
7205,153 2nd Avenue North,St. Petersburg,FL,33701
7206,631 West Katella,Anaheim,CA,92802
7207,654 Hylan Drive,Rochester,NY,14623
7208,6813 Main Street,Lithonia,GA,30058
7209,955 Carrillo Drive,Los Angeles,CA,90048
7210,4880 Century Plaza Road,Indianapolis,IN,46254
7211,2100 Ascension Boulevard,Arlington,TX,76006
7212,23822 Valencia Boulevard,Santa Clarita,CA,91355
7213,9818 De Soto Avenue,Chatsworth,CA,91311
7214,9-125 East Southern Avenue,Tempe,AZ,85282
7215,8082 Webb Road,Riverdale,GA,30274
7216,2455 Northeast Loop 410,San Antonio,TX,78217
7217,2635 Karen Court,Las Vegas,NV,89109
7218,5483 Holly Springs Drive,Indianapolis,IN,46254
7219,5555 South Packard Avenue,Cudahy,WI,53110
7220,2700 Double Churches Road,Columbus,GA,31909
7221,207 - 433 South Wright Street,Delavan,WI,53115
7222,50 South Buckhout Street,Irvington,NY,10533
7223,9850 South Kirkwood,Houston,TX,77099
7224,861 Sutter Street,San Francisco,CA,94109
7225,9714 3rd Avenue Northeast,Seattle,WA,98115
7226,1122 North University Blvd.,Nacogdoches,TX,75961
7227,800 Royal Lane,Coppell,TX,75019
7228,845-885 North 54th Street,Chandler,AZ,85226
7229,6020 Jefferson Drive,Independence,OH,44131
7230,2601 South S.E. Loop,Tyler,TX,75701
7231,"620, 640, 650, 660, 670 & 690 Dillon Trace Street",Sumter,SC,29153
7232,3068 Kilgore Road,Rancho Cordova,CA,95670
7233,4101 West Division Street,Saint Cloud,MN,56301
7234,5353 North 27th Street,Lincoln,NE,68521
7235,3620-3650 E. Flamingo Rd.,Las Vegas,NV,89121
7236,633 Apple Street,Red Hill,PA,18076
7237,6801 West 70th Street,Shreveport,LA,71129
7238,201 E. Bay Street,Savannah,GA,31401
7239,1261 95th Avenue,Greeley,CO,80634
7240,3101 West Normandale Street,Fort Worth,TX,76116
7241,16440 South Kilbourn Avenue,Oak Forest,IL,60452
7242,"4631, 4645, 4697 Commercial Drive",New Hartford,NY,13413
7243,601 North College,Bloomington,IN,47404
7244,2038 South Vaughn Way,Aurora,CO,80014
7245,"4101-4199, 4201 & 4237-4287 West 167th Street",Country Club Hills,IL,60478
7246,56-62 Canal Street,Boston,MA,02111
7247,25 and 51 West 880 North,Provo,UT,84604
7248,6583 Market Drive,Gloucester,VA,23061
7249,1441 North Jim Miller Road,Dallas,TX,75217
7250,7612 River Avenue,Charleston,SC,29418
7251,3423 Cypress Street,West Monroe,LA,71291
7252,2001-2101 Greenville Avenue,Dallas,TX,75206
7253,3000 Grapevine Mills Parkway and 2501 Bass Pro Drive,Grapevine,TX,76051
7254,1540 West Yosemite Avenue,Manteca,CA,95337
7255,5992-5998 Steubenville Pike,Pittsburgh,PA,15205
7256,2616 P Street Northwest,Washington,DC,20007
7257,1807 & 1809 Santa Rita Road and 4301 Valley Avenue,Pleasanton,CA,94566
7258,1550 North Hope Avenue,Reedley,CA,93654
7259,25351-25461 Alicia Parkway,Laguna Hills,CA,92653
7260,2014-24 South Broad Street,Philadelphia,PA,19145
7261,1921 Cedar Bend Drive,Austin,TX,78758
7262,4100 West 76th Street,Chicago,IL,60652
7263,5500 Abercorn Street,Savannah,GA,31405
7264,5500 Red Rock Lane,Lincoln,NE,68516
7265,8484 Wilshire Boulevard,Beverly Hills,CA,90211
7266,11-15 Read's Way,New Castle,DE,19720
7267,1030 Arsenal Street,Watertown,NY,13601
7268,4870-4874 Harvest Mill Way & 4860 North Broadway Street,Knoxville,TN,37918
7269,950 Blanding Blvd.,Orange Park,FL,32065
7270,168-204 North 12th Avenue,Hanford,CA,93230
7271,20-26 North Moore Street,New York,NY,10013
7272,560 and 740 30th Avenue,Santa Cruz,CA,95062
7273,"100 East Anderson Lane, Suite 250",Austin,TX,78752
7274,1185 Campbell Avenue,San Jose,CA,95126
7275,NWC of Columbia Avenue and Old Chapin Road,Lexington,SC,29072
7276,5855 Copley Drive,San Diego,CA,92111
7277,170 Hegenberger Loop,Oakland,CA,94621
7278,701 South Allen Genoa Road,South Houston,TX,77587
7279,6565 Hollister Street,Houston,TX,77040
7280,3350 Northlake Blvd,Palm Beach Gardens,FL,33403
7281,2726 South Grand Avenue,Santa Ana,CA,92705
7282,696 Hampshire Road,Thousand Oaks,CA,91361
7283,80 Arkay Drive,Hauppauge,NY,11788
7284,902-910 and 920-938 Highland Avenue,Needham,MA,02494
7285,1330-1378A Moorpark Road,Thousand Oaks,CA,91361
7286,U.S. Highway 30 & State Highway 66,Hempfield Township,PA,15601
7287,1200 Chews Landing Road,Laurel Springs,NJ,08021
7288,2201 East Lamar Boulevard,Arlington,TX,76006
7289,2209 North Main,Cleburne,TX,76031
7290,"5060-5088 Jennifer Circle, 4457-4465 Kari Lane",Hermantown,MN,55811
7291,4100 S. Valley Drive,Longmont,CO,80504
7292,2400 Town Lake Circle,Austin,TX,78741
7293,2823 Nashville Road,Bowling Green,KY,42101
7294,2266 Deming Way,City Of Middleton,WI,53562
7295,1500 & 1650 Villa Avenue,Clovis,CA,93612
7296,11741-11755 Princeton Pike,Cincinnati,OH,45246
7297,1311 Morman Mill Road,Marble Falls,TX,78654
7298,501-571 South San Jacinto Street,Hemet,CA,92543
7299,18400 West 77th Street,Chanhassen,MN,55317
7300,363 West 16th Street,New York,NY,10011
7301,1516 Walkup Avenue,Monroe,NC,28110
7302,349-351 Peachtree Hills Avenue,Atlanta,GA,30305
7303,11602 Carmel Mountain Road,San Diego,CA,92128
7304,One Telcordia Drive,Piscataway,NJ,08854
7305,"16810, 16816, 16822, 16904, 16908, 16912 & 17014 Meridian East",Puyallup,WA,98375
7306,3950 Koval Lane,Las Vegas,NV,89109
7307,5536  N. Campbell Avenue,Chicago,IL,60660
7308,4035-4045 W. Argyle Street,Chicago,IL,60630
7309,32165 State Road 20,Oak Harbor,WA,98277
7310,1951-2025 48th Street,Vernon,CA,90058
7311,3264 Green Meadows,Columbus,OH,43207
7312,2401 L.Don Dodson,Bedford,TX,76021
7313,401 North Great Neck Road,Virginia Beach,VA,23454
7314,2301 South Burleson Boulevard,Burleson,TX,76028
7315,201 Northwick Boulevard,State College,PA,16803
7316,301 North Nolen Drive,Southlake,TX,76902
7317,11-30 Alden Place,Mount Vernon,NY,10552
7318,29421-29495 The Old Road,Castaic,CA,91384
7319,1105 Lake Heritage Way,Knoxville,TN,37922
7320,"510, 602 & 610 East Baseline Road",Phoenix,AZ,85040
7321,3500 Route 9,Old Bridge,NJ,08857
7322,5233 Fairmont Parkway,Pasadena,TX,77505
7323,901 Wilson Road,Conroe,TX,77301
7324,408 Northwest 14th Street,Gainesville,FL,32603
7325,2725 Graves Road,Tallahassee,FL,32303
7326,63 East McKellips Road,Mesa,AZ,85201
7327,301 East Pulaski Highway,Elkton,MD,21921
7328,180 North Fair Oaks Avenue,Pasadena,CA,91103
7329,510 Jones Ferry Road,Carrboro,NC,27510
7330,121 West 82nd Street,New York,NY,10024
7331,92 Starlite Lane,Pontiac,MI,48340
7332,2445 Times Boulevard,Houston,TX,77005
7333,250-290 East John Carpenter Freeway,Irving,TX,75062
7334,24861 Sunnymead Blvd.,Moreno Valley,CA,92553
7335,2 Hudson Place,Hoboken,NJ,07030
7336,3521 Frankston Highway,Tyler,TX,75701
7337,278 Hanson Ranch Road,Vail,CO,81657
7338,277 Dogwood Blvd,Flowood,MS,39232
7339,2016-2022 Avenue U,Brooklyn,NY,11229
7340,102 Sleepy Hollow Drive,Middletown,DE,19709
7341,3950 Jonathan Drive,Bloomington,IN,47404
7342,4705 Cofer Avenue & 4708-4801 Fury Way,Louisville,KY,40258
7343,627 S. James Campbell Boulevard,Columbia,TN,38401
7344,11003 Grays Corner Road,Berlin,MD,21811
7345,5348 West 16th Avenue,Hialeah,FL,33012
7346,980 Willow Creek Road,Prescott,AZ,86301
7347,7790 Wolf River Boulevard,Germantown,TN,38138
7348,211 Hoss Road,Centralia,WA,98531
7349,1496 Round Pond Road,North Syracuse,NY,13212
7350,5500 Forest PL,Macon,GA,31206
7351,6201 S Western Street,Amarillo,TX,79110
7352,6355-6387 Manatee Avenue,Bradenton,FL,34209
7353,1090 29th Avenue,Oakland,CA,94601
7354,67-40 Yellowstone Boulevard,Forest Hills,NY,11375
7355,5060 Montclair Plaza Lane,Montclair,CA,91763
7356,20 North Sutter Street,Stockton,CA,95202
7357,"11757, 12001, 12007 & 12011 Harbor Boulevard",Garden Grove,CA,92840
7358,3133 Brunswick Pike (US Route 1),Trenton,NJ,08648
7359,3300 East Renner Road,Richardson,TX,75080
7360,335 & 336 Center Road,Vernon,CT,06066
7361,3500 5th Street,Northport,AL,35476
7362,670 Post Road East,Westport,CT,06880
7363,"1870, 1900, 1932 & 1960 Technology Drive",Troy,MI,48083
7364,652 West Montgomery Avenue,Allentown,PA,18103
7365,10300 Airline Highway,St. Rose,LA,70087
7366,10 Campus Boulevard,Newtown Square,PA,19073
7367,4210 82nd Street and 8201 Quaker Avenue,Lubbock,TX,
7368,8379 West Sunset Road,Las Vegas,NV,89113
7369,"1170, 1180 & 1190 Devon Park Drive",Wayne,PA,19087
7370,14050 Summit Drive,Austin,TX,78728
7371,4280 South Hualapai Way,Las Vegas,NV,89147
7372,1470 Golf Road,Rolling Meadows,IL,60008
7373,1250 William D. Tate Avenue,Grapevine,TX,76051
7374,1033  1037  & 1041 East Interstate 30,Garland,TX,75043
7375,901 Paseo Real,San Benito,TX,78586
7376,5 Penn Plaza,New York,NY,10001
7377,4140-4160 W. Ft. George Wright Drive,Spokane,WA,99224
7378,"1776 Eye Street, NW",Washington,DC,20006
7379,14670 Gap Way,Gainesville,VA,20155
7380,2512  2519 and 2520 South Tricenter Blvd.,Durham,NC,27713
7381,5511 Staples Mill Road,Richmond,VA,23228
7382,23929 Valencia Boulevard,Santa Clarita,CA,91355
7383,36 Hawthorne Place,Montclair,NJ,07042
7384,34827 Pacific Hwy South,Federal Way,WA,98003
7385,333 El Dorado Street,Monterey,CA,93940
7386,4333 Chesford Road,Columbus,OH,43224
7387,9501 West Sahara Avenue,Las Vegas,NV,89117
7388,18456 Interstate 45 South,Shenandoah,TX,77384
7389,5363 Elkhorn Blvd,Sacramento,CA,95842
7390,2 West Northfield Rd.,Livingston,NJ,07039
7391,521 North Sam Houston Parkway East,Houston,TX,77060
7392,4705 - 4741 Grande Market Drive,Grand Chute,WI,54913
7393,2323 San Antonio Street,Austin,TX,78705
7394,1757 Ashley River Road,Charleston,SC,29407
7395,20-48 Walkers Brook Drive,Reading,MA,01867
7396,4390 Flossmoor Street,Las Vegas,NV,89115
7397,2312 Kamehameha Highway,Honolulu,HI,96819
7398,7401 PHOENIX AVE,El Paso,TX,79915
7399,701 E. University Drive,College Station,TX,78840
7400,4000 Southeast 82nd Avenue,Portland,OR,97266
7401,1600 North Market Street,Champaign,IL,61820
7402,4507 Brooklyn Avenue,Seattle,WA,98105
7403,6301 North Freeway,Fort Worth,TX,76131
7404,11539 Hawthorne Boulevard,Hawthorne,CA,90250
7405,15900 Shady Grove Road,Gaithersburg,MD,20877
7406,400 South Sepulveda Boulevard,Manhattan Beach,CA,90266
7407,1370 Avenue of the Americas,New York,NY,10019
7408,"23330-23384, 23404 El Toro Road and 24842-24882 Muirlands Boulevard",Lake Forest,CA,92630
7409,116 Lothrop Avenue and 6540 Cass Avenue,Detroit,MI,48202
7410,12500 Park Boulevard,Seminole,FL,33772
7411,3123 Louisiana Highway 28 East,Pineville,LA,71360
7412,990 North Germantown Parkway,Cordova,TN,38018
7413,17101-17163 South Harlem Avenue,Tinley Park,IL,60477
7414,42480 Green Valley Drive,Clinton Township,MI,48038
7415,3165 East Lincoln Drive,Phoenix,AZ,85016
7416,7230-7280 8th Street,Buena Park,CA,90621
7417,3871 Stagg Drive,Beaumont,TX,77701
7418,3506-3684 Rosemead Boulevard & 3501-3505 Hart Avenue,Rosemead,CA,91770
7419,33175 State Route 20,Oak Harbor,WA,98277
7420,3015 West US 36,Pendleton,IN,46064
7421,2905 South Maryland Parkway,Las Vegas,NV,89109
7422,2121 Windsor Spring Road,Augusta,GA,30906
7423,411 West Chapel Hill Street,Durham,NC,27701
7424,"1240, 1310, 1502 West Ajo Way",Tucson,AZ,85713
7425,31805 Woodward Avenue,Royal Oak,MI,48073
7426,7304 Tussing Road,Reynoldsburg,OH,43068
7427,8901 North Park Plaza Court,Brown Deer,WI,53223
7428,501 National Road West,Richmond,IN,47374
7429,"3102-3112 Bluff Street,  3009-3111 Stevens Street",Madison,WI,53705
7430,3840 Orange Place,Orange Village,OH,44122
7431,39 Broadway,New York,NY,10006
7432,"13525, 13555 & 13575 Wellington Center Circle",Gainesville,VA,20155
7433,38 East 61st Street,New York,NY,10065
7434,27777 Franklin Road,Southfield,MI,48034
7435,315 West 3300 South,Salt Lake City,UT,84115
7436,400 East Wyomissing Avenue,Mohnton,PA,19603
7437,"1720, 1754, 1768 West 1300 North",Salt Lake City,UT,84116
7438,560 W. 21st Street,Monroe,WI,53566
7439,36004-36164 Hidden Springs Road,Wildomar,CA,92595
7440,640 West 231st Street,Bronx,NY,10463
7441,1325 Dickinson Avenue,Ames,IA,50014
7442,451-463 Winnacunnet Road,Hampton,NH,03842
7443,46400-46446 Fremont Boulevard,Fremont,CA,94538
7444,"1705-1717, 1741-1745 & 1730 Avenue R",Plano,TX,75074
7445,11312 Highway 49,Gulfport,MS,39503
7446,NWC VA Route 39/Willow Springs Road Intersection,Lexington,VA,24450
7447,8200 and 8250 Haverstick Road,Indianapolis,IN,46240
7448,6 West Rose Street,Walla Walla,WA,99362
7449,4655 East Liberty Street,Mexico,MO,65265
7450,1231-1239 Osos Street,San Luis Obispo,CA,93401
7451,101 Augusta Plantation Drive,Myrtle Beach,SC,29579
7452,2450 Norfolk Drive,Rochester Hills,MI,48309
7453,1470-1490 Eureka Road,Roseville,CA,95661
7454,Interstate 83 and Robinhood Drive,Newberry Township,PA,17319
7455,1096 North Main Street,Bowling Green,OH,43402
7456,85 Cedar Street,Stoneham,MA,02180
7457,8915 Rosedale Highway,Bakersfield,CA,93312
7458,5109 Louetta Road,Spring,TX,77379
7459,5301 Northwest 36th Street,Miami Springs,FL,33166
7460,10030 North 43rd Avenue,Glendale,AZ,85302
7461,1204 1st Avenue East,Newton,IA,50208
7462,428 Chestnut Street,Roselle Park,NJ,07204
7463,495 Laketower Drive,Lexington,KY,40502
7464,11574 Lower Azusa Road,El Monte,CA,91732
7465,200 Roy Street,Seattle,WA,98109
7466,12000 Biscayne Boulevard,Miami,FL,33181
7467,15316 Huebner Road,San Antonio,TX,78248
7468,824 South Van Buren Road,Eden,NC,27288
7469,10615 South Gessner Drive,Houston,TX,77071
7470,8301 W. Charleston Boulevard,Las Vegas,NV,89117
7471,9000-9020 Reseda Boulevard,Northridge,CA,91324
7472,11190 Lee Highway,Fairfax,VA,22030
7473,152-286 W. Foothill Blvd.,Rialto,CA,92376
7474,1800 North State Street,Provo,UT,84604
7475,259-261 Broome Street,New York,NY,10002
7476,"2702, 2705, 2709, and 2710 Media Center Drive",Los Angeles,CA,90065
7477,1-91 S. Telegraph Road,Pontiac,MI,48341
7478,6245 East Bell Road,Scottsdale,AZ,85254
7479,38129 Delacroix Drive,Clinton Township,MI,48038
7480,853 South Highway 89,Logan,UT,84321
7481,215 North Loop 1604 East,San Antonio,TX,78232
7482,45-99 Washington Street,Claremont,NH,03743
7483,870 Hilgard Avenue,Los Angeles,CA,91606
7484,8555 16th Street,Silver Spring,MD,20910
7485,405 Queen Street,Southington,CT,06489
7486,3914 Capital Blvd.,Raleigh,NC,27604
7487,"114, 120, 126, 130, 136, 140, 146, 150 Wildwood Parkway & 220 State Farm Parkway",Homewood,AL,35209
7488,401-419 East 59th Street,New York,NY,10022
7489,3975 Landmark Street,Culver City,CA,90232
7490,3003 Memorial Court,Houston,TX,77007
7491,355 Santana Row,San Jose,CA,95128
7492,4046 East Grand River Avenue,Howell,MI,48843
7493,7575-7595 Baymeadows Way,Jacksonville,FL,32256
7494,3100-3500 Northwest 2nd Avenue,Boca Raton,FL,33431
7495,1000 West  4th Avenue,Kennewick,WA,99336
7496,2411 Alaskan Way,Seattle,WA,98121
7497,708 W. State Rd. 436,Altamonte Springs,FL,32714
7498,16457 El Camino Real,Houston,TX,77062
7499,3149 Landtree Place,Orlando,FL,32812
7500,3501 Section Road,Cincinnati,OH,45237
7501,30970-31000 Courthouse Drive,Union  City,CA,94587
7502,590 Cascade Drive,Atlanta,GA,30310
7503,822 Eastgate North Drive,Cincinnati,OH,45245
7504,9 & 17 Park of Commerce Boulevard,Savannah,GA,31405
7505,830-916 LaSalle Street and 1610 River Road,Jacksonville,FL,32207
7506,3301 Main Street,Tarboro,NC,27886
7507,7900 East Baltimore Street,Baltimore,MD,21224
7508,"Building 400, Riverview Executive Park",Trenton,NJ,08611
7509,11260 4th Street,Rancho Cucamonga,CA,91730
7510,12423 E. Mansfield St.,Spokane,WA,99206
7511,4541 Shirley Ave.,Jacksonville,FL,32210
7512,631-715 West Independence Boulevard,Mount Airy,NC,27030
7513,736 Moon Road,Columbus,OH,43224
7514,900 Luther Street,College Station,TX,77840
7515,260 North Shore Drive,Pittsburgh,PA,15212
7516,6 Manhattan Square,Hampton,VA,23666
7517,7830 Fay Avenue,La Jolla,CA,92037
7518,1100 West Frontage Road,Owatonna,MN,55060
7519,4121 Southpoint Boulevard,Jacksonville,FL,32216
7520,3210 - 3314 First Street West,Bradenton,FL,34208
7521,49 - 79 Ludwig Drive,Fairview Heights,IL,62208
7522,13200 49th Street North,Pinellas Park,FL,33762
7523,915 North Wilton Place,Los Angeles,CA,90038
7524,6500 Desert View Drive,West Richland,WA,99353
7525,1198 John F Kennedy Drive,Crowley,LA,70526
7526,10330 Hardin Valley Road,Knoxville,TN,37932
7527,1941 Old Cuthbert Road,Cherry Hill,NJ,08034
7528,1440 West Indiantown Road,Jupiter,FL,33458
7529,1050-1051 Villa Court Southeast,Atlanta,GA,30316
7530,1450 Madruga Avenue,Coral Gables,FL,33146
7531,1 Elm Street,Tuckahoe,NY,10707
7532,38901-38931 County Road 54,Zephyrhills,FL,34248
7533,1861 North Hutton Avenue,Farmington,NM,87401
7534,1613 Northwest County Road,Odessa,TX,79763
7535,1300 N. Harrison Street,Wilmington,DE,19806
7536,12140-12160 Parklawn Dr.,Rockville,MD,20852
7537,170 North Main Street,New City,NY,10956
7538,7234-7254 & 7911 West 151st Street,Overland Park,KS,66223
7539,3535 Forsyth Avenue,Winter Park,FL,32792
7540,2904 Arendell Street,Morehead City,NC,28557
7541,4431 PGA Boulevard,Palm Beach Gardens,FL,33410
7542,"14000, 14020 & 14030 183rd St",La Palma,CA,90623
7543,1919-1935 Faithon P. Lucas Drive,Mesquite,TX,75181
7544,3731 Riley Fuzzel Road,Spring,TX,77386
7545,300 Grand Boulevard,Destin,FL,32550
7546,3188 N. Highway 97,Bend,OR,97741
7547,11615 Highway 70,Arlington,TN,38002
7548,500 Summerlake Drive,Concord,NC,28025
7549,2401-2409 Bond Street,University Park,IL,60466
7550,999-1001 SW 16th Avenue,Gainesville,FL,32601
7551,2288 Auburn Boulevard,Sacramento,CA,95821
7552,2770 and 2780 Stony Point Road,Santa Rosa,CA,95407
7553,404 Bryant Circle,Ojai,CA,93023
7554,10400-10460 Rosencrans Avenue,Bellflower,CA,90706
7555,10 W. Trimble Road,San Jose,CA,95131
7556,4370-80 Alvarado Canyon Road,San Diego,CA,92120
7557,4717-23 36th Ave. S,Seattle,WA,98118
7558,3900 Curtis Boulevard,Cocoa,FL,32927
7559,5121 Clinton Street Road (Route 33),Batavia,NY,14020
7560,1412 - 1502 Del Prado Boulevard South,Cape Coral,FL,33990
7561,27601 Sun City Boulevard,Sun City,CA,92586
7562,7402 Broadview Road,Parma,OH,44134
7563,6255 - 6285 South Mojave Road,Las Vegas,NV,89120
7564,909 Sheldon Road,Plymouth,MI,48170
7565,5201 Summerhill Road,Texarkana,TX,75503
7566,19401 North Cave Creek Road,Phoenix,AZ,85050
7567,2600 S. Parker Road,Aurora,CO,80014
7568,1-60 Forest Drive,Haverstraw,NY,10923
7569,69201 Louisiana Highway 59,Mandeville,LA,70471
7570,985 Mount Zion Road,Morrow,GA,30260
7571,4888 East Tropicana Avenue,Las Vegas,NV,89121
7572,2039 - 2055 Little Road,New Port Richey,FL,34655
7573,19193 Island Resort Road,Pine City,MN,55063
7574,2143 Michigan Ave.,Dearborn,MI,48126
7575,1900 SW 122nd Avenue,Miami,FL,33175
7576,4215 - 4225 N. Oracle Road,Tucson,AZ,85705
7577,4250- 4312 MAIN STREET,Philadelphia,PA,19127
7578,3100 Cleveland Avenue,Columbus,OH,43224
7579,79 Barrow Street,New York,NY,10014
7580,1375 South Lapeer Road,Lake Orion,MI,48360
7581,4210 West Airport Freeway,Irving,TX,75062
7582,7215 Coldwater Canyon Avenue,North Hollywood,CA,91605
7583,9 Tanglewylde Avenue,Bronxville,NY,10708
7584,6946 Winchell Road,Warners,NY,13164
7585,1220 Hobson Road,Naperville,IL,60540
7586,5324 Preakness Lane,Dallas,TX,75211
7587,1130 Pine Valley Lane,Toledo,OH,43615
7588,1407 Nw 65th Ter,Kansas City,MO,64118
7589,"153 Staffordboro Boulevard, L6A",Stafford,VA,22554
7590,5902 31st Avenue,Hyattsville,MD,20782
7591,600 S. Idaho Road,Apache Junction,AZ,85219
7592,1501 Northway Drive,St. Cloud,MN,56303
7593,3108 Winston Place,Manhattan,KS,66502
7594,9200 Edmonston Road,Greenbelt,MD,20770
7595,70 Universal Drive,North Haven,CT,06473
7596,2299 West Obispo Avenue,Gilbert,AZ,85233
7597,12032 Scripps Highlands Drive,San Diego,CA,92131
7598,13222 Champions Centre Drive,Houston,TX,77069
7599,DeKalb Pike (Rte 202) and Germantown Pike,East Norriton,PA,19401
7600,300 West 145th Street,New York,NY,10039
7601,3100-3212 Lohr Road,Pittsfield,MI,48108
7602,6420 E. Tropicana Avenue,Las Vegas,NV,89122
7603,8520 Pitner Road,Houston,TX,77080
7604,1501 Hanes Mall Blvd,Winston Salem,NC,27114
7605,2800 S. Eastern Avenue,Las Vegas,NV,89109
7606,29 North Val Vista Drive,Gilbert,AZ,85234
7607,251-325 Marysville Mall,Marysville,WA,98270
7608,13303-13357 Riverside Drive,Sherman Oaks,CA,91423
7609,3025 Boca Chica Boulevard,Brownsville,TX,78521
7610,562 Main Street,Hamilton,OH,45013
7611,3211 Wilson Drive,Burlington,NC,27215
7612,12002 Forestgate Drive,Dallas,TX,75243
7613,225 West Roosevelt Road,Villa Park,IL,60181
7614,800 Long Ridge Road,Stamford,CT,06904
7615,400 North State Street,Chicago,IL,60610
7616,10-12 Celina Avenue,Nashua,NH,03063
7617,51 South Champion Street,Youngstown,OH,44503
7618,146 Wildwood Parkway,Birmingham,AL,35209
7619,5665 East Mayo Boulevard,Phoenix,AZ,85054
7620,1-5 Washington Avenue,Victory Gardens,NJ,07801
7621,909 Hingham Street,Rockland,MA,02370
7622,1441 Meadowview Road,Sacramento,CA,95832
7623,15 East 5th Street,Tulsa,OK,74103
7624,1011 North 34th Avenue,Yakima,WA,98902
7625,4377 Old Plank Road,Milford Township,MI,48381
7626,4820 Overland Avenue,Kearny Mesa,CA,92123
7627,525 North Broadway,White Plains,NY,10603
7628,1470 Beacon Street,Brookline,MA,02446
7629,301 South Bowen Road,Arlington,TX,76013
7630,802 South Santa Fe Avenue,Vista,CA,92084
7631,16455 & 16460 East High Street,Middlefield,OH,44062
7632,737-751 North Broadway,Hastings-On-Hudson,NY,10706
7633,2122-2224 N. Craycroft  Road,Tucson,AZ,85712
7634,1864 Old Highway 421,Boone,NC,28607
7635,2610 West 71st Street,Chicago,IL,60636
7636,9900-10090 Pines Boulevard,Pembroke Pines,FL,33024
7637,6707 Rufe Snow Drive,Watauga,TX,76148
7638,5 Lakeside Road,Newburgh,NY,12550
7639,2116 East Main Street,Richmond,VA,23223
7640,21500 Gratiot Avenue,Eastpointe,MI,48021
7641,1415 Kenneth Road,York,PA,17408
7642,76-80 Terrace Rd,Franklin,NH,03235
7643,421 International Center Drive,Sandston,VA,23150
7644,700 Miles Road,West Chester,PA,19380
7645,2959 West 159th Street,Markham,IL,60426
7646,5901 Coffeen Avenue,Sheridan,WY,82801
7647,130-138 North Avenue 61,Highland Park,CA,90042
7648,601 Silveron Boulevard,Flower Mound,TX,75028
7649,1515 Hotel Circle South,San Diego,CA,92108
7650,2000 Richmond Road (SR 31),Mc Henry,IL,60050
7651,5 Change Bridge Road,Montville,NJ,07045
7652,1000 South Santa Fe Avenue,Los Angeles,CA,90021
7653,3600 S. Fox St.,Englewood,CO,80110
7654,8412 Davis Boulevard,North Richland Hills,TX,76180
7655,6980 E. Holmes Road,Memphis,TN,38141
7656,9718 E. Sprague Ave,Spokane,WA,92204
7657,8315 Fourth Avenue,Brooklyn,NY,11209
7658,9909-9915 Mira Mesa Boulevard,San Diego,CA,92131
7659,1900 Windsor Hill Drive,Matthews,NC,28105
7660,1845 Aspin Avenue,Redding,CA,96003
7661,201 Canoy Lane,Clemson,SC,29631
7662,1100 W. Atlantic Street,Emporia,VA,23847
7663,9600 Sunset Drive,Miami,FL,33173
7664,One Westwood Avenue,Westwood,NJ,07675
7665,9407 East Mission Avenue,Spokane Valley,WA,99206
7666,2174 Lee Highway South,Trouteville,VA,24175
7667,5777 Terry Road,Byram,MS,39272
7668,2775 Florida Plaza Boulevard,Kissimmee,FL,34746
7669,534 Broadway,Saratoga Springs,NY,12866
7670,30 Old Ridgebury Road,Danbury,CT,06810
7671,5204 Maryland Way,Brentwood,TN,37027
7672,2432 Webb Avenue,Bronx,NY,10468
7673,998 Washington Boulevard,Roseville,CA,95678
7674,75 N Fair Oaks & 74 N Pasadena,Pasadena,CA,91103
7675,1088 West Main Street,League City,TX,77573
7676,1424 K Street Northwest,Washington,DC,20005
7677,249 East Ocean Boulevard,Long Beach,CA,90802
7678,725 River Road,Edgewater,NJ,07020
7679,"3610, 3702 & 3806 Dell Range Boulevard",Cheyenne,WY,82009
7680,1605 North 36th Street,Van Buren,AR,72956
7681,1 Black Hawk Circle,Downingtown Borough,PA,19335
7682,3650 Boston Road,Lexington,KY,40503
7683,221 Stoddard Drive,Reno,NV,89502
7684,6245 Westport Avenue,Shreveport,LA,71129
7685,1247 Ward Avenue,West Chester,PA,19380
7686,590 Flank Road,Petersburg,VA,23805
7687,1001 Parkhurst Lane,Grand Blanc,MI,48439
7688,"7301,7341 & 7399 W. Lake Mead Boulevard",Las Vegas,NV,89128
7689,351 Linden Street,Fort Collins,CO,80524
7690,723 West Sam Allen Road,Plant City,FL,33565
7691,333 South Hope Street,Los Angeles,CA,90071
7692,43749-43825 15th Street West,Lancaster,CA,93534
7693,13714-13820 SW 152nd St.,Miami,FL,33177
7694,1701-8 Green Valley Parkway,Henderson,NV,89014
7695,542 Brannan Street,San Francisco,CA,94107
7696,101 11th Street Ocean,Marathon,FL,33050
7697,2626 South Loop West,Houston,TX,77054
7698,115 East 57th Street,New York,NY,10022
7699,321 Madonna Road,San Luis Obispo,CA,93405
7700,8879-8939 N. Chestnut Ave.,Fresno,CA,93720
7701,1115 East Pembroke Avenue,Hampton,VA,23669
7702,2200 State Route 10,Morris Plains,NJ,07950
7703,248 & 250 Bendigo Blvd S & 249 Main Ave S,North Bend,WA,98045
7704,5421 & 5437 Covington Highway,Decatur,GA,30035
7705,1411 South Power Road,Mesa,AZ,85206
7706,719 Brookway Boulevard,Brookhaven,MS,39601
7707,1327 Meadowlark Drive,Winston Salem,NC,27106
7708,2489 Tuscany Street,Corona,CA,92881
7709,8165 Signal Court,Sacramento,CA,95824
7710,25801 Victoria Boulevard,Dana Point,CA,92624
7711,2117-2161 West 6th Street,Los Angeles,CA,90057
7712,2700 SW Archer Road,Gainesville,FL,32608
7713,12900 Firestone Boulevard,Santa Fe Springs,CA,90671
7714,828 West Fullerton Avenue,Chicago,IL,60614
7715,6119 White Horse Road,Greenville,SC,29611
7716,960-990 Fifth Avenue,San Rafael,CA,94901
7717,4217 South Semoran Boulevard,Orlando,FL,32822
7718,9550 Ash Street,Overland Park,KS,66207
7719,1235 Wildwood Avenue,Sunnyvale,CA,94089
7720,605 South Ball Street,Arlington,VA,22202
7721,1120 Shadow Lane,Las Vegas,NV,89102
7722,"6620, 6640 and 6670 South Tenaya Way",Las Vegas,NV,89113
7723,9550 Dyer Street,El Paso,TX,79924
7724,2125 East Katella Avenue,Anaheim,CA,92806
7725,3865 Rosecrans,San Diego,CA,92110
7726,130 West Jones Road,Fostoria,OH,44830
7727,801 Madison Avenue,Lakewood,NJ,08701
7728,12005 North Burgard Way,Portland,OR,97203
7729,9255 South Western Avenue,Chicago,IL,60620
7730,17607 Gold Plaza,Omaha,NE,68130
7731,1990 M Street NW,Washington,DC,20036
7732,160 West 72nd Street,New York,NY,10023
7733,215 Mount Hope Place,Bronx,NY,10457
7734,2974 Coppercreek Road,Ferguson,MO,63136
7735,2002 Shaw Avenue,Peru,IN,46970
7736,5142 North 43rd Avenue,Glendale,AZ,85301
7737,190-02 Jamaica Avenue,Jamaica,NY,11423
7738,"1777, 1780, and 1805 South Bellaire Street",Denver,CO,80222
7739,3603-3637 Union Road,Cheektowaga,NY,14225
7740,1936 University Avenue,Berkeley,CA,94704
7741,3424 Highway 47,Los Lunas,NM,87031
7742,9757 NE Juanita Drive,Kirkland,WA,98034
7743,2070 Northbrook Boulevard,North Charleston,SC,29406
7744,2 11th st,Clearfield,UT,84016
7745,2400-2410 Oneida Street,Utica,NY,13501
7746,2015 - 79 West 25th Street,Cleveland,OH,44113
7747,625 South Redwood Road,Salt Lake City,UT,84104
7748,9110-9190 Wadsworth Parkway,Westminster,CO,80021
7749,1225-1233 Locust Street,Philadelphia,PA,19107
7750,1005-1071 Mono Way,Sonora,CA,95370
7751,1012 York Road,Towson,MD,21204
7752,13850 Gulf Freeway,Houston,TX,77034
7753,1425 Scalp Avenue,Johnstown,PA,15904
7754,132 Mitchell Street,Atlanta,GA,30303
7755,3-91 South Telegraph,Pontiac,MI,48341
7756,8020 Northwest 60th Street,Miami,FL,33166
7757,4150 Boulder Highway,Winchester,NV,89121
7758,376-380 Greenwich Avenue,Greenwich,CT,06830
7759,300-310 N. Indian Hill & 353-383 W. Bonita Avenue,Claremont,CA,91711
7760,6021-6039 West Bell Road,Glendale,AZ,85308
7761,1314 West 8th Street,Tempe,AZ,85281
7762,3535 Piedmont Road,Atlanta,GA,30305
7763,6724 Alexander Bell Drive,Columbia,MD,21046
7764,2220 East Irlo Bronson Memorial Highway,Kissimmee,FL,34744
7765,705 South Redwood Road,Salt Lake City,UT,84104
7766,5000 Mabeline Road,Hanahan,SC,29406
7767,11-21 Sycamore Drive,Norwalk,OH,44857
7768,37601 SE Highway 26,Sandy,OR,97055
7769,1704 Barnes Boulevard,Tumwater,WA,98512
7770,40 Court Street,Boston,MA,02108
7771,17 East Monroe Street,Chicago,IL,60603
7772,111 East Wacker Drive,Chicago,IL,60611
7773,"1645, 1685, 1688, 1727, and 1730 Conestoga St.",Boulder,CO,80301
7774,8710 Grand Mission Blvd,Richmond,TX,77407
7775,750 North Broad Street,Elizabeth,NJ,07208
7776,3810-3870 E. Flamingo Road,Las Vegas,NV,89121
7777,2540-2786 Eastern Boulevard,Montgomery,AL,36117
7778,360 Bowery,New York,NY,10012
7779,839 South Carondelet Street,Los Angeles,CA,90057
7780,1825 East River Road,Tucson,AZ,85718
7781,1550 N. Chrisman Road,Tracy,CA,95304
7782,1150-1178 North Knollwood Circle & 2621-2651 West Woodland Drive,Anaheim,CA,92801
7783,Route 611,Stroudsburg,PA,18360
7784,205 Chubb Avenue,Lyndhurst,NJ,07071
7785,625 Route 83,Elmhurst,IL,60126
7786,2415-2449 Main Street,Santa Monica,CA,90405
7787,180 - 186 East Sunnyoaks Avenue,Campbell,CA,95008
7788,8571 West Grand River Avenue,Brighton,MI,48116
7789,2401 West Alta Road,Peoria,IL,61615
7790,3020 South Powers Boulevard,Colorado Springs,CO,80916
7791,1902 Highway 31 South,Pelham,AL,35124
7792,2251 Manchester Drive,Plainfield,IN,46168
7793,19300 and 19400 South Hamilton Avenue,Gardena,CA,90248
7794,2966 Wilshire Boulevard,Los Angeles,CA,90010
7795,3400 Wayne Avenue,Bronx,NY,10467
7796,500 Islip Avenue,Islip Terrace,NY,11751
7797,7155 Van Nuys Blvd.,Van Nuys,CA,91405
7798,4816 176th Street SW,Lynnwood,WA,98037
7799,4500 MacArthur Boulevard,Newport Beach,CA,92660
7800,380 Crenshaw Boulevard,Torrance,CA,90503
7801,2650 69th Terrace,Vero Beach,FL,32966
7802,1904 East Mulberry Street,Angleton,TX,77515
7803,NEQ of 40th Street and Thunderbird Road,Phoenix,AZ,85032
7804,9720 & 9730 Cypresswood Drive,Houston,TX,77070
7805,1641 E. Daily Drive,Camarillo,CA,93010
7806,601 Hawaii Street,El Segundo,CA,90245
7807,300 West 49th Street,New York,NY,10019
7808,265 Ellington Road,East Hartford,CT,06108
7809,319 Beacon Street,Laurel,MS,39441
7810,401 Second Avenue South,Seattle,WA,98104
7811,150-170 Crossways Park Drive,Woodbury,NY,11797
7812,154 West 600 South,Salt Lake City,UT,84101
7813,6569 South Headley Road,Tucson,AZ,85746
7814,200 Day Hill Road,Windsor,CT,06095
7815,4159 Dove Road,Port Huron,MI,48060
7816,1016 Parkside Boulevard,Bay City,MI,48706
7817,530 Stacy Court,Lafayette,CO,80026
7818,12001 Burnet Road,Austin,TX,78758
7819,196 Kitts Lane,Newington,CT,06111
7820,1671 -1699 Mabury Road,San Jose,CA,95133
7821,5101 Cleveland Street,Virginia Beach,VA,23462
7822,5570 - 5640 Dixie Highway,Waterford,MI,48329
7823,1900 Pavilion Drive,Virginia Beach,VA,23451
7824,430 South Stanislaus Street,Stockton,CA,95203
7825,6551 Old Waterloo Road,Elkridge,MD,21075
7826,5 Barker Avenue,White Plains,NY,10601
7827,66 Fort Point Street,Norwalk,CT,06855
7828,1410 Seagirt Boulevard,Far Rockaway,NY,11691
7829,41607 Margarita Road,Temecula,CA,92591
7830,128 West 13th Street,New York,NY,10011
7831,1930 South Ridgewood Avenue,South Daytona,FL,32119
7832,99 NW 183rd Street,North Miami Beach,FL,33169
7833,8416 Lee Highway,Fairfax,VA,22031
7834,4600 Vegas Drive,Las Vegas,NV,89108
7835,"1415 4th Av,1614 7th Av,1620 7th Av,1624 7th Av,1925 Buffington Av",Huntington,WV,25703
7836,14400 Beach Boulevard,Westminster,CA,92683
7837,6230 Lewis Avenue,Temperance,MI,48182
7838,1891 N. Columbia Street,Milledgeville,GA,31061
7839,261 North DuPont Highway,Dover,DE,19901
7840,"351, 369 and 395 Gateway Drive",Brooklyn,NY,11239
7841,900 8th Street Southwest,Altoona,IA,50009
7842,2738 Roosevelt Boulevard,Clearwater,FL,33760
7843,500-600 Renaissance Center,Detroit,MI,48226
7844,1935 Cinema Drive,Rock Hill,SC,29730
7845,2601-2615 West Highway 13,Burnsville,MN,55337
7846,"7610 Heritage Drive, 7832 Heritage Drive, and 310 South Canal Road",Lansing,MI,48917
7847,10933 Huston Street,North Hollywood,CA,91601
7848,5861 Lower York Road,Buckingham Township,PA,18931
7849,128 Sixth Avenue,Brooklyn,NY,11217
7850,926 Haddonfield Road,Cherry Hill,NJ,08002
7851,435 and 439 West 9th Street,Dallas,TX,75208
7852,1380 Barstow Road,Barstow,CA,92311
7853,9535 Cliffdale Road,Fayetteville,NC,28304
7854,4150 North MacArthur Boulevard,Irving,TX,75038
7855,31 Arnot Road,Big Flats,NY,14845
7856,20540 State Road 7,Boca Raton,FL,33498
7857,3510 Glenn McConnell Parkway,Charleston,SC,29414
7858,444 North Frederick Avenue,Gaithersburg,MD,20877
7859,1777 West Camelback Road,Phoenix,AZ,85015
7860,"1901 Wyoming Avenue, N.W.",Washington,DC,20009
7861,155 and 157 Garrett Way & 630 Meriwether Road,Milledgeville,GA,31061
7862,2108 Tryon Road,Longview,TX,75601
7863,4 Hutton Centre Drive,Santa Ana,CA,92707
7864,14015-14033 Southwest Freeway,Sugar Land,TX,77478
7865,2100 Ross Avenue,Dallas,TX,75201
7866,90 Prince Street,New York,NY,10012
7867,120 Monroe Avenue,Frederick,MD,21701
7868,4208 Alameda Boulevard,Vernon,CA,90058
7869,13729 Research Boulevard,Austin,TX,78750
7870,220 West Main Street,Louisville,KY,40202
7871,600 Nesmith Court,Folsom,CA,95630
7872,10816 Tidewater Trail,Fredericksburg,VA,22408
7873,293 Valley River Center,Eugene,OR,97401
7874,1981 Terminal Way,Reno,NV,89502
7875,100 Randall Avenue,Freeport,NY,11520
7876,514 East 4090 South,Salt Lake City,UT,84107
7877,"7606, 7652, 7670, 7692, 7706, 7726, 7756 & 7776 Trade Street",San Diego,CA,92121
7878,840 Woods Crossing Road,Greenville,SC,29607
7879,2215 Tradeport Drive,Orlando,FL,32824
7880,2240 North Scottsdale Road,Tempe,AZ,85281
7881,800 Alexander Road,Cayce,SC,29033
7882,845-965 East Lancaster Avenue,East Caln Township,PA,19335
7883,5531 Chevrolet Boulevard,Parma,OH,44130
7884,7850 Rhode Island Avenue,Merrillville,IN,46410
7885,10180 SW Parkway,Portland,OR,97225
7886,801 C Street,Vancouver,WA,98660
7887,1930-1936 Marlton Pike East,Cherry Hill,NJ,08003
7888,23800 West Ten Mile Road,Southfield,MI,48034
7889,2360 Kiahuna Plantation Road,Poipu,HI,96756
7890,4850 Natomas Blvd.,Sacramento,CA,95835
7891,100 Stimson Avenue,Pismo Beach,CA,93449
7892,"5-7, 17-19, and 27 West Broad Street",Richmond,VA,23220
7893,2025 Dolton Road,Calumet City,IL,60409
7894,101-151 Mill Street,Gahanna,OH,43230
7895,225-227 East 85th St,New York,NY,10028
7896,80 Little Falls Road,Essex,NJ,07004
7897,209 County Road,Falmouth,MA,02556
7898,501 Northridge Road,Atlanta,GA,30350
7899,4200 Trenton Drive,Bartlett,TN,38135
7900,1203- 1251 Creekside Lane,Moscow,ID,83843
7901,270 Littleton Road,Chelmsford,MA,01824
7902,815 South Coppell Road,Coppell,TX,75019
7903,2100 Empire Avenue,Burbank,CA,91504
7904,201 South Ynez Avenue,Monterey Park,CA,91754
7905,8459 NW 17th Court,Plantation,FL,33322
7906,State Highway 121 at Main Street,The Colony,TX,75056
7907,562-564 Main Street,Buffalo,NY,14202
7908,7209 Buckley Road and 5102 West Taft Road,Liverpool,NY,13088
7909,395 Santa Monica Place,Santa Monica,CA,90401
7910,416 N Bedford Drive,Beverly Hills,CA,90210
7911,1541 Parkway Lane,Arlington,TX,76010
7912,1151 Greenfield Drive,El Cajon,CA,92021
7913,7025 - 7475 West 88th Avenue,Westminster,CO,80021
7914,110 William Street,New York,NY,10038
7915,2211-112th Street South,Lakewood,WA,98444
7916,119 West 40th Street,New York,NY,10018
7917,502 FM W 646,League City,TX,77539
7918,455 Grayson Highway,Lawrenceville,GA,30046
7919,62 West 45th Street,New York,NY,10036
7920,2211 - 2429 South Green Bay Road,Racine,WI,53406
7921,6400 Old Oak Ridge Road,Greensboro,NC,27410
7922,1064 Richard D. Sailors Parkway,Powder Springs,GA,30127
7923,1500 Monument Street,Jacksonville,FL,32225
7924,774 Tiffany Boulevard,Rocky Mount,NC,27804
7925,3705 MacArthur Dr,Alexandria,LA,71301
7926,3900 Bailey Avenue,Bronx,NY,10463
7927,3380 Rochester Road,Livonia,NY,14480
7928,111 South Newport Avenue,Tampa,FL,33606
7929,5549 NW Miami Court & 5601 NW 1st Avenue,Miami,FL,33127
7930,107 South Carter Road,Ashland,VA,23005
7931,457 Dalton Avenue,Pittsfield,MA,01201
7932,14975 Landmark Boulevard,Addison,TX,75240
7933,2609 Suffolk Avenue,High Point,NC,27265
7934,1695 Woodland Park Drive,Layton,UT,84041
7935,2575 SW 27 Avenue,Miami,FL,33134
7936,2804 West 7th Avenue,Spokane,WA,99224
7937,1214-1284 Hill Road North,Pickerington,OH,43147
7938,1509 Industrial Way,Belmont,CA,94002
7939,6231 West McDowell Road,Phoenix,AZ,85035
7940,649 and 715 West Mission Avenue,Escondido,CA,92025
7941,4041-4099 Foothill Road and 730-748 Cieneguitas Road,Santa Barbara,CA,93110
7942,1367 Gardiner Lane,Louisville,KY,40213
7943,3425 Whittier Boulevard,Los Angeles,CA,90023
7944,150 Glenwood Avenue,Yonkers,NY,10703
7945,1064 Gardner Road,Charleston,SC,29407
7946,5875 W. Irlo Bronson Highway,Kissimmee,FL,34746
7947,4175 Ivanhoe Drive,Monroeville,PA,15146
7948,400 North State College Boulevard,Orange,CA,92868
7949,495 East Holt Avenue,Pomona,CA,91767
7950,140 W. Orangethorpe Ave.,Placentia,CA,92870
7951,1500 Sylvan Drive,Hurst,TX,76053
7952,3534 High Street,South Bend,IN,46614
7953,525 West Valencia Road,Tucson,AZ,85706
7954,2601 Airport Freeway,Bedford,TX,76021
7955,7640 West Thomas Road,Phoenix,AZ,85033
7956,16702 Stuebner Airline Road,Spring,TX,77379
7957,9765 Webb Chapel Road,Dallas,TX,75220
7958,8007-8013 Melrose Avenue,Los Angeles,CA,90046
7959,6231 North Monroe Street,Monroe,MI,48162
7960,20000 North 59th Avenue,Glendale,AZ,85308
7961,717 South Highway 101,Solana Beach,CA,92075
7962,20454 Northeast Sandy Boulevard,Fairview,OR,97024
7963,5026 Watkins Drive,Jackson,MS,39206
7964,9424 Oakbrook Drive,Pineville,NC,28210
7965,71 Leonard Street,New York,NY,10013
7966,80001 Overseas Highway,Islamorada,FL,33036
7967,240 West 35th Street,New York,NY,10001
7968,440 Coburg Road,Eugene,OR,97401
7969,6150 Rhones Quarter Road,Tyler,TX,75707
7970,"1-7, 9-11 and 13 McKenna Road",Arden,NC,28704
7971,600 Southwest 10th Avenue,Portland,OR,97205
7972,11001-11003 Bluegrass Parkway,Louisville,KY,40299
7973,9446 North Metro Parkway West,Phoenix,AZ,85051
7974,"1203-1402 Lum Road, 102-109 West High Street and 2000 Haviland Street",Centralia,WA,98531
7975,12341-12353 Winter Garden Vineland Road,Orlando,FL,32836
7976,2930 Forest Lane,Dallas,TX,75234
7977,1950 Universal City Boulevard,Universal City,TX,78148
7978,10370 & 10390 Peter A. McCuen Boulevard,Rancho Cordova,CA,95655
7979,379 West Broadway,New York,NY,10012
7980,10326 Old Leo Road,Fort Wayne,IN,46825
7981,1717 Union Road,Gastonia,NC,28054
7982,2840-2860 West Ina Road,Tucson,AZ,85741
7983,2401 Elliott Avenue,Seattle,WA,98121
7984,30-110 Quaker Lane,Warwick,RI,02886
7985,2101 Collins Boulevard,Covington,LA,70433
7986,2226 Campostella Road,Chesapeake,VA,23324
7987,9002 Sheridan Road,Kenosha,WI,53143
7988,4975 Wiley Post Way,Salt Lake City,UT,84116
7989,7111 Vedder Drive,Indianapolis,IN,46241
7990,"2351 Valleywood Drive, S.E.",Grand Rapids,MI,49546
7991,1300 S. Pleasant Valley,Austin,TX,78741
7992,3800 Watt Avenue,Sacramento,CA,95821
7993,2410-2460 Weston Road,Weston,FL,33326
7994,1710 West Deyoung Street,Marion,IL,62959
7995,3075 Highland Parkway,Downers Grove,IL,60515
7996,4018 Westhollow Parkway,Houston,TX,77082
7997,125 Sahara Drive,Pacheco,CA,94553
7998,611-617 West 148th Street,New York,NY,10031
7999,652 Hempstead Turnpike,Franklin Square,NY,11010
8000,6976 West Bell Road,Glendale,AZ,85308
8001,9325 Poplar Avenue,Germantown,TN,38138
8002,20530 13 Mile Road,Roseville,MI,48066
8003,4500 Parrish Manor Drive,Garner,NC,27529
8004,30 Bond Street,New York,NY,10012
8005,6083 - 6123 Capital Blvd.,Raleigh,NC,27616
8006,866 Third Avenue,New York,NY,10022
8007,7900 International Drive,Bloomington,MN,55425
8008,115 West 30th Street,New York,NY,10001
8009,1905-2501 Plank Road,Fredericksburg,VA,22401
8010,4005-4019 South Old State Road 37,Bloomington,IN,47403
8011,5041 Ringwood Meadows,Sarasota,FL,34235
8012,"230, 306, 320 & 400 2nd Street South",Waite Park,MN,56387
8013,15222 JFK Boulevard,Houston,TX,77032
8014,"25, 35 & 45  Flagstick Lane and 50 & 60 Linkside Drive",Magnolia,DE,19962
8015,1300 West Belmont Street,Chicago,IL,60657
8016,50 Gibson Place,Freehold,NJ,07728
8017,751 Arkansas Highway 16 East,Siloam Springs,AR,72761
8018,14150 Tomball Parkway,Houston,TX,77086
8019,1744 Ella Lane,Howell,MI,48843
8020,3200 Bissonet Street,Houston,TX,77056
8021,2619-2795 Tapo Canyon Road,Simi Valley,CA,93065
8022,2335 Atkinson Road,Biloxi,MS,39531
8023,10320 Little Patuxent Parkway,Columbia,MD,21044
8024,22322 Gilberto,Rancho Santa Margarita,CA,92688
8025,2000-2046 45th Street,Highland,IN,46322
8026,64 Equinox Terrace,Manchester,VT,05255
8027,2514 SW Military Drive,San Antonio,TX,78224
8028,970-1138 West Valley Parkway,Escondido,CA,92025
8029,1620 South Padre Island Drive,Corpus Christi,TX,78416
8030,904 21st Street,Lincoln,IL,62656
8031,701 & 801 Charles Ewing Boulevard,Ewing,NJ,08628
8032,180 N. Michigan Avenue,Chicago,IL,60601
8033,900 David Court,Elizabethtown,KY,42701
8034,1300 & 1301 Southeast Kettlestone Boulevard,Waukee,IA,50263
8035,5602 Pacific Avenue,Tacoma,WA,98408
8036,3800 East Lombard Street,Baltimore,MD,21224
8037,3495 Deer Creek Road,Palo Alto,CA,94304
8038,8 Titleist Drive and 6124 Jack Drive,Salisbury,MD,21804
8039,901 - 1131 Avenue C,Denton,TX,76201
8040,1057-1059 Lexington Avenue,New York,NY,10021
8041,7122 Beverly Boulevard,Los Angeles,CA,90036
8042,311 North Riverpoint Boulevard,Spokane,WA,99202
8043,1 East Delaware Place,Chicago,IL,60611
8044,402 East 74th Street,New York,NY,10021
8045,12223-12273 Highland Avenue,Rancho Cucamonga,CA,91701
8046,366 Windsor Highway,New Windsor,NY,12553
8047,4340 13th Ave.,Fargo,ND,58103
8048,"300, 306, 308, 310, 314, 320, 324, 328, 330, 336, 342, 344, 348 & 380 South Twin Oaks Valley Road",San Marcos,CA,92078
8049,2101 Paces Ferry Road,Smyrna,GA,30080
8050,410-420 Tarrytown Road,White Plains,NY,10607
8051,3800 Greenway Circle,Lawrence,KS,66046
8052,20079 Stone Oak Parkway,San Antonio,TX,78258
8053,2851 Wallingford Drive,Houston,TX,77042
8054,5657 Baltimore National Pike and 808 Ingleside Avenue,Catonsville,MD,21228
8055,1144 West Prospect Road,Ashtabula,OH,44404
8056,17474-17568 Yorba Linda Boulevard,Yorba Linda,CA,92886
8057,7441 West Lake Mead Boulevard,Las Vegas,NV,89128
8058,4500 South Congress Avenue,Austin,TX,78745
8059,245-285 S. Palm Canyon Drive,Palm Springs,CA,92264
8060,"1375, 1385, 1405 East Main Street",El Cajon,CA,92021
8061,1691 Red Robin Road,Columbus,OH,43229
8062,2850 Red Hill Avenue,Santa Ana,CA,92705
8063,1337 South Washington Street,North Attleboro,MA,02760
8064,2900 Pike Street,Parkersburg,WV,26101
8065,300 East Prosser Road,Cheyenne,WY,82007
8066,991 South State Road 7,Plantation,FL,33317
8067,1775 Arriba Drive,Bullhead City,AZ,86442
8068,403-439 West Main Street,Merced,CA,95340
8069,5601 Duncan Road,Punta Gorda,FL,33982
8070,6310-6842 Telephone Road,Houston,TX,77087
8071,23423 US Highway 59,Houston,TX,77339
8072,4226 Desoto Avenue,Fort Myers,FL,33905
8073,1650 Elmwood Avenue,Brighton,NY,14618
8074,2601 West Oak Street,Denton,TX,76201
8075,2520 Southeast Stratus Avenue,Mcminnville,OR,97128
8076,4545 Chabot Drive,Pleasanton,CA,94588
8077,6622 Mineral Point Road,Madison,WI,53705
8078,655 Farmington Avenue,New Britain,CT,06053
8079,281 North Spring Street,Sparta,TN,38583
8080,9 Park Center Court,Owings Mills,MD,21117
8081,3115 Fry Road,Katy,TX,77449
8082,12810 Old Stage Road,Chester,VA,23836
8083,62880 West LaSalle Road,Montrose,CO,81401
8084,7601 North 9th Avenue,Pensacola,FL,32514
8085,3855 Blair Mill Rd,Horsham,PA,19044
8086,400 East 17th Street,Brooklyn,NY,11226
8087,1200-1258 Remington Road,Schaumburg,IL,60173
8088,1211 West College Avenue,Santa Rosa,CA,95401
8089,1363 West Pacheco Boulevard,Los Banos,CA,93635
8090,3000 Lakehaven Drive,Ann Arbor,MI,48104
8091,3333 Virginia Beach Boulevard,Virginia Beach,VA,23452
8092,9970-9996 Scripps Ranch Boulevard,San Diego,CA,92131
8093,268 West Lake Road,Canadice,NY,14471
8094,5509 Deauville Boulevard,Midland,TX,79706
8095,4206 West New Hope Road,Rogers,AR,72758
8096,50 Burnt Church Road,Bluffton,SC,29910
8097,222 Delaware Avenue,Wilmington,DE,19801
8098,13443 Rosecrans Avenue,Santa Fe Springs,CA,90670
8099,11320 Random Hills Road,Fairfax,VA,22030
8100,11550 Louetta Road,Houston,TX,77070
8101,11412 Northeast 49th Street,Vancouver,WA,98682
8102,2501 Seaport Drive,Chester,PA,19013
8103,2845 East Hatch Road,Ceres,CA,95307
8104,5830 North Clinton Street,Fort Wayne,IN,46825
8105,644 Valley Road,Montclair,NJ,07043
8106,1445 Towne Square Boulevard N.W.,Roanoke,VA,24012
8107,363 Ocean Parkway,Brooklyn,NY,11218
8108,14150 Vine Place,Cerritos,CA,90703
8109,1440 W.O. Ezell Boulevard,Spartanburg,SC,29301
8110,4800 Providence Park Drive,Charlotte,NC,28270
8111,4311 Central Avenue,Charlotte,NC,28205
8112,2480 South Glebe Road,Arlington,VA,22204
8113,933 West Belmont Avenue,Chicago,IL,60657
8114,100 Dorris Williams Industrial Drive,Villa Rica,GA,30180
8115,211 East Pleasant Street,Baltimore,MD,21202
8116,401 West Pine Avenue,Lompoc,CA,93436
8117,1779-1817 East Broadway Street,Oviedo,FL,32765
8118,220 Kentlands Blvd,Gaithersburg,MD,20878
8119,430 Drummond Street,Morgantown,WV,26505
8120,240-290 Eliot Street,Ashland,MA,01721
8121,630-644 West Chapman Boulevard,Placentia,CA,92870
8122,935 - 1385 Carraige Hill Lane,Hamilton,OH,45013
8123,2661 West McNabb Road,Pompano Beach,FL,33069
8124,10 Marshall Street,Hartford,CT,06105
8125,"36, 38, 70, 92 and 195 Westside Drive and 121-128 Blackhawk Road",Cullowhee,NC,28723
8126,4399 Aplicella Court,Manteca,CA,95337
8127,2821 West Horizon Ridge Parkway,Henderson,NV,89052
8128,525 West 238th Street,Riverdale,NY,10463
8129,6529 Stone Road,Port Richey,FL,34668
8130,1745 N. Wilcox Ave.,Los Angeles,CA,90028
8131,25335 Budde Road,Spring,TX,77380
8132,33 Le Count Place,New Rochelle,NY,10801
8133,12360-12430 Riverside Drive,Los Angeles,CA,91607
8134,10556 Marty Street,Overland Park,KS,66212
8135,1595 Boston Post Road,Milford,CT,06460
8136,19501 Statesville Road,Cornelius,NC,28031
8137,11120 International Drive,Rancho Cordova,CA,95670
8138,7402 - 7410 Hollister Avenue,Goleta,CA,93111
8139,130 North 56th Street,Mesa,AZ,85205
8140,6310 Lemmon Ave,Dallas,TX,75209
8141,101 West Broadway; 324 Horton Plaza,San Diego,CA,92101
8142,1250-1280 Maryland Avenue Southwest,Washington,DC,20024
8143,4505-4705 East Industrial Street,Simi Valley,CA,93063
8144,5609 Raby Road,Norfolk,VA,23502
8145,6917-6937 Arlington Road,Bethesda,MD,20814
8146,3254 Las Vegas Trail,Fort Worth,TX,76116
8147,933 North Hairston Road,Stone Mountain,GA,30083
8148,125 Westchester Avenue,White Plains,NY,10601
8149,150 South Magnolia Avenue,Anaheim,CA,92804
8150,1702 Summerfield Drive,Lebanon,TN,37087
8151,601-617 Ixoria Avenue,Fort Pierce,FL,34982
8152,NWC Bell Rd. & 83rd Ave.,Glendale,AZ,85306
8153,8320 South Pulaski Road,Chicago,IL,60652
8154,33 SW 2nd Avenue,Miami,FL,33130
8155,"2321, 2341, 2345, 2351 Sunset Boulevard",Rocklin,CA,95765
8156,3535 West Dunlap Avenue,Phoenix,AZ,85051
8157,42101 and 42105 North 41st Drive,Phoenix,AZ,85086
8158,3105 Edenborn Avenue,Metairie,LA,70002
8159,3500 Youngfield Street,Wheat Ridge,CO,80033
8160,3502 West Camelback Road,Phoenix,AZ,85019
8161,215 Dande Drive,Brandon,MS,39042
8162,4245 5th Avenue,Lake Charles,LA,70607
8163,31500 Northwestern Highway,Farmington Hills,MI,48334
8164,See Footnote (2),Eastchester,NY,10709
8165,2174 Sharp Court,Fern Park,FL,32730
8166,5800 Rodeo Road,Los Angeles,CA,90016
8167,75 Rancho Road,Thousand Oaks,CA,91362
8168,2412 West State Street,Alliance,OH,44601
8169,312 Second Street,Natchitoches,LA,71457
8170,103 West 23rd Street,Panama City,FL,32405
8171,5815 82nd,Lubbock,TX,79424
8172,4825 Sugarloaf Parkway,Lawrenceville,GA,30044
8173,1 Dillon Road,Hilton Head,SC,29926
8174,9910-9940 Wadsworth Parkway,Westminster,CO,80021
8175,8000-8008 Corporate Center Drive,Charlotte,NC,28266
8176,2655 West Farm Road 164,Springfield,MO,65807
8177,600 Enterprise Boulevard,Rockport,TX,78382
8178,5000 W. Sunset Blvd.,Hollywood,CA,90027
8179,2220-2234 West Park Row,Pantego,TX,76013
8180,3200 Braeburn Circle,Ann Arbor,MI,48108
8181,10 Neptune Boulevard,Neptune,NJ,07753
8182,3015 Highway 29 South,Alexandria,MN,56308
8183,6427-6541 Canton Center Road,Canton,MI,48187
8184,9202-9220 SW Barbur Boulevard,Portland,OR,97219
8185,1100 & 1200 Jadwin Avenue,Richland,WA,99352
8186,6500 Kansas Avenue,Kansas City,KS,66111
8187,150 North Grand Avenue,West Covina,CA,91791
8188,8140 Walnut Hill Lane,Dallas,TX,75231
8189,545 Goucher Street,Johnstown,PA,15905
8190,US Highway 501,Conway,SC,29526
8191,120-154 North Perry Road,Plainfield,IN,46168
8192,3080/3090 Voorhies Avenue and 3845/3855 Shore Parkway,Brooklyn,NY,11235
8193,1400 N. Germantown Parkway,Cordova,TN,38016
8194,"6630 South McCarran Boulevard, Building C",Reno,NV,89509
8195,1718-1720 Peachtree Street NW,Atlanta,GA,30309
8196,706 Dennis Street Southeast,Tumwater,WA,98501
8197,1177 South Norton Ave.,Los Angeles,CA,90019
8198,2855-2915 and 3333 South Congress Avenue,Delray Beach,FL,33445
8199,1300 West Belmont Avenue,Chicago,IL,60657
8200,898 Sepulveda Boulevard,Harbor City,CA,90710
8201,12630 Nettles Drive,Newport News,VA,23606
8202,299 Walker Road,Jackson,TN,38305
8203,114 West Magnolia Street,Bellingham,WA,98225
8204,US Route 1,Yarmouth,ME,04096
8205,10020-10070 Dorchester Road,Summerville,SC,29485
8206,10400 W. McDowell Road,Avondale,AZ,85323
8207,2541-2566 Redbud Lane,Lawrence,KS,66046
8208,12551-12561 Saticoy Street South,North Hollywood,CA,91605
8209,9605 Jefferson Highway,River Ridge,LA,70123
8210,5725 and 5727 Tibaron Lane,Toledo,OH,43615
8211,9867-9931 Magnolia Avenue,Riverside,CA,92503
8212,11500 West Olympic Blvd.,Los Angeles,CA,90064
8213,7612 Baca Lane,Santa Fe,NM,87507
8214,275 Commerce Drive,Fort Washington,PA,19034
8215,17600 Pearl Road,Strongsville,OH,44136
8216,2-20 and 24-30 Saddle Ridge Court,Wilmington,DE,19808
8217,7600 Stenton Avenue,Philadelphia,PA,19118
8218,2411 Alaskan Way,Seattle,WA,98121
8219,12665 Foothill Boulevard,Sylmar,CA,91342
8220,369 West Vine Street,Lexington,KY,40507
8221,731 South 4th Street,Las Vegas,NV,89101
8222,401 East Sligh Avenue,Tampa,FL,33604
8223,"5091, 5095, 5111, 5131 Kipling Street",Wheat Ridge,CO,80033
8224,1160-1170 Broadway (Rt. 1),Saugus,MA,01906
8225,12812 Old Glenn Highway,Eagle River,AK,99577
8226,6428 S. Hwy 85/87,Fountain,CO,80817
8227,1221-1245 Eastern Boulevard,Essex,MD,21221
8228,825 Johns Road,Boerne,TX,78006
8229,"1100 Walnut Street, 1110 Main Street, 1200 Grand Boulevard, 1211 Walnut Street, 1034 Main Street",Kansas City,MO,64105
8230,SWC of DeKalb Street and Campbell Street,Camden,SC,29020
8231,SWQ State Rt.42 and interstate 81,Woodstock,VA,22405
8232,310 Littleton Road,Westford,MA,01886
8233,1801 Broadacres Drive,Clementon,NJ,08021
8234,185 Asylum Street,Hartford,CT,06103
8235,160 Union Avenue,Memphis,TN,38103
8236,3001 North Thatcher Avenue,River Grove,IL,60171
8237,2365 Iron Point Road,Folsom,CA,95630
8238,3319 Avalon Street,Riverside,CA,92509
8239,1838 Greene Tree Road,Pikesville,MD,21208
8240,7453-7501 Linton Hall Road,Gainesville,VA,20155
8241,1305 North Commerce Drive,Saratoga Springs,UT,84043
8242,5202 Texana Drive,San Antonio,TX,78249
8243,1517 North Newhope Avenue,Santa Ana,CA,92703
8244,4000 - 4020 South 57th Avenue,Greenacres,FL,33463
8245,34125 US Highway 19 North,Palm Harbor,FL,34684
8246,Beacon Hill,Boston,MA,02114
8247,18156 Prairie Avenue,Torrance,CA,90504
8248,591 Camino De La Reina,San Diego,CA,92108
8249,10075 Philadelphia Drive,White Marsh,MD,21162
8250,12 Reads Way,New Castle Hundred,DE,19720
8251,250 East Wisconsin Avenue,Milwaukee,WI,53202
8252,200 & 250 Cochrane Road,Morgan Hill,CA,95037
8253,303 Southeast 17th Street,Ocala,FL,34471
8254,1515 South 1200 West,Ogden,UT,84404
8255,101 Harborside Avenue,Punta Gorda,FL,33950
8256,225 Meyer Street,Arvin,CA,93203
8257,4055 Austin Boulevard,Island Park,NY,11558
8258,345-357 South Main Street,Cheshire,CT,06410
8259,10329-10487 SW Cascade Boulevard,Tigard,OR,97223
8260,25114 Grogan's Mill Road,Spring,TX,77380
8261,6014 U.S. Highway 19,New Port Richey,FL,34652
8262,2449 McMullen Booth Road,Clearwater,FL,34695
8263,711 Navarro Street,San Antonio,TX,78205
8264,21480-21580 Yorba Linda Boulevard,Yorba Linda,CA,92887
8265,5800 Maudina Drive,Nashville,TN,37209
8266,29760-29764 Rancho California Road,Temecula,CA,92591
8267,4880 Highway 18 West,Jackson,MS,39202
8268,430 North McLean Boulevard,South Elgin,IL,60177
8269,736 South 900 East,St. George,UT,84790
8270,256 Ragland Road,Beckley,WV,25919
8271,7200 West Bell Road,Glendale,AZ,85308
8272,20 South Telegraph Road,Waterford,MI,48328
8273,29405 - 29499 Rancho California Road,Temecula,CA,92591
8274,1605 Olivenhain Road,Encinitas,CA,92024
8275,9301 Shirley Avenue,Northridge,CA,91324
8276,10101 Newport Sound Place,New Smyrna Beach,FL,32168
8277,1111 Route 73,Mount Laurel,NJ,08054
8278,6900 West Kellogg Drive,Wichita,KS,67209
8279,5180 and 5250 Medford Drive,Hoover,AL,35244
8280,926 Northeast Main Street,Simpsonville,SC,29681
8281,1600 S. Brahma Blvd,Kingsville,TX,78363
8282,2201-2241 Route 1,North Brunswick,NJ,08902
8283,317 SW Alder St & 529 SW 3rd Ave,Portland,OR,97204
8284,200 Goodman Road and 7090 Malco Boulevard,Southaven,MS,38671
8285,17954 FM 529,Houston,TX,77095
8286,888 Seventh Avenue,New York,NY,10106
8287,4831 Whittier Boulevard,Los Angeles,CA,90022
8288,1000 Commons Boulevard,Myrtle Beach,SC,29572
8289,401 Anderson Street,College Station,TX,77840
8290,2230 Eagle Creek Lane,Woodbury,MN,55129
8291,120 West Dobbins Road,Phoenix,AZ,85041
8292,7664-7668 West Lake Mead Boulevard,Las Vegas,NV,89128
8293,4040 E. Thomas Road,Phoenix,AZ,85018
8294,611 South Palm Canyon & 610 South Belardo Road,Palm Springs,CA,92264
8295,11020 Huebner Oaks,San Antonio,TX,78230
8296,2950 Waters Road Southwest,Atlanta,GA,30354
8297,247 E. 28th St.,New York,NY,10016
8298,906-952 N. Morton Avenue,Franklin,IN,46131
8299,320 North Park Vista Street,Anaheim,CA,92806
8300,2401 South Sante Fe Avenue,Los Angeles,CA,90058
8301,1100 Rabbit Run Circle,Ann Arbor,MI,48103
8302,244 Cordele Road,Albany,GA,31705
8303,312 Marshall Avenue,Laurel,MD,20707
8304,611 Degraw Street,Brooklyn,NY,11217
8305,1 West 4th Street,Cincinnati,OH,45202
8306,575 Broadway,New York,NY,10012
8307,4550 SW Murray Blvd.,Beaverton,OR,97005
8308,10 Corporate Circle,New Castle,DE,19720
8309,2600-2620 Commerce Drive,Libertyville,IL,60048
8310,405 Lexington Avenue,New York,NY,10174
8311,8390 South Dixie Highway,Miami,FL,33143
8312,2901 Eagle Drive,Woodstock,GA,30189
8313,20515 Highway 59 North,Humble,TX,77338
8314,90 Garth Road,Scarsdale,NY,10583
8315,3232 South Clifton Avenue,Wichita,KS,67216
8316,"79305, 79395 & 79405 Highway 111",La Quinta,CA,92253
8317,401 Route 73 North,Marlton,NJ,08053
8318,23550 North Lake Pleasant Parkway,Peoria,AZ,85383
8319,9211 East Independence Boulevard,Matthews,NC,28105
8320,2784 Milwaukee Road,Beloit,WI,53511
8321,3642-3664 West 9800 South Street,South Jordan,UT,84095
8322,500 Chapel Drive,Tallahassee,FL,32304
8323,1111 Prospect St.,La Jolla,CA,92037
8324,2201-2215 West Hillsboro Boulevard,Deerfield Beach,FL,33442
8325,100 Filbert Street,Oakland,CA,94595
8326,5615-5645 Hempstead Road & 2105-2109 Wightman,Pittsburgh,PA,15217
8327,3563 Philips Highway,Jacksonville,FL,32207
8328,1306 Cedarbrook Drive,Goshen,IN,46526
8329,1500 Richmond Road,Santa Paula,CA,93060
8330,200 Copperline Drive,Chapel Hill,NC,27516
8331,601 West Wenger Road,Englewood,OH,45322
8332,712 Windy Way,Newport News,VA,23602
8333,159 Plaza Drive,Forest City,NC,28043
8334,2100 College Drive,Baton Rouge,LA,70808
8335,320 Atlantic Avenue,East Rockaway,NY,11518
8336,6360 B Drive North,Battle Creek,MI,49014
8337,15630 Middlebury Drive,Dearborn,MI,48120
8338,1522 Pacheco Street,Santa Fe,NM,87501
8339,"818-826 Mahler Road, 1501-1545 Bayshore Hwy.",Burlingame,CA,94010
8340,200 North Luzerne Road,Queensbury,NY,12804
8341,21 Second Street Southwest,Rochester,MN,55903
8342,420 E Street,Boston,MA,02210
8343,3111 North St. Helena Highway,St. Helena,CA,94574
8344,8600 Allisonville Road,Indianapolis,IN,46250
8345,14141 Southwest Freeway,Sugar Land,TX,77478
8346,300 South Doheny Drive,Los Angeles,CA,90048
8347,201 Airside Drive,Danville,VA,24540
8348,2202 South Cedar Street,Tacoma,WA,98405
8349,431 St. James Avenue,Goose Creek,SC,29445
8350,286 New Portland Road,Gorham,ME,04038
8351,7 Great Jones Street,New York,NY,10012
8352,3268 and 3336 Progress Way,Wilmington,OH,45177
8353,11223 Highway 63 South,Lucedale,MS,39452
8354,5701 Tinker Diagonal,Midwest City,OK,73110
8355,8225 West McDowell Road,Phoenix,AZ,85035
8356,11411 West 183rd Street,Orland Park,IL,60467
8357,130 North Lakewood Road,Lake In The Hills,IL,60156
8358,515 North Lake Street,Madison,WI,53703
8359,8103 Bandera Road,San Antonio,TX,78250
8360,NWC 131st Street and Hazel Dell Parkway,Carmel,IN,46032
8361,4625 & 4635 West McDowell Road,Phoenix,AZ,85035
8362,32720 Grand River Avenue,Farmington,MI,48336
8363,501-513 E. National Avenue,Indianapolis,IN,46227
8364,63 Madison Avenue,New York,NY,10016
8365,915 South Brookhurst Street,Anaheim,CA,92804
8366,7509 State Road 52,Bayonet Point,FL,34667
8367,4101 East Baseline Road,Gilbert,AZ,85234
8368,7250 and 7300 Hudson Boulevard,Oakdale,MN,55128
8369,802 Crossgate Road,Port Wentworth,GA,31407
8370,2700 East 28th Street,Minneapolis,MN,55406
8371,3280 Gateway Street,Springfield,OR,97477
8372,10235 Colerain Avenue,Cincinnati,OH,45251
8373,149 East Gordon Lane,Murray,UT,84107
8374,1760-1790 Stringtown Road,Grove City,OH,43123
8375,8300 Cherry Avenue,Fontana,CA,92335
8376,2877-2883 Surveyor Street,Pomona,CA,91768
8377,3235 NW Plaza Street,Silverdale,WA,98383
8378,1301-1423 Nicolet Place,Detroit,MI,48207
8379,100 Chapel Lakes Drive,Wetumpka,AL,36092
8380,4375 Eastex Freeway,Jefferson,TX,77706
8381,9950 Westpark Drive,Houston,TX,77063
8382,115 East River Street,Savannah,GA,31401
8383,34 Peachtree Street,Atlanta,GA,30303
8384,17800 Southeast Stark Street,Portland,OR,97233
8385,4606 Westway Park Boulevard,Houston,TX,77041
8386,198 Maine Mall Road,South Portland,ME,04106
8387,4500 West Ann Lurie Place,Chicago,IL,60632
8388,6910 North Holmes Street,Gladstone,MO,64118
8389,2613-2617 Crawfordville Highway,Crawfordville,FL,32327
8390,8455 Crestway Road,Converse,TX,78109
8391,2415 - 2435 W. Bradley Avenue,Champaign,IL,61821
8392,350 Meijer Drive,Florence,KY,41042
8393,9045 W Indian School Road,Phoenix,AZ,85037
8394,100 River Bend Drive,West Columbia,SC,29169
8395,4991-4999 Longley Lane,Reno,NV,89502
8396,24 E. Santa Inez Avenue,San Mateo,CA,94401
8397,5040 Jackson Street,North Highlands,CA,95660
8398,309 Canal Street,New York,NY,10013
8399,302 West Bay Area Boulevard,Webster,TX,77598
8400,200 Crossing Boulevard,Bridgewater,NJ,08807
8401,4428 SE 44th St.,Oklahoma City,OK,73135
8402,1950 North Haggerty Road,Canton,MI,48187
8403,4809 West Waco Drive,Waco,TX,76710
8404,6471 Lone Tree Way and 2411-2415 Empire Avenue,Brentwood,CA,94513
8405,1155 35th Lane,Vero Beach,FL,32960
8406,1575 Pel Street,Orlando,FL,32826
8407,1809 and 1821 North Pointe Drive,Durham,NC,27705
8408,111 Ship Creek Avenue,Anchorage,AK,99501
8409,125 E. Main Street,Rochester,NY,14604
8410,225 Water Street,Binghamton,NY,13901
8411,2548 Camino Ortiz,Santa Fe,NM,87507
8412,19608 Liverpool Parkway,Cornelius,NC,28031
8413,5105-5127 Berwyn Road,College Park,MD,20740
8414,20 East Avenue,Lewiston,ME,04240
8415,15225-15237 Texaco Avenue,Paramount,CA,90723
8416,400 Columbus Avenue,Valhalla,NY,10595
8417,2035 E. Sherman Blvd.,Muskegon,MI,49444
8418,"2175 K Street, N.W.",Washington,DC,20037
8419,3211 North Monroe Street,Tallahassee,FL,32303
8420,2305-2421 East Bonanza Road,Las Vegas,NV,89101
8421,4602 and 4638 Campbell Street,Kansas City,MO,64110
8422,3451 South Dogwood Road,El Centro,CA,92243
8423,5805 E. Sam Houston Parkway North,Houston,TX,77049
8424,11500 Webb Bridge Way,Alpharetta,GA,30005
8425,12 Civic Center Plaza,Mankato,MN,56001
8426,2650 Lombardy Lane,Dallas,TX,75220
8427,501 Technology Center Drive,Stoughton,MA,02072
8428,5850-5995 North London Avenue,Kansas City,MO,64151
8429,"6001, 7003, 8200, 9200, 10200, 10204, 11003 Hampden Drive; 1200, 2002, 3200, 4200, 5100 Montjoy Way; 12002, 13002, 14002, 15002 Canter Trail; 16002, 17002 Amble Trail",Greenville,SC,29609
8430,1200 Skokie Boulevard,Northbrook,IL,60062
8431,42-95 Main Street,Flushing,NY,11355
8432,51 Stratford Road,Brooklyn,NY,11218
8433,2604 Airline Boulevard,Portsmouth,VA,23701
8434,577 Branchlands Boulevard,Charlottesville,VA,22901
8435,8901 - 9099 Metcalf Avenue,Overland Park,KS,66212
8436,807 Flame Circle,San Antonio,TX,78221
8437,2207 State Highway 35 Business North,Rockport,TX,78382
8438,3900 Cross Creek Road,Malibu,CA,90265
8439,22067 Ferrero Parkway,City Of Industry,CA,91789
8440,377 Keahole Street,Honolulu,HI,96825
8441,75 Old Broadway East,North Haven,CT,06473
8442,5828 Summer Avenue,Memphis,TN,38134
8443,4625 Clark Road,Sarasota,FL,34233
8444,5555 Golden Gate Parkway,Naples,FL,34116
8445,28 Diana Lane,Dracut,MA,01826
8446,5925 University Avenue,Cedar Falls,IA,50613
8447,7813-7833 Gall Boulevard,Zephyrhills,FL,33541
8448,1100 North Market Boulevard,Sacramento,CA,95834
8449,411 West Agency Road,West Burlington,IA,52655
8450,12903 Brant Rock Drive,Houston,TX,77082
8451,16400 Henderson Pass,San Antonio,TX,78232
8452,1440 Central Avenue,Albany,NY,12205
8453,26131 Dequindre Road,Madison Heights,MI,48071
8454,1300-1540 River Valley Boulevard,Lancaster,OH,43130
8455,3685 Houston Levee Road,Collierville,TN,38017
8456,2680 E. La Cadena Drive,Riverside,CA,92507
8457,7110 Ambassador Rd.,Baltimore,MD,21244
8458,128 The Parkway,Greenville,SC,29615
8459,1040 Henderson Drive,Jacksonville,NC,27540
8460,1110 Stafford Market Place,Stafford,VA,22556
8461,1237-1251 Parkway Place,Clarksville,TN,37040
8462,501 Maplewood Drive,Jupiter,FL,33458
8463,660 Maxey Road,Houston,TX,77013
8464,799 South Second St,Coshocton,OH,43812
8465,28901 Greenfield Road,Southfield,MI,48076
8466,5601  Eastgate Drive,San Diego,CA,92121
8467,8000 Eden Road,Eden Prairie,MN,55344
8468,415 South La Brea Avenue,Los Angeles,CA,90036
8469,9835 Goethe Road,Sacramento,CA,95827
8470,1985 North Pointe Meadow Drive,Lehi,UT,84043
8471,415 North State Highway 265,Branson,MO,65616
8472,9400 McKnight Road,Pittsburgh,PA,15237
8473,2800 Sprouse Drive,Richmond,VA,23231
8474,7626 East 21st Street,Tulsa,OK,74129
8475,34800 Moravian Drive,Sterling Heights,MI,48312
8476,1540  1588 1718 East March Lane and 5052 West Lane,Stockton,CA,95210
8477,1200-1220 North Columbia Center Boulevard; 7500 West Quinalt Avenue,Kennewick,WA,99336
8478,2310 E Highland Ave,Phoenix,AZ,85016
8479,13740 S. John Young Parkway,Orlando,FL,32837
8480,9897 West McDowell Road,Tolleson,AZ,85353
8481,3420 East Shea Boulevard,Phoenix,AZ,85028
8482,62880 West Lasalle Road,Montrose,CO,81401
8483,2331 Lakeview Drive,Erie,PA,16506
8484,1202-1220 West Boston Post Road,Mamaroneck,NY,10543
8485,33 Village Parkway,Circle Pines,MN,55014
8486,7700 Parkway Boulevard,Hudson,FL,34667
8487,788 Fairview Drive,Carson City,NV,89701
8488,14631 North Scottsdale Road,Scottsdale,AZ,85254
8489,655 Highway C,Moscow Mills,MO,63362
8490,9808 and 9868 Scranton Road,San Diego,CA,92121
8491,301 Tucker Lane,Cocoa,FL,32926
8492,416 North Citrus Road,Goodyear,AZ,85338
8493,715 West Harris Road,Arlington,TX,76001
8494,27577 Commerce Center Drive,Temecula,CA,92590
8495,247 West Dickson Avenue,San Antonio,TX,78214
8496,119 E. Casino Road,Everett,WA,98208
8497,1510-1540 Breezeport Way,Suffolk,VA,23435
8498,2150 North Josey Lane,Carrollton,TX,75006
8499,111 Coleman Boulevard,Pooler,GA,31408
8500,2721 Shattuck Avenue,Berkeley,CA,94705
8501,417 Comstock Avenue,Syracuse,NY,13210
8502,440 60th Street S.E.,Gaines Township,MI,49548
8503,121 Bearden Drive; 1096 Atlanta Road; 1101 Eastside Drive Southeast,Marietta,GA,30060
8504,21731 Ventura Boulevard,Woodland Hills,CA,91364
8505,850 Russell Avenue,Santa Rosa,CA,95403
8506,s/s NW 86th Str.,Oklahoma City,OK,73114
8507,525 East Midlothian Boulevard,Boardman Township,OH,44502
8508,26451 Camino De Vista,San Juan Capistrano,CA,92675
8509,3156-3160 Spring Street,Fairfax,VA,22031
8510,2888 Browns Bridge Road,Gainesville,GA,30502
8511,19-B Sheridan Park Circle,Bluffton,SC,29910
8512,7420 State Route 84,Davie,FL,33317
8513,345 West 58th Street and 30 West 60th Street,New York,NY,
8514,1880 Baltimore Reynoldsburg Road,Reynoldsburg,OH,43068
8515,2190 Memorial Drive,Clarksville,TN,37043
8516,2610 Marfitt Road,East Lansing,MI,48823
8517,6202 North Navarro Street,Victoria,TX,77904
8518,60 Troy Town Drive,Troy,OH,45373
8519,7115 & 7135 Bermuda Road,Las Vegas,NV,89119
8520,4100 West 34th Street,Houston,TX,77092
8521,2890 Hacienda Drive,Fayetteville,NC,28306
8522,420-426 South Alvarado Street,Los Angeles,CA,90057
8523,2301 Kent1132 &1430 Mesa 2520 Hagarty 1125 & 1135,Las Cruces,NM,88001
8524,27 NW Trinity Place,Portland,OR,97209
8525,63 Rocky Point Yaphank Road,Rocky Point,NY,11778
8526,150 East Houston Street,San Antonio,TX,78205
8527,2130 East Ledbetter Road,Dallas,TX,75216
8528,11801 High Tech Ave,Orlando,FL,32817
8529,505 Harris Trail Rd,Richmond Hill,GA,31324
8530,3614-3670 Rochester Road,Troy,MI,48083
8531,"1455 Broad Street and 200, 300, 400 Broadacres Drive",Bloomfield,NJ,07003
8532,24 Bellam Blvd.,San Rafael,CA,94901
8533,1125 Jupiter Park Drive,Jupiter,FL,33458
8534,620 Castle Road,Monroe,NC,28110
8535,400 North State College Boulevard,Orange,CA,92868
8536,2400 North Columbia Street,Milledgeville,GA,31061
8537,3730-3780 Sports Arena Boulevard & 4015-4065 Hancock Street,San Diego,CA,92110
8538,4102-10 Clark Avenue,Kansas City,MO,64111
8539,11950 North Bayshore Drive,North Miami,FL,33181
8540,11888 Old Hammond Highway,Baton Rouge,LA,70816
8541,165 Spooner Road,Quincy,FL,32351
8542,2152-2158 West Northwest Highway,Dallas,TX,75220
8543,500 Atlantic Avenue,Boston,MA,02210
8544,161 Venture Drive,Seaford,DE,19973
8545,2065 Hiline Road,Pocatello,ID,83201
8546,"1153, 1145, 1161 and 1129 North Fifth Street",Perkasie,PA,18944
8547,16 Hudson Street,New York,NY,10013
8548,13300 FM 620 North,Austin,TX,78717
8549,699 Kanawha Boulevard,Charleston,WV,25301
8550,223 Old Jackson Road & 3895 Beaseley Road,Madison,MS,39110
8551,900 East Golf Road,Cook,IL,60173
8552,201 East Berkley Avenue,Norfolk,VA,23523
8553,345 Saxony Road,Encinitas,CA,92024
8554,7507 Beach Boulevard,Jacksonville,FL,32216
8555,10350 NW 112th Avenue,Miami,FL,33178
8556,361-381 Forest Avenue,Laguna Beach,CA,92649
8557,5417 East 96th Place,Kansas City,MO,64137
8558,4421 and 4441 Six Forks Road,Raleigh,NC,27609
8559,2385 Cheltenham Avenue,Philadelphia,PA,19150
8560,149 Wilson Street,Middletown,PA,17057
8561,8228 Bronco Lane,San Antonio,TX,78227
8562,4101 Lake Boone Trail,Raleigh,NC,27607
8563,701 Woodlake Drive,Chesapeake,VA,23320
8564,1351 Baseline Road,Roseville,CA,95747
8565,26235 West Warren Street,Dearborn Heights,MI,48127
8566,3511 Victory Boulevard,Staten Island,NY,10314
8567,1060 South Main Street,Brigham City,UT,84302
8568,7325 N Keystone Ave,Indianapolis,IN,46240
8569,551 W Columbia Lane,Provo,UT,84604
8570,5010-5090 West Olive Avenue & 9007-9029 North 51st Avenue,Glendale,AZ,85302
8571,400 North 48th Street,Lincoln,NE,68504
8572,1426 Fillmore Street,San Francisco,CA,94115
8573,974 Veteran's Way,Redmond,OR,97756
8574,2010 Abbey Road,Norfolk,VA,23518
8575,4101 East Plano Parkway,Plano,TX,75074
8576,Clark Street,Cazenovia,NY,13035
8577,30 Federal Street,Boston,MA,02110
8578,1825 Heather Square,Rock Hill,SC,29732
8579,1200 US Highway 1,Big Coppitt Key,FL,33040
8580,6000 Quebec Street,Fort Worth,TX,76135
8581,4075 Cherokee Street Northwest,Kennesaw,GA,30144
8582,3094 Autumnwood Avenue,Memphis,TN,38115
8583,2110 Southeast J Street,Bentonville,AR,72712
8584,100 and 200 Hannover Park Road,Atlanta,GA,30350
8585,215-217 West Church Road,King of Prussia,PA,19406
8586,2891 Springdale Road,Atlanta,GA,30315
8587,8936 Calumet Avenue,Munster,IN,46321
8588,1 & 51-99 Roebling Court,Ronkonkoma,NY,11779
8589,5101 O'Bannon Drive,Las Vegas,NV,89146
8590,15894 19 Mile Road,Clinton Township,MI,48038
8591,9787 Charlotte Highway,Fort Mill,SC,29707
8592,4100-20 West Valley Boulevard,Pomona,CA,91789
8593,2455 & 2457 Ashley River Road,Charleston,SC,29414
8594,21 North Chatsworth Avenue,Larchmont,NY,10538
8595,6 Corporate Drive,Cranbury,NJ,08512
8596,3773 Howard Hughes Parkway,Las Vegas,NV,89109
8597,28345 Beck Road,Wixom,MI,48393
8598,1145 Broadway,Tacoma,WA,98402
8599,303-D Pebble Lane,Aiken,SC,29801
8600,3440 East Baseline Road,Mesa,AZ,85204
8601,701-707 Old Liverpool Road,Salina,NY,13088
8602,621 Memorial Drive,Red Bank,TN,37415
8603,338 Asylum Street,Hartford,CT,06103
8604,2233 Nostrand Avenue,Brooklyn,NY,11210
8605,355 Oro Dam Boulevard,Oroville,CA,95965
8606,32270 Telegraph Road,Bingham Farms,MI,48025
8607,43-01 21st Street,Long Island City,NY,11101
8608,103 West Commonwealth Boulevard,Martinsville,VA,24112
8609,8901 Page Avenue,Overland,MO,63114
8610,666 Fifth Avenue,New York,NY,10103
8611,4201 Valley Forge Road,Mt. Vernon,IL,62864
8612,133 Federal Street,Boston,MA,02110
8613,1223 St. Andrews Road,Columbia,SC,29210
8614,12001 Euclid Street,Garden Grove,CA,92840
8615,701 North Battlefield Boulevard,Chesapeake,VA,23320
8616,801-835 N. Tyndall Pkwy.,Callaway,FL,32401
8617,474 South Hunt Club  Boulevard,Altamonte Springs,FL,32703
8618,9151 N. 1200 West Road,Demotte,IN,46310
8619,3351 Turner Plaza Drive,Abilene,TX,79606
8620,551 Marshall Phelps Road,Windsor,CT,06095
8621,3435 Ocean Park Boulevard,Santa Monica,CA,90405
8622,3630 North Rancho Drive,Las Vegas,NV,89130
8623,17200 Royalton Road,Strongsville,OH,44136
8624,6550 First Park Ten,San Antonio,TX,78213
8625,2640 El Centro Road,Sacramento,CA,95833
8626,3304 Coit Road,Plano,TX,75023
8627,5200 US Highway 29 Business,Reidsville,NC,27320
8628,5800 Jefferson Highway,Elmwood,LA,70123
8629,800 N. Union Road,Englewood,OH,45322
8630,2-26 Purchase Street,Rye,NY,10580
8631,275 Perry Parkway,Perry,GA,31069
8632,3524 East Avenue R,Palmdale,CA,93550
8633,895 Spartan Boulevard,Spartanburg,SC,29301
8634,1500 NC Highway 39,Zebulon,NC,27597
8635,1715 Old Spanish Trail,Houston,TX,77054
8636,175 East 79th Street,New York,NY,10021
8637,1523 E McDowell Road,Phoenix,AZ,85006
8638,1625 South Arizona Avenue,Chandler,AZ,85248
8639,5950 State Bridge Road,Johns Creek,GA,30097
8640,5600 Northwest Central Drive,Houston,TX,77092
8641,4400 Connecticut Avenue,Washington,DC,20008
8642,240 Sparta Road,North Wilkesboro,NC,28659
8643,1870-1894 Stickney Point Road,Sarasota,FL,34231
8644,3380 Swenson Street,Las Vegas,NV,89169
8645,96280 David Hallman Parkway,Yulee,FL,32097
8646,14301-14459 North Dale Mabry Highway,Tampa,FL,33618
8647,2901-3001 West Commercial Boulevard,Fort Lauderdale,FL,33309
8648,250 & 300 South Edwards Boulevard,Lake Geneva,WI,53147
8649,12757 Coursey Boulevard,Baton Rouge,LA,70816
8650,4025 Hammond Avenue,Waterloo,IA,50702
8651,5555 West Loop South,Bellaire,TX,77401
8652,5748 Baltimore National Pike,Catonsville,MD,21228
8653,60 Compton Lane,Richland,WA,99352
8654,1503 & 1431 Sherwood Forest,Houston,TX,77043
8655,149 High street,Somersworth,NH,03878
8656,5601 Locke Avenue,Fort Worth,TX,76107
8657,6001 Randolph Road,San Antonio,TX,78233
8658,333 Laurel Street,Baton Rouge,LA,70801
8659,2833 E. Pikes Peak Ave,Colorado Springs,CO,80909
8660,"1930, 1940, 1960 Newbury Road",Newbury Park,CA,91320
8661,457 State Route 146,Guilderland Center,NY,12085
8662,4951 Stelton Road,South Plainfield,NJ,07080
8663,1555-1559 Scott Road,Burbank,CA,91504
8664,1350-1358 Dorchester Avenue,Dorchester,MA,02122
8665,3613-3623 Eastham Drive & 8437-8445 Warner Drive,Los Angeles,CA,90232
8666,"36-44, 48, 81, 83, and 96 RHL Boulevard",South Charleston,WV,25309
8667,605 Selig Drive Southwest,Atlanta,GA,30336
8668,2641 Bailey Road,Amelia Island,FL,32034
8669,1565 North Dixie Highway,Monroe,MI,48162
8670,1541 Bulldog Lane,Fresno,CA,93710
8671,7380 South Eastern Blvd,Las Vegas,NV,89123
8672,6421 North Davis Highway,Pensacola,FL,32504
8673,4440 Roanoke Parkway,Kansas City,MO,64111
8674,1201 & 1235 Radio Road,Redwood Shores,CA,94063
8675,1051 South Falkenburg Road,Tampa,FL,33619
8676,920 South Washington Avenue,Lansing,MI,48910
8677,2501 Texas Avenue South,College Station,TX,77840
8678,12300 & 12301 Osborne Place,Pacoima,CA,91331
8679,3100 Camino Del Rio Court,Bakersfield,CA,93308
8680,4883 Douglas Corrigan Way,Salt Lake City,UT,84116
8681,13653 Lee Jackson Memorial Highway,Chantilly,VA,20151
8682,2236 Plaster Road,Atlanta,GA,30345
8683,560 Scott Avenue,Farmington,NM,87401
8684,2000-2004 Sproul Road,Broomall,PA,19008
8685,4600 South Medford Drive,Lufkin,TX,75901
8686,4540 Mission  Bay Drive,San Diego,CA,92109
8687,1756 South Clyde Morris Boulevard,Daytona,FL,32119
8688,9999 Walnut Street,Dallas,TX,75243
8689,749 Citadel Road,Orangeburg,SC,29118
8690,810 Bienville Street,New Orleans,LA,70112
8691,525 South Flagler Drive,West Palm Beach,FL,33401
8692,3747 Moss St.,Lafayette,LA,70507
8693,2209 Niagara Street,Buffalo,NY,14207
8694,4801 Sheboygan Avenue,Madison,WI,53705
8695,203-205 Hull Street,Richmond,VA,23224
8696,521-525 East Cooper Avenue,Aspen,CO,81611
8697,3071 Williams Road,Columbus,GA,31909
8698,1611 South Galena Street,Denver,CO,80231
8699,2100 NE 162nd St,North Miami Beach,FL,33162
8700,5955 Edinburgh Street,Canton,MI,48187
8701,1440 West Indiantown Road,Jupiter,FL,33458
8702,704 West Jefferson,Dallas,TX,75208
8703,1790 Presidential Circle & 1608 Tree Lane,Snellville,GA,30078
8704,1955 West New Haven Avenue,Melbourne,FL,32904
8705,1900 Artesia Boulevard,Torrance,CA,90504
8706,"13540, 13550 and 13598 Minnieville Road",Woodbridge,VA,22192
8707,458 Virginia Avenue,Tifton,GA,31794
8708,81 Gallahad Way,Bozeman,MT,59718
8709,7900-7975 Sunrise Blvd. & 6302-6434 Greenback Lane,Citrus Heights,CA,95610
8710,1040-1090 State Route 35,Middletown,NJ,07748
8711,80 West 40th Street,New York,NY,10018
8712,1225 South State College Boulevard,Anaheim,CA,92806
8713,2490 South Woodworth Loop,Palmer,AK,99645
8714,14560 Lee Road,Chantilly,VA,20151
8715,"735, 747 & 795 West Fallbrook Street",Fallbrook,CA,92028
8716,4808 Davis Boulevard,North Richland Hills,TX,76180
8717,3300 Voight Boulevard,San Angelo,TX,76905
8718,2445 East Baseline Road,Phoenix,AZ,85042
8719,4885 Riverside Drive,Macon,GA,31210
8720,8250 Foothill Blvd.,Sunland,CA,91040
8721,1633 Route 27,Franklin,NJ,08873
8722,7957 Church Avenue,Highland,CA,92346
8723,6900-7100 Santa Fe Avenue,Huntington Park,CA,90025
8724,3839 Gannon Lane,Dallas,TX,75237
8725,665 Thwaites Place,Bronx,NY,10604
8726,22290 Exploration Drive,Lexington Park,MD,20653
8727,880 Seven Hills Drive,Henderson,NV,89052
8728,11038-11051 Arminta Street,Sun Valley,CA,91352
8729,1916 Coliseum Drive,Hampton,VA,23666
8730,9089 Fair Oaks Parkway,Fair Oaks,TX,78015
8731,1177 Camelback Street,Newport Beach,CA,92660
8732,3050 NW Stucki PIace,Hillsboro,OR,97124
8733,6442 North 76th Street,Milwaukee,WI,53223
8734,2401 East Katella Avenue,Anaheim,CA,92806
8735,4500 - 4650 South Damen Avenue,Chicago,IL,60609
8736,15557-15609 West Bell Road,Surprise,AZ,85374
8737,141-145 South Street,West Hartford,CT,06110
8738,3144 Chateau Boulevard,East Point,GA,30344
8739,1008 Ranch Road 620 South,Lakeway,TX,78734
8740,5500 Carlisle Pike,Mechanicsburg,PA,17050
8741,1777 West Hi-Point Drive,Center Township,IN,46350
8742,28500 Overseas Highway,Little Torch Key,FL,33042
8743,10321-10950 72nd Street,Pinellas Park,FL,33777
8744,1263-1380 Eldorado Street,Boise,ID,83704
8745,121 West Esplanade Avenue,Kenner,LA,70065
8746,2400 Vanderbilt Beach Road,Naples,FL,34109
8747,5250 Beechmont Avenue,Cincinnati,OH,45230
8748,120 East Kensinger Drive,Cranberry Township,PA,16046
8749,2950 Colorful Avenue,Longmont,CO,80503
8750,105 Heritage Riverwood Drive,Central,SC,29630
8751,"225, 227, and 233 Oak Grove St.",Minneapolis,MN,55403
8752,45 Kew Gardens Road,Kew Gardens,NY,11415
8753,12323 120th Place NE,Kirkland,WA,98034
8754,13063 County Line Road,Spring Hill,FL,34609
8755,17370-17390 North Laurel Park Drive,Livonia,MI,48152
8756,6300 - 6350 North Powerline Road,Ft. Lauderdale,FL,33309
8757,522 West 38th Street,New York,NY,10018
8758,"3449, 3291-3311, 3223-3243 Lincoln Highway",Thorndale,PA,19372
8759,5160 Ashley Phosphate Road,North Charleston,SC,29406
8760,14379-14425 Pearl Road,Strongsville,OH,44136
8761,1968 Veteran's Highway,Islandia,NY,11749
8762,1500 Miracle Strip Parkway,Fort Walton Beach,FL,32458
8763,1731-1759 Bowling Avenue,Taylorsville,UT,84119
8764,23 Route 31 North; 2 Tree Farm Road,Pennington,NJ,08534
8765,301 West Lombard Street,Baltimore,MD,21201
8766,8610 Firestone Boulevard,Downey,CA,90241
8767,1401 Walnut Street,Philadelphia,PA,19102
8768,379 Main Street,Waterville,ME,04901
8769,4520 Shelbyville Road,Louisville,KY,40207
8770,"2350, 2500 & 2600 Green Road",Ann Arbor,MI,48105
8771,9645 Meadowlark Court,Freeland,MI,48623
8772,14-59 Beach Channel Drive,Far Rockaway,NY,11691
8773,2112 & 2300-2304 Riverside Drive,Richmond,VA,23225
8774,"781 & 793 Palmer Road, 809 a/k/a 811 Palmer Road",Yonkers,NY,10708
8775,7815 Coley Davis Road,Nashville,TN,37221
8776,"417 Village Drive, 419 Village Drive, 3 Alexandra Court",Carlisle,PA,17015
8777,1438 Camino del Mar,Del Mar,CA,92014
8778,30 East Simpson Street,Mechanicsburg,PA,17055
8779,471-475 Eccles Avenue,South San Francisco,CA,94080
8780,3470 & 3480 Volunteer Boulevard,Henderson,NV,89044
8781,27181 Euclid Avenue,Euclid,OH,44132
8782,3011-3099 William Penn Highway,Easton,PA,18045
8783,4630 Forge Road,Colorado Springs,CO,80907
8784,1421 North University Avenue,Little Rock,AR,72207
8785,555 Shore Road,Somers Point,NJ,08244
8786,10540-10626 York Road,Cockeysville,MD,21030
8787,15-45 Elam Street,New Britain,CT,06053
8788,508 East Main Street,Clute,TX,77531
8789,833 Phillips Road,Victor,NY,14564
8790,255 Primera Boulevard,Lake Mary,FL,32746
8791,10201 Harwin Drive,Houston,TX,77036
8792,14018 Brookgreen Drive,Dallas,TX,75240
8793,239 and 241 Marich Lane,Boone,NC,28607
8794,36-38 State Street,Portland,ME,04101
8795,1940-50 W. Indian School Rd.,Phoenix,AZ,85015
8796,1145 & 1171 South Victoria Avenue,Ventura,CA,93003
8797,4901 Lonas Road,Knoxville,TN,37909
8798,505 Black Horse Pike,Pleasantville,NJ,08232
8799,41555 Cook Street,Palm Desert,CA,92211
8800,2000-2300 North Flamingo Rd.,Pembroke Pines,FL,33028
8801,400-530 East Washington Boulevard,Los Angeles,CA,90015
8802,2791 Castle Bluff Court,Kentwood,MI,49512
8803,4300 Green River Road,Corona,CA,92880
8804,333 East Brooks Street,Norman,OK,73069
8805,2100 North Park Road,Connersville,IN,47331
8806,3533 Willow Avenue,White Bear Lake,MN,55110
8807,16201 El Camino Real,Houston,TX,77062
8808,3230 Buford Drive,Buford,GA,30519
8809,"1020, 1030 and 1040 Winding Creek Road",Roseville,CA,95678
8810,498 Mountain Village Road,Macungie,PA,18062
8811,1322 3rd Street Promenade,Santa Monica,CA,90404
8812,8055 North State Road 9,Howe,IN,46746
8813,1336 Hansel Drive,Florence,KY,41042
8814,2016 Riverside Drive,Los Angeles,CA,90039
8815,3907 Shore Parkway,Brooklyn,NY,11235
8816,55 Quaker Avenue,Cornwall,NY,12518
8817,123 Jones Street,Hamlet,NC,28345
8818,1111 N.Ponce De Leon Blvd.,St. Augustine,FL,32084
8819,18603 Kuykendahl Road,Spring,TX,77379
8820,6214 US Highway 98N,Lakeland,FL,33809
8821,1728 and 1762 South Greenfield Road,Mesa,AZ,85026
8822,1895 Sidewinder Drive,Park City,UT,84060
8823,226 Doctor Claassen Way,Woodland,CA,95776
8824,17651 N. Biscayne Blvd.,Aventura,FL,33160
8825,52 West Birdie Lane,Magnolia,DE,19962
8826,9777 West Gulf Bank Road,Houston,TX,77040
8827,5103 Plaza Drive,Hopewell,VA,23860
8828,4700 Millhaven Road,Monroe,LA,71203
8829,174 McHenry Road,Buffalo Grove,IL,60089
8830,23832 Rockfield Blvd.,Lake Forest,CA,92630
8831,9300 Glen Ellyn Lane,Boise,ID,83704
8832,216 16th Street,Denver,CO,80202
8833,54 Quay Court,Sacramento,CA,95831
8834,6250 NW 23rd Street,Gainesville,FL,32653
8835,1351 East Pepper Drive,El Cajon,CA,92021
8836,1155 Ocean Avenue,Brooklyn,NY,11230
8837,3661 North Decatur Road,Decatur,GA,30032
8838,525 Seventh Avenue,New York,NY,10018
8839,285 West California Avenue,Pasadena,CA,91105
8840,5501-5525 South Santa Fe Avenue,Vernon,CA,90058
8841,9059-9061 Sutphin Boulevard,Jamaica,NY,11435
8842,17937-17947 Interstate Highway 45,Shenandoah,TX,77385
8843,96 Cross Street,Naugatuck,CT,06770
8844,4910 Dyer Boulevard,West Palm Beach,FL,33407
8845,3880 Lake Arrowhead Avenue,Fremont,CA,94555
8846,3404 - 3500 Main Street,Merrill,WI,54452
8847,5057 West 4th Street,Hattiesburg,MS,39402
8848,3045 North Fifth Street Highway,Muhlenberg,PA,19605
8849,220-380 Strawberry Meadows / 709 E Meadow,Springdale,AR,72764
8850,5610-5700 Scoville Street,Baileys Crossroads,VA,22041
8851,1101 Southwest Parkway,College Station,TX,77840
8852,3545 Cray Court,La Jolla,CA,92121
8853,15126-15132 Roscoe Boulevard,Van Nuys,CA,91402
8854,"328, 330, 332 and 334 West 17th Street",New York,NY,10011
8855,9855 Regency Square Blvd,Jacksonville,FL,32225
8856,701-731 Airport Drive,Bakersfield,CA,93308
8857,456 East Mission Road,San Marcos,CA,92079
8858,220 and 420 Martin Luther King Jr. Parkway South,Phenix City,AL,36869
8859,212 West 7th Street,Richmond,VA,23224
8860,841 South Serrano Avenue,Los Angeles,CA,90005
8861,6555 Sierra Drive,Irving,TX,75039
8862,160-170 Concord Street,Nashua,NH,03064
8863,9720 West Dodge Road,Omaha,NE,68114
8864,2050 West Peterson Avenue,Chicago,IL,60659
8865,653 Monument Road,Jacksonville,FL,32225
8866,1223-1231 North Road,Niles,OH,44446
8867,9860-9972 Liberia Avenue and 10055-10017 Wellington Road,Manassas,VA,20110
8868,1624-1650 East State Road 44,Shelbyville,IN,46176
8869,2022 Powers Ferry Road,Atlanta,GA,30339
8870,"2301, 2319-2325 & 2341 East Colfax Avenue",Denver,CO,80206
8871,228 East 116th Street,New York,NY,10029
8872,5610 - 5620 Welland Ave and 5633 Santa Anita Ave,Temple City,CA,91780
8873,14655 & 14725 SW 72nd Avenue,Tigard,OR,97224
8874,37600 Filbert Street,Newark,CA,94560
8875,1830 Scenic Highway,Snellville,GA,30078
8876,1266 East Main Street,Stamford,CT,06902
8877,825 W. Avenue L-12,Lancaster,CA,93534
8878,1111 Lowe-Grout Rd.,Iowa,LA,70647
8879,3200 West Route 70,Cherry Hill,NJ,08002
8880,451-465 Canyon Del Rey Road,Del Rey Oaks,CA,93940
8881,2324 East Old Shakopee Road,Bloomington,MN,55420
8882,241 Lovers Lane,Charlestown,NH,03603
8883,8435 Stemmons Freeway,Dallas,TX,75247
8884,26 River Street,Cortland,NY,13045
8885,927 Battlefield Boulevard North,Chesapeake,VA,23320
8886,2261 Edgewood Avenue,Jacksonville,FL,32254
8887,445 East Lake Street,Wayzata,MN,55391
8888,200 Campus Drive,Somerset,NJ,08873
8889,Wilmot Road,Scarsdale & New Rochelle,NY,10583
8890,10105 Kempwood Drive,Houston,TX,77080
8891,2200 Tracery Oaks Drive,Lexington,KY,40513
8892,7733 First Ave North,Birmingham,AL,35206
8893,201 FM 1821,Mineral Wells,TX,76067
8894,7795 Neptune Drive,Huntington Beach,CA,92648
8895,2330 East 3300 South and 3305 South 2300 East,Millcreek,UT,84109
8896,2535 Battlefield Parkway,Fort Oglethorpe,GA,30742
8897,77 West Street,Annapolis,MD,21401
8898,2381 Philmont Avenue,Huntingdon Valley,PA,19006
8899,6800 Pittsford-Palmyra Road,Perinton,NY,14450
8900,5281 East Forest Edge Drive,Columbus,OH,43230
8901,1040 Sherman Street,San Diego,CA,92110
8902,75 Ontario Street,Norwalk,OH,44857
8903,"908-916 Eastern Avenue, NE",Washington,DC,20019
8904,5221 West University Blvd.,Jacksonville,FL,32216
8905,219-229 S. 18th Street,Philadelphia,PA,19103
8906,NE Corner of Gilead Road and Statesville Rd.,Huntersville,NC,28078
8907,241 Southwest Cutoff,Northborough,MA,01532
8908,190 East Mosholu Parkway South,Bronx,NY,10458
8909,638-848 Edelweiss Village Parkway and 1275 West Main Street,Gaylord,MI,49735
8910,15 South Grady Way,Renton,WA,98055
8911,10203 Santa Monica Boulevard,Los Angeles,CA,90025
8912,610 Walton Avenue,Hummelstown,PA,17036
8913,1511 Metric Blvd.,Austin,TX,78758
8914,1139-49 East Main Street,Ravenna,OH,44266
8915,27201 Tourney Road,Santa Clarita,CA,91355
8916,44 & 55 Market Place,Baltimore,MD,21202
8917,13320 Ballantyne Corporate Place,Charlotte,NC,28277
8918,9-13 Elm Street,Westfield,NJ,07090
8919,800 16th Street,Washington,DC,20006
8920,"8864, 8876, and 8924 E. Pinnacle Peak Road",Scottsdale,AZ,85255
8921,44 Campanelli Parkway,Stoughton,MA,02072
8922,8461-8531 Church Ranch Blvd. & 10128 North Wadsworth Parkway,Westminster,CO,80021
8923,3800 West Happy Valley Road,Glendale,AZ,85310
8924,127-137 8th Avenue,New York,NY,10011
8925,2400 Hudson Avenue,Fort Lee,NJ,07024
8926,4422 Dupont Ct. & 4400 McGrath St.,Ventura,CA,93003
8927,5651 Copley Dr.,San Diego,CA,92111
8928,1600 Gateway Blvd.,Fairfield,CA,94533
8929,"1 Wild Turkey Way, 3 Wild Turkey Way, 2 Charmonix Drive, 105-137 Wheatsworth Road, and 14-146 Route 23",Hamburg,NJ,07419
8930,6401 Central Ne,Albuquerque,NM,87108
8931,3530 East Pike,Zanesville,OH,43701
8932,4 West University Parkway,Baltimore,MD,21218
8933,140 Morgan Drive,Norwood,MA,02062
8934,18340 & 18460 NE 76th Street,Redmond,WA,98052
8935,211 W. Main Street,Carpentersville,IL,60110
8936,SW Corner Bell Road and Seventh Street,Phoenix,AZ,85022
8937,5151-5171 Glenwood Avenue,Raleigh,NC,27612
8938,505 South Mountain Avenue,Ontario,CA,91762
8939,100 Hamilton Plaza,Paterson,NJ,07505
8940,4339 & 4345 East Imperial Highway,Lynwood,CA,90262
8941,1025-69 East 9th Street,Lockport,IL,60441
8942,1475 Holcomb Bridge Road,Roswell,GA,30076
8943,800 Research Road,North Chesterfield,VA,23236
8944,4301 West 51st Street,Amarillo,TX,79109
8945,1155 Brewery Park Ave,Detroit,MI,48226
8946,1975 North Main Street,Bluffton,IN,46714
8947,17858-17930 Cottonwood Drive,Parker,CO,80134
8948,101 West Avenue,Jenkintown,PA,19046
8949,10950 N. La Canada Drive,Tucson,AZ,85737
8950,4530 Wisconsin Avenue NW,Washington,DC,20016
8951,10960 Beach Boulevard,Jacksonville,FL,32246
8952,4910 San Bernardo Avenue,Laredo,TX,78041
8953,840 West Long Lake Road,Troy,MI,48098
8954,215 Mountain Avenue,Hackettstown,NJ,07840
8955,939 River Road,Edgewater,NJ,07020
8956,9435 Delegates Drive,Orlando,FL,32837
8957,"2-18 East Lancaster Avenue, 1-3 South Valley Road",Paoli,PA,19301
8958,1601 Creekside Drive,Madera,CA,93638
8959,16311 Stagg Street,Van Nuys,CA,91406
8960,6995 West Dewey Drive,Las Vegas,NV,89113
8961,12125 High Tech Avenue,Orlando,FL,32817
8962,196 Patriots Point Road,Mt. Pleasant,SC,29464
8963,7739 State avenue,Kansas City,KS,66112
8964,116-118 E. Franklin Street,Richmond,VA,23219
8965,1542 East Pierson Road,Flushing,MI,48433
8966,11924 South Main Street,Los Angeles,CA,90061
8967,1261 LaVista Road NE,Atlanta,GA,30324
8968,6330 West Loop South,Bellaire,TX,77401
8969,496 Long Pond Road and Cedarfield Commons,Rochester,NY,14612
8970,1229 Harmon Place,Minneapolis,MN,55403
8971,1235 East Mulberry Avenue,San Antonio,TX,78209
8972,5000 South 107th Street,Greenfield,WI,53228
8973,359 Gateway Drive,Lavonia,GA,30553
8974,700 Division Street,Harrisburg,PA,17110
8975,"10346, 10348, 10350 and 10352 East US Highway 36",Avon,IN,46123
8976,709 South Harbor City Boulevard,Melbourne,FL,32901
8977,3280 Berlin Turnpike,Newington,CT,06111
8978,Country Club Road & Peace Haven Road,Winston-Salem,NC,27104
8979,4700 Congress Avenue,West Palm Beach,FL,33407
8980,1500 East Franklin Street,Chapel Hill,NC,27514
8981,141 North Broadway,White Plains,NY,10603
8982,2620 West International Speedway Blvd,Daytona Beach,FL,32114
8983,20-52 Oakville Court & 100-368 Oakville Drive,Pittsburgh,PA,15520
8984,755 Sierra Vista Drive,Las Vegas,NV,89169
8985,50 South B.B. King Boulevard,Memphis,TN,38103
8986,40 Saw Mill River Road,Hawthorne,NY,10532
8987,140 Leader Heights Road,York,PA,17403
8988,231-235 Park Drive,Boston,MA,02139
8989,6445 Greene Street,Philadelphia,PA,19119
8990,4802 Frienship Road,Buford,GA,30518
8991,13275 South Minuteman Drive,Draper,UT,84020
8992,7755 Jericho Turnpike,Woodbury,NY,11797
8993,5600 West 4100 South,West Valley City,UT,84128
8994,15 Woodhill Drive,Springboro,OH,45066
8995,990 Hilton Heights Road,Charlottesville,VA,22901
8996,611 East Woodbright Road,Boyton Beach,FL,33435
8997,2811 Bay Area Blvd.,Houston,TX,77058
8998,245 East 24th Street,New York,NY,10010
8999,800 Loudon Road,Colonie,NY,12211
9000,618 East South Street,Orlando,FL,32801
9001,17 GoodFriend Drive,East Hampton,NY,11937
9002,901 South Crowley Road,Crowley,TX,76036
9003,3541 Peerless Place,El Paso,TX,79925
9004,2555 Price Street,Pismo Beach,CA,93449
9005,7215-7219 Fairmont Parkway,Pasadena,TX,77505
9006,1373 Mahoning Ave. N.W.,Warren,OH,44483
9007,264 Lexington Avenue,New York,NY,10016
9008,1120 West La Palma Avenue,Anaheim,CA,92801
9009,2700 Perkins Road South,Memphis,TN,38118
9010,25115 - 25175 Madison Avenue,Murrieta,CA,92562
9011,1606 IH 35 Frontage Road,San Marcos,TX,78666
9012,100 Swift Boulevard,Goose Creek,SC,29445
9013,4365 Executive Drive,San Diego,CA,92121
9014,121 Medical Center Drive,Brunswick,ME,04011
9015,5401 Virginia Regional Drive,Suffolk,VA,23434
9016,6341 Tacoma Drive,Port Richey,FL,34668
9017,20250 Highway 18,Apple Valley,CA,92307
9018,101 South Tryon Street,Charlotte,NC,28280
9019,1550 Highway 15 South,Jackson,KY,41339
9020,2436 Interstate Highway 35 East,Denton,TX,76205
9021,149 W Hendry Street,Hinesville,GA,31313
9022,20505 Rand Road,Kildeer,IL,60047
9023,337 Russell Street,Hadley,MA,01035
9024,5829 Montgomery Street,Riverside,CA,92503
9025,445 South Alvernon Way,Tucson,AZ,85711
9026,411 Gibbsboro Road,Lindenwold,NJ,08021
9027,850 Hartford Turnpike,Waterford,CT,06385
9028,1960 US Highway 70 Southeast,Hickory,NC,28602
9029,"43-67, 81, 101-103 W. Cheltenham Ave.; 7400, 7406, 7408, 7435 Front St.",Cheltenham Township,PA,19012
9030,4858 South 78th East Place,Tulsa,OK,74145
9031,201 South Washington Street,Fredericksburg,TX,78624
9032,2470 Daniell's Bridge Road,Athens,GA,30606
9033,8940 Colonial Road,Brooklyn,NY,11209
9034,557 Englishtown Road,Monroe Township,NJ,08831
9035,"6155 Eastex Freeway, Eastex Freeway & Dowlen Road",Beaumont,TX,77706
9036,10211 S.E. 256th Street,Kent,WA,98032
9037,1530 East Glenn Avenue,Auburn,AL,36832
9038,17661-17671 Cowan Avenue,Irvine,CA,92614
9039,10620 Emmett F. Lowry Expressway,Texas City,TX,77591
9040,895 Broadway,New York,NY,10003
9041,660 West 178th Street,New York,NY,10033
9042,4230-4354 Redondo Beach Boulevard and 17216-17270 Hawthorne Boulevard,Torrance,CA,90504
9043,210 Allegheny Avenue,Towson,MD,21204
9044,10559 Professional Circle,Reno,NV,89521
9045,2211 Norfolk Street,Houston,TX,77098
9046,7800 West Airport Boulevard,Houston,TX,77071
9047,4701 Lawerence Street,North Las Vegas,NV,89031
9048,14421 Borrego Road,Victorville,CA,92392
9049,303 Northwest Loop 410,San Antonio,TX,78216
9050,11651-11663 Santa Monica Boulevard,Los Angeles,CA,90025
9051,1900 South Missouri Avenue,Casper,WY,82609
9052,9530-9620 Colerain Avenue,Colerain Township,OH,45251
9053,101 Montelago Boulevard,Henderson,NV,89011
9054,2801-2805 West Truman Boulevard,Jefferson City,MO,65109
9055,2200 Defense Highway,Crofton,MD,21114
9056,5263 University Way Northeast,Seattle,WA,98105
9057,1925 Lawrence Road,Havertown,PA,19083
9058,3422-3488 Emmorton Road,Abingdon,MD,21009
9059,6916-6920 Aragon Circle,Buena Park,CA,90620
9060,15300 Kuykendahl Road,Houston,TX,77090
9061,724 Pine Street,Seattle,WA,98101
9062,2081 Griffin Road,Dania Beach,FL,33312
9063,727 Craig Road,Creve Coeur,MO,63141
9064,901 NE Glisan Street,Portland,OR,97232
9065,3800-3870 La Sierra Avenue,Riverside,CA,92505
9066,108 Joiner Parkway,Lincoln,CA,95648
9067,400 South 4th Street,Las Vegas,NV,89101
9068,535-539 Chestnut St. 88-106 110-118 Pearl St. 500 & 502 Pine St.,Manchester,NH,03101
9069,107 John Street,Southport,CT,06890
9070,6525 Chancellor Drive,Cedar Falls,IA,50613
9071,168 Business Park Drive,Virginia Beach,VA,23462
9072,"10-17, 20-27, 30-37 Turtle Rock Court",New Paltz,NY,12561
9073,26 Kennedy Boulevard,East Brunswick,NJ,08816
9074,4001 East Colonial Drive,Orlando,FL,32803
9075,6030 Piedmont Row Drive South,Charlotte,NC,28210
9076,749 20th Street S.E.,Cleveland,TN,37311
9077,"12601, 12607, 12615 Artesia Boulevard",Cerritos,CA,90703
9078,687 W. 18th Street,Costa Mesa,CA,92627
9079,76-80 Court Street,Brooklyn,NY,11201
9080,244-248 West 14th Street,New York,NY,10011
9081,500 Highway 199 E,Springtown,TX,76082
9082,209 Elden Street,Herndon,VA,22070
9083,11023 Elmtree Park Drive,Indianapolis,IN,46229
9084,688 Jackson Road,Dunn,NC,28334
9085,47 Ashbury Ridge,Mooresville,IN,46158
9086,497  North Clovis Avenue,Clovis,CA,93611
9087,Highview Dr. & 1175 Dalton Ave.,Pittsfield,MA,01201
9088,One Grand Cypress Boulevard,Orlando,FL,32836
9089,9810 - 9930 North Alternate A-1A,Palm Beach Gardens,FL,33408
9090,3104  3106 & 3108 Lake Drive,Marina,CA,93933
9091,1800 Centrepark Drive East,West Palm Beach,FL,33401
9092,2000-2201 Outlet Center Drive,Oxnard,CA,93036
9093,7814 Ranch Road 620 N,Austin,TX,78726
9094,34935 Interstate 10 West,Boerne,TX,78006
9095,6075 Poplar Avenue,Memphis,TN,38119
9096,48  60  76  80 12th Street,Atlanta,GA,30309
9097,6225 Saratoga Boulevard,Corpus Christi,TX,78414
9098,2000 West SBC Center Drive,Hoffman Estates,IL,60195
9099,14513-14541 Ventura Boulevard,Sherman Oaks,CA,91403
9100,5685-5699 La Jolla Boulevard,La Jolla,CA,92037
9101,1135-41 Bell Road,Antioch,TN,37013
9102,1600 River Pointe Drive,Conroe,TX,77304
9103,5201 Truxtun Avenue,Bakersfield,CA,93309
9104,555 11th Street NW,Washington,DC,20004
9105,434 W 19th St.,New York,NY,10011
9106,6830 Larmanda Street,Dallas,TX,75231
9107,10100 North Central Expressway,Dallas,TX,75206
9108,2554 Ford Road,Bristol Township,PA,19007
9109,10210 Evergreen Way,Everett,WA,98204
9110,100 Belle Valley Drive,Nasvhille,TN,37209
9111,2080 Tamiami Trail,Port Charlotte,FL,33948
9112,8220-8290 Miramar Road,San Diego,CA,92126
9113,1224 East Lamar Boulevard,Arlington,TX,76011
9114,3400-3443 South 113th Street and 11200-11230 West Morgan Ave,West Allis,WI,53227
9115,23-30 Borden Avenue,Long Island City,NY,11101
9116,36 Dartmouth Road,Mansfield,CT,06268
9117,2424 Erwin Road,Durham,NC,27705
9118,9930 Buckingham Road,Dallas,TX,75243
9119,1600 West Golf Road,Rolling Meadows,IL,60008
9120,4400 East Fall Creek Parkway North Drive,Indianapolis,IN,46205
9121,215 Walker Springs Road,Jackson,AL,36545
9122,2012 West Ash Street,Columbia,MO,65203
9123,330 West Third Street,Bridgeport,PA,19405
9124,1090 Lawrence Drive & 2624-2628 Lavery Court,Newbury Park,CA,91320
9125,6702 West Camelback Road,Glendale,AZ,85303
9126,31-02 Steinway Street,Astoria,NY,11103
9127,600 Independence Parkway,Chesapeake,VA,23320
9128,6001 Ranchester Drive,Houston,TX,77036
9129,"461, 465, 475 and 483 Gypsy Lane",Youngstown,OH,44054
9130,200 South 22nd Street,Pittsburgh,PA,15203
9131,8700 South Cottage Grove Avenue,Chicago,IL,60619
9132,777 Woodward Avenue,Detroit,MI,48226
9133,11091 Northwest 27th Street,Doral,FL,33172
9134,4480-4540 Richmond Road,Warrensville Heights,OH,44128
9135,7281 Morrow Road,Covington,NY,14525
9136,14502 North Dale Mabry Highway,Tampa,FL,33618
9137,"330 Tijeras Avenue, NW",Albuquerque,NM,87102
9138,136 West 71st Street,New York,NY,10023
9139,7405 & 7407 W St. Bernard Hwy,Arabi,LA,70032
9140,1059 & 1099 Vine Street,Sacramento,CA,95814
9141,86 E Howard St,Quincy,MA,02169
9142,100 Union Square Drive,New Hope,PA,18938
9143,13132 Kansas Avenue,Bonner Springs,KS,66012
9144,205 West Whaley Street,Longview,TX,75601
9145,800 Falcon Drive,Absecon,NJ,08201
9146,3301 Pollok Drive,Conroe,TX,77303
9147,15885 Memorial Drive,Houston,TX,77079
9148,100-108 North Robertson Boulevard,Los Angeles,CA,90048
9149,1400-1438 Lowell Street,Elyria,OH,44035
9150,6450 Hembree Lane,Windsor,CA,95492
9151,44412-44740 Ford Road,Canton,MI,48187
9152,34800 Lake Shore Boulevard,Eastlake,OH,44095
9153,1700 Birch Trail Circle,Chesapeake,VA,23320
9154,7501 142nd Avenue North,Largo,FL,33771
9155,800  E Nichols Blvd,Sparks,NV,89434
9156,2251 Avent Ferry Road,Raleigh,NC,27606
9157,"2520, 2525, 2515 and 2505 Green Tech Drive",State College,PA,16803
9158,2404 Southwest Freeway,Houston,TX,77098
9159,890 West Loveland Avenue,Loveland,OH,45140
9160,512 Main Street,El Segundo,CA,90245
9161,3902 East 29th St,Bryan,TX,77802
9162,90 Route 206,Byram Twp,NJ,07874
9163,890 Broadway,New York,NY,10003
9164,1 Chisholm Trail,Mooresville,IN,46158
9165,129 Saltonstall Street,Canandaigua,NY,14424
9166,1841 Fuller Avenue,Hollywood,CA,90046
9167,3171 Albrecht Avenue,Akron,OH,44312
9168,2095 Highway 211,Braselton,GA,30517
9169,3001 Westown Parkway,West Des Moines,IA,50266
9170,460 Bergen Boulevard,Palisades Park,NJ,07650
9171,2300 Merrill Creek Parkway,Everett,WA,98203
9172,2401 Windy Hill Road,Atlanta,GA,30067
9173,873 Dennison Avenue Southwest,Birmingham,AL,35211
9174,565 - 605 Portion Road,Lake Ronkonkoma,NY,11779
9175,161 Lansing Circle,Mooresville,NC,28115
9176,4444 South 108th Street,Omaha,NE,68137
9177,120 National Business Parkway,Annapolis Junction,MD,20701
9178,1042 Falls Parc Drive,Sheboygan Falls,WI,53085
9179,8390 Church Ranch Boulevard,Westminster,CO,80021
9180,3303 Chapel Creek Drive,Dallas,TX,75220
9181,101 - 115 West 79th Street,New York,NY,10024
9182,"75, 115, 171, 231, 232, 255, 256 and 283 Marine Park Drive",Celoron,NY,14720
9183,321 East 54th Street a/k/a 319/323 East 54th Street,New York,NY,10022
9184,10303 Southeast Bell Avenue,Portland,OR,97222
9185,1308 - 1309 Amberwood Drive,Norfolk,NE,68701
9186,5900 Sepulveda Boulevard,Van Nuys,CA,91411
9187,57 Passaic Avenue,Florham Park,NJ,07932
9188,2450-2500 Westfield Drive,Elgin,IL,60124
9189,311 Chestnut Street,Chattanooga,TN,37402
9190,1015-1019 Fort Salonga Road,Northport,NY,11768
9191,2427 Forsyth Road,Orlando,FL,32807
9192,300 Dominion Drive,Morrisville,NC,27560
9193,12111-12191 Alcosta Blvd,San Ramon,CA,94583
9194,5402 East 30th Street,Tucson,AZ,85711
9195,1220-1250 Old Country Road,Westbury,NY,11590
9196,6435 South FM 549,Heath,TX,75032
9197,5200 East Cork Street,Kalamazoo,MI,49048
9198,113 Washington Avenue,Santa Fe,NM,87501
9199,4251 Town Center Boulevard,Jeffersonville,IN,47130
9200,4301-4303 West Riverside Drive,Burbank,CA,91505
9201,1100 San Leandro Boulevard,San Leandro,CA,94577
9202,500 Edwards Avenue,Harahan,LA,70123
9203,12512 Chandler Boulevard,Valley Village,CA,91607
9204,795 Ridge Lake Boulevard,Memphis,TN,38119
9205,830-832/834 Broadway,New York,NY,10003
9206,2572 Gilman Drive West,Seattle,WA,98119
9207,7490 S. Crescent Blvd,Pennsauken,NJ,08109
9208,1800 F.M 1092 (Murphy Road),Missouri City,TX,77459
9209,203-311 N. McDowell Blvd.,Petaluma,CA,94952
9210,500 Gregson Drive,Wake,NC,27511
9211,1250 Providence Boulevard,Deltona,FL,32725
9212,12151 Jefferson Avenue,Newport News,VA,23602
9213,3001 Blake James Drive,Lexington,KY,40509
9214,909 S. WW White Road,San Antonio,TX,78220
9215,1071 West Shaw Avenue,Fresno,CA,93711
9216,5801 Clarewood,Houston,TX,77081
9217,406 East Hopkins Avenue,Aspen,CO,81611
9218,11505 Keegans Ridge Road,Houston,TX,77031
9219,2700 S Commerce Parkway,Weston,FL,33331
9220,3655 West Anthem Way,Anthem,AZ,85086
9221,1413-1529 West Buckingham Road,Garland,TX,75081
9222,1524 Skyland Boulevard,Tuscaloosa,AL,35405
9223,263 Rockland Avenue,Portsmouth,NH,03101
9224,2340 N. IH 35,Round Rock,TX,78681
9225,4601 US Highway 17,Richmond Hill,GA,31324
9226,12402 Industrial Boulevard,Victorville,CA,92392
9227,19999 Northwest Tanasbourne Drive,Hillsboro,OR,97124
9228,201 Butler Industrial Drive,Dallas,GA,30132
9229,1411 Center Aveune West,Dilworth,MN,56529
9230,10070 Ford Avenue,Richmond Hill,GA,31324
9231,150 Industrial Road,San Carlos,CA,94070
9232,114 Ballentine Crossing Lane,Irmo,SC,29063
9233,402 & 404 West Grace Street,Richmond,VA,23220
9234,1465 Post Road East,Westport,CT,06880
9235,2627 West Kilby Road,Park City,UT,84098
9236,1801 NE Lotus Drive,Bend,OR,97701
9237,7800 East Riverside Drive,Austin,TX,78744
9238,128 Venture Drive,Brunswick,GA,31525
9239,11906 Ramona Avenue,Chino,CA,91710
9240,7828 SE Aspen Summit Drive,Portland,OR,97266
9241,745 and 755 East Greg Street,Sparks,NV,89431
9242,6719 Cliffdale Road,Fayetteville,NC,28314
9243,1440 North Dysart Road,Avondale,AZ,85323
9244,10055 Grogan's Mill Road,The Woodlands,TX,77380
9245,4708 Southeast 44th Street,Oklahoma City,OK,73135
9246,222 and 230 Babcock Street,Brookline,MA,02446
9247,15 South Main Street,Greenville,SC,29601
9248,1000 Sweetwater Avenue,Florence,AL,35630
9249,"508, 605, & 609 19th Avenue SE & 3100 14th Street SW",Minot,ND,58701
9250,70-20 108th Street,Forest Hills,NY,11375
9251,300 North Highland Drive,Sherman,TX,75092
9252,69 West 9th Street,New York,NY,10011
9253,325 Prairie Way Boulevard,Verona,WI,53593
9254,2800 Crusader Circle,Virginia Beach,VA,23456
9255,1 Crossgates Mall Road,Albany,NY,12203
9256,7920 Country Club Drive,Sachse,TX,75048
9257,825-845 Lincoln Road,Miami Beach,FL,33139
9258,1113-1148 Pagonia Drive and 1106-1135 Brook Meadow Drive,Lakeland,FL,33811
9259,"600 West Chicago Avenue, 900-950 West Kingsbury, 811 North Larabee",Chicago,IL,60610
9260,402 Interchange Street,Mckinney,TX,75071
9261,13015 Canyon Road East,Puyallup,WA,98373
9262,2115 69th Street,North Bergen,NJ,07047
9263,43 West 13th Street,New York,NY,10011
9264,760 Garden View Court,Encinitas,CA,92024
9265,7615 & 7777 West 38th Avenue,Wheat Ridge,CO,80033
9266,7620 Rivers Avenue,North Charleston,SC,29406
9267,7611 Green Meadows Drive,Lewis Center,OH,43035
9268,111 Second Avenue Northeast,St. Petersburg,FL,33701
9269,"11423, 11425 and 11429 Donner Pass Road",Truckee,CA,96161
9270,1555 Camino Del Mar,Del Mar,CA,92014
9271,5890 Bandolero Drive,El Paso,TX,79912
9272,2506 South General McMullen Drive,San Antonio,TX,78226
9273,16615 Lexington Blvd,Sugarland,TX,77479
9274,12129-12135 Jefferson Avenue,Newport News,VA,23602
9275,8101 Cameron Road,Austin,TX,78754
9276,514 West End Avenue,New York,NY,10024
9277,3737 Route 46 East,Parsippany,NJ,07054
9278,6360 Hoadly Road,Manassas,VA,20112
9279,611 Access Road,Stratford,CT,06615
9280,1201 Julian R Allsbrook Highway,Roanoke Rapids,NC,27870
9281,5301 Scottsville Road,Bowling Green,KY,42104
9282,5100 Hurricane Drive,Bryant,AR,72022
9283,1318-1482 South Broadway,Santa Maria,CA,93454
9284,179 Elmira Road,Vacaville,CA,95687
9285,500 Stevens Avenue,Solana Beach,CA,92075
9286,1800-1820 Chapel Avenue,Cherry Hill,NJ,08002
9287,404 North Witseil Street,Walterboro,SC,29488
9288,4710 South Western Avenue,Chicago,IL,60609
9289,831 U.S. Route 1,Edison,NJ,08817
9290,27951 Baseline Street,Highland,CA,92346
9291,3301 South O Street and 3500 South N Street,Fort Smith,AR,72903
9292,141 Lanza Avenue,Garfield,NJ,07026
9293,2555 Hollywood Street,Memphis,TN,38127
9294,4412 Bass Pro Drive,Garland,TX,75043
9295,2150 62nd Terrace South,St. Petersburg,FL,33712
9296,300 Livingston Street,Brooklyn,NY,11201
9297,6760 Corporate Drive,Colorado Springs,CO,80919
9298,5158 Memorial Drive,Stone Mountain,GA,30083
9299,4008 Westmeadow Drive,Colorado Springs,CO,80906
9300,11055-11071 SE Bush Street,Portland,OR,97266
9301,20001 Northwest Tanasbourne Drive,Hillsboro,OR,97124
9302,5301 North I-85 Service Road,Charlotte,NC,28213
9303,355 Clark Street,Saline,MI,48176
9304,4240 Dominion Boulevard,Glen Allen,VA,23060
9305,945 South Mesa Hills Drive,El Paso,TX,79912
9306,8501 West Charleston Boulevard,Las Vegas,NV,89117
9307,346-352 West 56th Street,New  York,NY,10019
9308,1751 Appian Way,Santa Monica,CA,90401
9309,333 Dominion Blvd./1620 Cedar Road,Chesapeake,VA,23322
9310,26151 Lakeshore Boulevard,Euclid,OH,44132
9311,1132-1136 Thorn Run Road,Moon Township,PA,15108
9312,5950 Canoga Avenue,Woodland Hills,CA,91367
9313,11 Rocky Ridge Road,Asheville,NC,28806
9314,12700 66th Street,Largo,FL,33773
9315,2745 Lake Worth Road,Palm Springs,FL,33461
9316,1512-1524 Amar Road and 2520-2548 South Azusa Avenue,West Covina,CA,91792
9317,U.S. Highway 51,Senatobia,MS,38668
9318,3302 South Pantano Road,Tucson,AZ,85730
9319,955 and 985 W. Elliott Road,Chandler,AZ,85224
9320,9910 & 9930 Federal Drive,Colorado Springs,CO,80921
9321,2500 North Mayfair Road,Wauwatosa,WI,53226
9322,777 North Francisca Avenue,Redondo Beach,CA,90277
9323,963 Atlantic Avenue,Brooklyn,NY,11238
9324,9812 - 9858 U.S. Highway 301 South,Riverview,FL,33578
9325,NEC of Naperville and Butterfield Roads,Wheaton,IL,60187
9326,2159-2201 West 2200 South,West Valley City,UT,84119
9327,5721 Timbergate Drive,Corpus Christi,TX,78414
9328,5801 Altama Avenue,Brunswick,GA,31525
9329,6400 & 6500 Park of Commerce Boulevard,Boca Raton,FL,33487
9330,1611 Bunker Hill Way,Salinas,CA,93906
9331,214 Napoleon Road,Bowling Green,OH,43402
9332,1706 Forest Cove Drive,Mount Prospect,IL,60056
9333,"3700-3760 Inland Empire Boulevard & 3550, 3640 and 3660 Porsche Way",Ontario,CA,91764
9334,1406 Route 9,Clifton Park,NY,12065
9335,1591 Pacheco Street,Santa Fe,NM,87505
9336,18167 US Highway 19 North,Clearwater,FL,33764
9337,801 Tecumseh Road,Battle Creek,MI,49037
9338,4140 N.78the Street,Scottsdale,AZ,85251
9339,2219 Harrison Road,Thomson,GA,30824
9340,15625 North Kendall Drive,Miami,FL,33196
9341,961 Primrose Court,Lexington,KY,40511
9342,18568 Ventura Boulevard,Tarzana,CA,91356
9343,5741 Bayside Road,Virginia Beach,VA,23455
9344,3600 Table Mesa Drive,Boulder,CO,80303
9345,8182 North Lindbergh Boulevard,Florissant,MO,63031
9346,1675-1707 East Main Street,Kent,OH,44240
9347,3903 South Mason Road,Katy,TX,77450
9348,12525 Kirkwood,Stafford,TX,77477
9349,4630 West 13400 South,Riverton,UT,84103
9350,2 Portola Plaza,Monterey,CA,93940
9351,270-274 Hartford Avenue,Bellingham,MA,02019
9352,11213 Donner Pass Road,Truckee,CA,96161
9353,1945 West Palmetto Street,Florence,SC,29501
9354,4791 West Ledbetter Drive,Dallas,TX,75236
9355,500-502 West Chelten Avenue,Philadelphia,PA,19144
9356,189 County Road 519,Belvidere,NJ,07823
9357,300 Henslee Drive (Highway 70 Bypass),Dickson,TN,37055
9358,9350 Wilshire Boulevard,Beverly Hills,CA,90212
9359,2012  South Ohio Street,Salina,KS,67401
9360,1500 Sand Lake Road,Orlando,FL,32809
9361,2528-2540 North John Young Parkway,Kissimmee,FL,34741
9362,3550 South General Bruce Drive,Temple,TX,76504
9363,1610 Belcher Road South,Largo,FL,33771
9364,13131 Slone Court,Ashland,KY,41102
9365,1567  1569  1571&1575 Lextington Avenue,New York,NY,10029
9366,29101 Health Campus Drive,Westlake,OH,44145
9367,785 Greens Parkway,Houston,TX,77067
9368,1240 North State Street,Greenfield,IN,46140
9369,2441_ 2529-2539 University Boulevard,Houston,TX,77005
9370,1201  11th AvenueSouth,Birmingham,AL,35203
9371,546 Broadway,New York,NY,10012
9372,500 South Front Street,Columbus,OH,43212
9373,5900 South Westcreek Court,Fort Worth,TX,76133
9374,523 W. Heritage Dr.  1513 N. Hillfield Rd.,Layton,UT,84041
9375,6101 West Slauson Avenue,Culver City,CA,90230
9376,347 - 351 Congress Street,Boston,MA,02210
9377,929 Broadway,Woodmere,NY,11598
9378,1201 West Main Street,Ripon,CA,95366
9379,1425 Wana Drive and 2971 West 12th Street,Erie,PA,16505
9380,1101-1159 Country Club Drive,Madera,CA,93638
9381,6470-6650 West 120th Avenue,Broomfield,CO,80020
9382,3012-3018 US Highway 301 North,Tampa,FL,33619
9383,114 Wakelon Street,Zebulon,NC,27597
9384,900 Long Boulevard,Lansing,MI,48911
9385,100 Sheridan Road,Bremerton,WA,98310
9386,120-148 Crossroads Drive,Plover,WI,54467
9387,18430 Sherman Way,Reseda,CA,91335
9388,13691 Gavina Avenue,Sylmar,CA,91342
9389,"2006, 2008 & 2014 South Goliad",Rockwall,TX,75087
9390,N35 W23877 Highfield Court,Pewaukee,WI,53072
9391,25296 and 25320 Madison Avenue,Murrieta,CA,92562
9392,4200 South Freeway,Fort Worth,TX,76115
9393,900 Calm Lake Circle,Greece,NY,14612
9394,80 Business Park Drive,Armonk,NY,10504
9395,1772 Route 9,Clifton Park,NY,12065
9396,2625 N. Andrews Avenue,Wilton Manors,FL,33311
9397,1100 Grand Concourse,Bronx,NY,10456
9398,1401 Plainfield Naperville Road,Naperville,IL,60564
9399,743 Horizon Drive,Grand Junction,CO,81506
9400,9001 Wurzbach Road,San Antonio,TX,78240
9401,4360 & 4362 Northlake Boulevard,Palm Beach Gardens,FL,33410
9402,624 Krona Drive,Plano,TX,75074
9403,15010 North 59th Avenue,Glendale,AZ,85306
9404,5300 San Dario Avenue,Laredo,TX,78041
9405,4600 Schroeder Drive,Brown Deer,WI,53223
9406,6111 Willowbend Boulevard,Houston,TX,77096
9407,1035 Swabia Court,Durham,NC,27703
9408,1581-1589 Sulphur Spring Road,Arbutus,MD,21227
9409,3230 Clarendon Boulevard,New Bern,NC,28562
9410,11 Park Avenue,Mount Vernon,NY,10550
9411,65 & 75 Oaklawn Avenue,Cranston,RI,02920
9412,1911 Twisted Oaks Drive,Norman,OK,73071
9413,4747-4763 Wilson Avenue Southwest,Grandville,MI,49418
9414,19527 Aurora Avenue North,Shoreline,WA,98133
9415,276 Old Loudon Road,Colonie,NY,12110
9416,700 Reed Road,Sugar Land,TX,77478
9417,2466 Wyoming Street,Dayton,OH,45410
9418,5440 Ward Road,Arvada,CO,80002
9419,450-520 Linden Avenue,Oxnard,CA,93033
9420,3593 Ross Clark Circle,Dothan,AL,36303
9421,4000 Coolidge Avenue,Arbutus,MD,21229
9422,805-829 South Tennessee Boulevard,Murfreesboro,TN,37130
9423,Forest Hills Boulevard and Westover Blvd.,Richmond,VA,23225
9424,4318 Bull Creek Road,Austin,TX,78731
9425,2454 Hillcrest Center Circle,Winston-Salem,NC,27103
9426,1733 Main Street,Mathews,VA,23109
9427,5501 South Williamson Boulevard,Port Orange,FL,32128
9428,919 Lakeland Park Center Drive,Lakeland,FL,33809
9429,200 West Marketplace Drive,Bennett,CO,80102
9430,218 East Front Street,New Bern,NC,28560
9431,8248 Lackland Road,Saint Louis,MO,63114
9432,12330 Metric Boulevard,Austin,TX,78758
9433,840 Hays Boulevard,Lexington,KY,40509
9434,2361 South Monaco Parkway,Denver,CO,80222
9435,1325 - 1411 North Grand Avenue,Covina,CA,91722
9436,3737 Timberglen Road,Dallas,TX,75287
9437,"2, 4, 6 Brighton Road",Clifton,NJ,07012
9438,6515 Delilah Road & 1059 Ocean Heights Avenue,Egg Harbor Township,NJ,08234
9439,1700 Parkview Drive,Chesapeake,VA,23320
9440,600 Washington Boulevard,Laurel,MD,20707
9441,1651-1833 North Milpitas Boulevard,Milpitas,CA,95035
9442,1610 Route 35,Oakhurst,NJ,07755
9443,9880-9914 Colerain Avenue,Cincinnati,OH,45251
9444,201 West McCord Avenue,Bakersfield,CA,93308
9445,3765 A Old Court Road,Pikesville,MD,21208
9446,4222 & 4224 North Vineland Avenue,North Hollywood,CA,91602
9447,17910 Bulverde Road,San Antonio,TX,78259
9448,77-588 & 77-583 El Duna Court; 38-698-A & 38-698-B El Viento Road,Palm Desert,CA,92211
9449,1019-1021 US Highway 501,Roxboro,NC,27573
9450,9901 East Valley Ranch Parkway,Irving,TX,75063
9451,440-452 Main Street,Ridgefield,CT,06877
9452,33260 Van Dyke Avenue,Sterling Heights,MI,48312
9453,Birdell Road & Route 322,Honey Brook,PA,19344
9454,1928 Mohawk Place,Kent,OH,44240
9455,"9760, 9780, 9858 , 9990 and 9840 South Military Trail",Boynton Beach,FL,33436
9456,4949 Greencraig Lane,San Diego,CA,92123
9457,1909 Higgins Lane,Haltom City,TX,76111
9458,1600 Village Drive,Euless,TX,76039
9459,5802 and 5900 East Virginia Beach Boulevard,Norfolk,VA,23502
9460,135 Eastern Parkway,Brooklyn,NY,11238
9461,14638 & 14658 Cedar Avenue South,Apple Valley,MN,55124
9462,801 Chinquapin Road,Columbia,SC,29212
9463,Southeast side of Macdade Boulevard,Ridley Township,PA,19094
9464,1111 24Th Avenue S.W.,Norman,OK,73069
9465,Merry Lane,Greenville,NC,27858
9466,425-455E. Washington Ave. 415 & 425 N. Hickory Str,Escondido,CA,92025
9467,7821 Orion Avenue,Van Nuys,CA,91406
9468,175-45 88th Avenue,Jamaica,NY,11432
9469,33 Claroma Street,St. Joseph Townhship,MN,56301
9470,16844 Passage Avenue,Paramount,CA,90723
9471,5110 and 5210 14th St. West,Bradenton,FL,34207
9472,53 South 11th Street,Brooklyn,NY,11249
9473,101 Marlboro Avenue,Easton,MD,21601
9474,Pot-Nets Entrance Road & Long Neck Roads,Long Neck,DE,19966
9475,700 Argosy Parkway,Riverside,MO,64150
9476,5100 Coe Avenue,Seaside,CA,93955
9477,2801 North Decatur Road,Decatur,GA,30033
9478,20921 Davenport Drive,Sterling,VA,20165
9479,1714 Johanna Street,Houston,TX,77055
9480,2180 Larkspur Lane,Redding,CA,96002
9481,114 Old Country Road,Mineola,NY,11501
9482,78-805 Highway 111,La Quinta,CA,92253
9483,7326 South Yosemite Street,Centennial,CO,80112
9484,9730 East 33rd Street,Tulsa,OK,74146
9485,Route 59 & Stearns Road,Bartlett,IL,60103
9486,1005 Hwy 190 Bypass,Covington,LA,70433
9487,5910 Princess Garden Parkway,Lanham,MD,20706
9488,4468 Eastgate Boulevard,Cincinnati,OH,45245
9489,15200 Jog Road,Del Ray Beach,FL,33466
9490,215 Crown Point Road,West Deptford,NJ,08086
9491,304 Frances Boulevard,Elyria,OH,44035
9492,2044 Ocean Avenue,Brooklyn,NY,11230
9493,24050 Southeast Stark Street,Gresham,OR,97030
9494,2225 Nursery Road,Clearwater,FL,33764
9495,449-463 Washington Street,Boston,MA,02111
9496,1312-1320 3rd Street Promenade,Santa Monica,CA,90401
9497,6133 Bristol Parkway,Culver,CA,90230
9498,2585-2593 Grand Concourse,Bronx,NY,10468
9499,4700 42nd Avenue,Seattle,WA,98116
9500,5 Middlesex Avenue,Somerville,MA,02145
9501,"4811-4815, 4831-4841, 4921-4945 W. Craig Road",Las Vegas,NV,89130
9502,95 East U.S. Highway 98,Calexico,CA,92231
9503,110 West Fayette Street,Syracuse,NY,13202
9504,100 North 500 West,West Bountiful,UT,84010
9505,3939 Ocean Bluff Avenue,San Diego,CA,92130
9506,22 North Front Street,Memphis,TN,38103
9507,420 North Wilbur Ave.,Walla Walla,WA,99362
9508,700 Hennepin Avenue,Minneapolis,MN,55403
9509,2465 Highway 397,Lake Charles,LA,70615
9510,5-05  5-15  5-17  5-19  5-25 48th Avenue & 5-28 47th Rd.,Long Island City,NY,11101
9511,9401 Marketplace Road,Fort Myers,FL,33912
9512,260 Oxford Drive,Winchester,KY,40391
9513,10320 75th Street,Kenosha,WI,53142
9514,10151 Carver Road,Blue Ash,OH,45242
9515,1993 Plainfield Pike,Johnston,RI,02919
9516,10800 West US Highway 290,Austin,TX,78736
9517,307 East 53rd Street,New York,NY,10022
9518,14225 SW Tualatin-Valley Highway,Beaverton,OR,97005
9519,9709 Starlight Road,Dallas,TX,75220
9520,166-176 Seeley Street,Brooklyn,NY,11218
9521,218 Bull Run,Norman,OK,73071
9522,6600 Coastal Highway,Ocean City,MD,21842
9523,215 North Central Avenue,Duluth,MN,55807
9524,4974 South 76th East Avenue,Tulsa,OK,74145
9525,2000-3000 Harbison Drive,Vacaville,CA,95687
9526,118 Five Points Road,Goldsboro,NC,27530
9527,615 Lomaland Drive,El Paso,TX,79907
9528,34190 Camino Capistrano,Capistrano Beach,CA,92624
9529,6885 & 6865 Alton Parkway,Irvine,CA,92618
9530,55 Summer Street,Boston,MA,02110
9531,9415 Lucy Jane Lane,Charlotte,NC,28270
9532,4350 Fowler Street,Fort Myers,FL,33901
9533,"260, 280, 281 & 300 Cramer Creek Court",Dublin,OH,43017
9534,16812 Stuebner Airline Road,Spring,TX,77379
9535,16611-16629 Dove Canyon Road,San Diego,CA,92127
9536,806 South 3rd Street,Champaign,IL,61820
9537,3905-3917 State Street,Santa Barbara,CA,93105
9538,16200 Bear Valley Road,Victorville,CA,92392
9539,500-516 N. Oxford Valley Road,Langhorne,PA,19047
9540,6660 First Park Ten Boulevard,San Antonio,TX,78213
9541,1040-1048 State Route 229,Batesville,IN,47006
9542,3301 Providence Avenue,Bryan,TX,77803
9543,3500 East West Highway,Hyattsville,MD,20782
9544,350 Robinson Street,Sonoma,CA,95476
9545,"400 East Gude Drive, 7300, 7301 and 7362 Calhoun Place",Rockville,MD,20855
9546,2801 Westridge Circle,Bryan-College Station,TX,77801
9547,3100 East Imperial Highway,Lynwood,CA,90262
9548,1235 S. State College,Anaheim,CA,92805
9549,4101 North Kentucky Avenue,Kansas City,MO,64161
9550,2930 North Shartel Avenue,Oklahoma City,OK,73103
9551,5520 S 3915 W,Kearns,UT,84118
9552,3333 Cattlemen Road,Sarasota,FL,34232
9553,4800 Sugar Grove Boulevard,Stafford,TX,77477
9554,2545 West 190th Street,Torrance,CA,90504
9555,749 E. Main Street,Jefferson,NC,28640
9556,7101 Jurupa Avenue,Riverside,CA,92504
9557,4023 Oak Lawn Avenue,Dallas,TX,75219
9558,7500 Midlothian Turnpike,Richmond,VA,23225
9559,300 East Gordon Lane,Murray,UT,84107
9560,120-200 Country Club Gate Center,Pacific Grove,CA,93950
9561,10002 North Seventh Street,Phoenix,AZ,85020
9562,2 North Charles,Baltimore,MD,21201
9563,207 North Court Street,Medina,OH,44256
9564,351-371 Oak Place,Brea,CA,92821
9565,195 Blanding Boulevard,Orange Park,FL,32073
9566,40-42 Old Ridgebury Road,Danbury,CT,06810
9567,5105 W. 120th Avenue,Broomfield,CO,80020
9568,1202-1228 University Avenue,San Diego,CA,92103
9569,4177-4199 Bandini Boulevard,Vernon,CA,90058
9570,"558, 560, 562 and 572 Castle Pines Parkway",Castle Rock,CO,80108
9571,7102 Highway 70 South,Nashville,TN,37221
9572,3763-3773 Carpenter Road,Pittsfield Township/Ypsilanti,MI,48197
9573,100 Walden Creek Way,Greenville,SC,29615
9574,48865 Hayes Road,Shelby Township,MI,48315
9575,73-400-73-470 El Paseo and 73-401-73-411 & 73-496 Highway 111,Palm Desert,CA,92260
9576,798 Woodlane Road,Mount Holly,NJ,80606
9577,1-3 West 125th Street,New York,NY,10027
9578,2670-2680-2690 S. Havana Street,Aurora,CO,80014
9579,8745-8775 East Orchard Road,Greenwood Village,CO,80111
9580,1233 North La Brea Avenue,West Hollywood,CA,90038
9581,6845 Deerpath Road,Elkridge,MD,21227
9582,455 Washington Boulevard,Jersey City,NJ,07310
9583,5821-5859 South Kedzie Avenue,Chicago,IL,60629
9584,1 Fenwick Drive,Farmington,CT,06032
9585,415 Washington Street,Waukegan,IL,60085
9586,4668 South Redwood Road,Taylorsville,UT,84123
9587,370 McClellan Highway,Boston,MA,02128
9588,450 West Barnard Street,Blythe,CA,92225
9589,3972 Main Street,Keokuk,IA,52832
9590,2305 New England Street,Charlotte,NC,28269
9591,"7950 Highway 72 West, 5923 Wall Triana Highway",Madison,AL,
9592,10001 S. Howell Ave.,Oak Creek,WI,53154
9593,1940 North Monroe Street,Tallahassee,FL,32303
9594,2105 Philadelphia Pike,Claymont,DE,19703
9595,2108 Teron Trace,Dacula,GA,30019
9596,3710 - 3860 Revere Street,Denver,CO,80239
9597,Blue Lake Blvd. & Pole Line Road,Twin Falls,ID,83301
9598,1707 West 8th Street,Odessa,TX,79763
9599,167-219 Glen Street,Glen Cove,NY,11542
9600,"141-24 78th Avenue, 141-48 78th Road, & 141-02 79th Avenue",Kew Gardens Hills,NY,11367
9601,9355 Atlantic Boulevard,Jacksonville,FL,32225
9602,131 & 201 Tower Park Dr.,Waterloo,IA,50702
9603,5930-5990 Northeast 18th Avenue,Fort Lauderdale,FL,33334
9604,3333 N. 7th Avenue,Phoenix,AZ,85013
9605,3210 N. Pleasantburg Drive,Greenville,SC,29609
9606,555 East Townline Road,Vernon Hills,IL,60061
9607,5077-5111 Westfields Boulevard,Centreville,VA,20120
9608,375 Willard Ave.,Newington,CT,06131
9609,1110-1112 Western Boulevard,Jacksonville,NC,28546
9610,US Highway 111 @ Washington Street,La Quinta,CA,92253
9611,8757 Georgia Avenue,Silver Spring,MD,20910
9612,8380 Greenspire Drive,Portage,MI,49024
9613,226 Newbury Street,Boston,MA,02116
9614,10000-10050 Montgomery Road,Montgomery,OH,45242
9615,21001-21005 Cabot Boulevard,Hayward,CA,94545
9616,2726 South Grand Avenue,Santa Ana,CA,92705
9617,26-30 West Hubbard,Chicago,IL,60610
9618,866 & 999 Independence Avenue,Mountain View,CA,94043
9619,3154 Navarre Ave.,Oregon,OH,43616
9620,1441 East Washington Street,Sequim,WA,98382
9621,1616 Walnut Street,Philadelphia,PA,19103
9622,657-697 Old Mill Road,Millersville,MD,21108
9623,10303 East 71st Street,Tulsa,OK,74133
9624,2804 Mission College Blvd.,Santa Clara,CA,95054
9625,102 Park Drive,Pleasant Valley,NY,12569
9626,625 South Lovers Lane,Visalia,CA,93292
9627,91-315 Hanua Street,Kapolei,HI,96707
9628,300 Boulevard East,Weehawken,NJ,07086
9629,3 Waters Park Dr.,San Mateo,CA,94402
9630,3821 Avalon Park East Boulevard,Orlando,FL,32828
9631,6624 S May Avenue,Oklahoma City,OK,73159
9632,3954-4018 Powell Road,Powell,OH,43065
9633,392 Montague Road,Sunderland,MA,01375
9634,4601 South Lamar Boulevard,Austin,TX,78745
9635,375 Ghent Road,Fairlawn,OH,44333
9636,693 South Wymore Road,Altamonte Springs,FL,32714
9637,501 Richardson Drive,Lancaster,PA,17603
9638,1900 25th Street,Columbus,IN,47201
9639,16006 - 16016 Foothill Boulevard,Irwindale,CA,91706
9640,1279 (Kemah) & 1289 (Signature) FM 518 Road,Kemah,TX,77565
9641,9606 - 9638 Jones Road,Houston,TX,77065
9642,"1880, 1886 and 1890 West Market Street",Akron,OH,44313
9643,723 East 5th Street,Brooklyn,NY,11218
9644,4260 Hunt Road,Blue Ash,OH,45242
9645,6051 Westgate Drive,Orlando,FL,32835
9646,22727 SE 29th Street,Sammamish,WA,98075
9647,12400 Amargosa Road,Victorville,CA,92392
9648,1549 Russell Parkway,Warner Robins,GA,31088
9649,1307-1399 North State Street and 180-200 Ford Road,Ukiah,CA,95482
9650,1615 16th Street and 1616 17th Street,Santa Monica,CA,90403
9651,3211 Christopher Lane,Keego Harbor,MI,48320
9652,435 East 52nd Street aka 433-449 East 52nd Street,New York,NY,10022
9653,3154 Navarre Avenue,Oregon,OH,43616
9654,2217 Tanglewood Drive,Hammond,IN,46323
9655,100-200 Cedar Street,Myrtle Beach,SC,29577
9656,668 Dawsonville Highway,Gainesville,GA,30501
9657,12030 Grant Street,Thornton,CO,80241
9658,8700-8740 Lackman Road and 15117-15221 West 87th Street Parkway,Lenexa,KS,66219
9659,13625 & 13675 Technology Drive,Eden Prairie,MN,55344
9660,35 Winthrop Avenue,New Rochelle,NY,10801
9661,25 Commerce Road,Fairfield,NJ,07004
9662,16-60  East Golf Road,Schaumburg,IL,60173
9663,4641 Production Way,Dallas,TX,75235
9664,4781 Broadway,New York,NY,10034
9665,2556 Cobbs Ford Road,Prattville,AL,36066
9666,2490 N.E. 188th Street,Aventura,FL,33180
9667,3985 S. Higuera St.,San Luis Obispo,CA,93401
9668,960 & 970 Knox St,Torrance,CA,90502
9669,11900 White Bluff Road,Savannah,GA,31419
9670,"2052, 2072, 2076 and 2080 S. Independence Blvd.",Virginia Beach,VA,23456
9671,9300 Flair Drive,El Monte,CA,91731
9672,1015 Montecito Drive,Corona,CA,92879
9673,4203 Gilbert Avenue,Dallas,TX,75219
9674,1635 Darr Street,Irving,TX,75061
9675,15101 Sweitzer Lane,Laurel,MD,20707
9676,1897 Preston White Drive and 1875 Campus Commons Drive,Reston,VA,20191
9677,11100 Southwest 93rd Court Road,Ocala,FL,34481
9678,200 Connecticut Avenue,Norwalk,CT,06854
9679,600 N. Main Street,Akron,OH,44310
9680,6222 Richmond Avenue,Houston,TX,77057
9681,2000 East 3rd Avenue,San Mateo,CA,94404
9682,4095 Lawson's Ridge Drive,Madison,AL,35757
9683,31894 and 31896 Plaza Drive,San Juan Capistrano,CA,92675
9684,2624 Wilton Avenue,Creedmoor,NC,27522
9685,1515 Equity Drive,Troy,MI,48084
9686,455 De Guigne Drive,Sunnyvale,CA,94086
9687,2142 Hecht Street,Unincorporated,MO,63136
9688,12622 Grey Eagle Court,Germantown,MD,20874
9689,"930, 940, 950, and 990 East Riggs Road",Chandler,AZ,85249
9690,112 West Malone,Arkadelphia,AR,71923
9691,4592 Channing Terrace,Columbus,OH,43232
9692,4809 Lien Road,Dane,WI,53704
9693,15490 West Bell Road,Surprise,AZ,85374
9694,1034 North Kemp Street,Ahaheim,CA,92801
9695,187 Danbury Road,Wilton,CT,06897
9696,89 Cross Street,Holliston,MA,01746
9697,1930 Edwards Lake Road,Trussville,AL,35235
9698,3001 North Graham Street,Charlotte,NC,28206
9699,1001 West Arbrook Boulevard,Arlington,TX,76015
9700,9300 Montana Avenue,Ei Paso,TX,79925
9701,14 Mt. Pleasant St. & 160 W. Main Street,Middlesex,MA,01752
9702,3521 West Memorial Road,Oklahoma City,OK,73134
9703,1511 8th Street South,Brookings,SD,57006
9704,21500 Gratiot Avenue,Eastpointe,MI,48021
9705,"4170, 4231 & 4271 Altoona Drive",Dallas,TX,75233
9706,12904-13050 North Dale Mabry Highway,Tampa,FL,33618
9707,123 Eden Street,Bar Harbor,ME,04609
9708,1440 Northland Drive,Mendota Heights,MN,55120
9709,14202 US Highway 281 North,San Antonio,TX,78232
9710,1100 Oakbridge Parkway,Lakeland,FL,33803
9711,600 Commercial Lane,Chattanooga,TN,37405
9712,1101 Flagstone Lane,Indian Trail,NC,28079
9713,600 Federal Boulevard,Carteret,NJ,07008
9714,401 and 451 South Decatur Boulevard and 4774 Alta Drive,Las Vegas,NV,89107
9715,1200 Route 9,Woodbridge,NJ,07095
9716,2018 Avenue U,Brooklyn,NY,11229
9717,5005 MacKay Road,Jamestown,NC,27282
9718,1090 Leisure Town Road,Vacaville,CA,95687
9719,1485 Pole Line Road East,Twin Falls,ID,83301
9720,530 Independence Parkway,Chesapeake,VA,23320
9721,16980 Cottonwood Drive,Parker,CO,80134
9722,13690 Riverport Drive,Maryland Heights,MO,63043
9723,150 William Street,New York,NY,10038
9724,7300-7360 SW Hunziker Street,Tigard,OR,97223
9725,2772-2760 North Fairfield Road,Beaver Creek,OH,45431
9726,2816 Eaton,Kansas City,KS,66103
9727,2535 West Jackson Avenue,Oxford,MS,38655
9728,3755 Orange Place,Orange,OH,44122
9729,3591 North Milwaukee Avenue,Chicago,IL,60641
9730,412 South Court Street,Florence,AL,35630
9731,2560 North Coyote Drive,Tucson,AZ,85745
9732,420 & 501 South Mill Avenue,Tempe,AZ,85281
9733,721 Conference Center Drive,Chesapeake,VA,23320
9734,1000 South Rainbow Boulevard,Las Vegas,NV,89145
9735,207 East Clarendon Ave.,Phoenix,AZ,85012
9736,21901 Kings Pointe Boulevard,Brownstown Township,MI,48183
9737,300 East Helena Avenue,Ellensburg,WA,98926
9738,510 - 560 North Main Street,Manteca,CA,95336
9739,1116 South Crismon Road,Mesa,AZ,85208
9740,1046 North Colony Road,Wallingford,CT,06492
9741,500 Allied Drive,Nashville,TN,37211
9742,235 South Jane Street,Haysville,KS,67060
9743,33 Office Park Road,Hilton Head,SC,29928
9744,13700 Murphy Road,Stafford,TX,77477
9745,6030 and 6050 Burke Commons Road,Burke,VA,22015
9746,404 Odlin Road,Bangor,ME,04401
9747,2050 Longley Lane,Reno,NV,89502
9748,391 Fry Boulevard,Sierra Vista,AZ,85635
9749,520-C Michael Street,Kernersville,NC,27284
9750,1155 & 1225 Cumulus Drive,Conway,AR,72032
9751,6737 North Wayne Road,Westland,MI,48185
9752,412 South Wall Street & 319 Winston Street,Los Angeles,CA,90013
9753,1750 South Price Road,Tempe,AZ,85281
9754,2350 East Lohman Avenue,Las Cruces,NM,88001
9755,179 N. Milwaukee Street,Boise,ID,83704
9756,3724 Jefferson Street,Austin,TX,78731
9757,2900 SW Cornelius Pass Road,Hillsboro,OR,97123
9758,7350 Middlebelt Road,Westland,MI,48185
9759,2909 Michelle Drive,Sherman,TX,75092
9760,4702 Jim Miller Road,Dallas,TX,75227
9761,420-28 Euclid Ave.,Lancaster,PA,17603
9762,7514 Redwood Boulevard,Novato,CA,94945
9763,7240 Parkway Drive,Hanover,MD,21076
9764,2601 Silver Drive,Columbus,OH,43211
9765,14610-14664 Middle Gibralter Rd.,Gibralter,MI,48173
9766,1801 West Harrison,Harlingen,TX,78550
9767,2310 South Circle Drive,Colorado Springs,CO,80910
9768,600 Coffee Road,Bakersfield,CA,93309
9769,37 Sullivan Avenue,Westminster,MD,21157
9770,605 East Lyon Street,Milwaukee,WI,53202
9771,5220 Jimmy Lee Smith Parkway,Hiram,GA,30141
9772,1060 Terra Nova Boulevard,Pacifica,CA,94044
9773,1335 East Sunset Road; 3165 West Sunset Road; 3455 West Sunset Road; 3655 West Sunset Road; 6670 South Valley View Boulevard,Las Vegas,NV,89118
9774,1502 Pacific Avenue,Santa Cruz,CA,95060
9775,"3819 North 76th Street, 4742 North Sherman Boulevard, 4923, 4933 and 5877 North Teutonia Ave, 5962 North 68th St, 2976 North 62nd St, 6360 North 91st St, 9025 West Mill Rd, 9311 and 9326 West Birch Av",Milwaukee,WI,
9776,1845 Town Center Boulevard,Fleming Island,FL,32003
9777,454 North Lindsay Road and 2644-2750 E. University Drive,Mesa,AZ,85213
9778,1277 Orleans Drive & 207 Java Drive,Sunnyvale,CA,94089
9779,1700-1710 Herbert Ave,Louisville,KY,40216
9780,359 Western Boulevard,Jacksonville,NC,28546
9781,2501-2525 S.32nd Street and 2416-2426 Hengel,La Crosse,WI,53601
9782,13727 Southwest Pacific Highway 99W,Tigard,OR,97223
9783,91-93-95 Golfview Drive,Monaca,PA,15061
9784,3797-3879 Georgia Highway 138 Southeast,Stockbridge,GA,30281
9785,87 Emerald Drive,Emerald Isle,NC,28594
9786,"2610, 2620, 2630, 2650, 2670, 2680 & 2682 Pearland Parkway",Pearland,TX,77581
9787,3268 East Road,Clifton,CO,81520
9788,6631 Grand Avenue,Gurnee,IL,60031
9789,"9800, 9820 & 9840 Topanga Canyon Boulevard",Chatsworth,CA,91311
9790,5847 DeBarr Road,Anchorage,AK,99504
9791,1020 Oakland Drive,Irving,TX,75060
9792,1051 E. Broad Street,Fuquay-Varina,NC,27526
9793,63-67 W. 107th Street,New York,NY,10025
9794,4542 Ruffner Street and 7675 Dagget Street,San Diego,CA,92111
9795,303 Vine Street,Philadelphia,PA,19106
9796,10000 Washington Boulevard,Culver City,CA,90232
9797,1161-1223 West Irvington Road,Tucson,AZ,85714
9798,550 Gateway Drive,Brooklyn,NY,11239
9799,3301 & 3333 Sunrise Blvd.,Rancho Cordova,CA,95742
9800,620-670 S. Orcas St. & 5602-5700 6th Ave.,Seattle,WA,98108
9801,276 Post Road West,Westport,CT,06880
9802,8200 Bolsa Avenue,Midway City,CA,92655
9803,10326 Foster Road,Bellflower,CA,90706
9804,868-870 West Main Road,Middletown,RI,02842
9805,425-475 Dorrance Avenue,Lackawanna,NY,14218
9806,1899 Independence Boulevard,Lancaster,OH,43130
9807,205 North Federal Highway,Dania Beach,FL,33004
9808,5500 E. Sam Houston Pkwy N,Houston,TX,77015
9809,1101 Leah Avenue,San Marcos,TX,78666
9810,5400 North Croatan Highway,Kitty Hawk,NC,27949
9811,6501 Dalrock Road,Rowlett,TX,75089
9812,8930 Painter Avenue,Whittier,CA,90602
9813,420 NW Peacock Boulevard,Port Saint Lucie,FL,34986
9814,3001 Harvest Hills Avenue,Williston,ND,58801
9815,180 Technology Park,Norcross,GA,30092
9816,721 S. Emery Street,Longmont,CO,80501
9817,10201 North Illinois Street,Indianapolis,IN,46290
9818,700 Hope Road,Tinton Falls,NJ,07724
9819,3434 Southwest College Road,Ocala,FL,34474
9820,101-211 Creek Ridge Road and 3012 South Elm Eugene Street,Greensboro,NC,27406
9821,3605 and 3613 Lake Forest Drive & 3626 and 3636 North 112th Avenue,Omaha,NE,68164
9822,1203-1219 W. Imperial Hwy,Brea,CA,92821
9823,1501 Sunport Place Southeast,Albuquerque,NM,87106
9824,447 Old Swede Road,Douglassville,PA,19518
9825,1 North Kaniku Drive,Kohala Coast,HI,96743
9826,2660-2780  W. 76th Street,Hialeah,FL,33016
9827,5602 Broadway Blvd,Garland,TX,75043
9828,401-433 Hackensack Avenue,Hackensack,NJ,07601
9829,11177 South Dransfeldt Road,Parker,CO,80134
9830,18300 - 18420 Midvale Avenue North,Shoreline,WA,98133
9831,"11557,11561 & 11565 Robinwood Drive",Hagerstown,MD,21742
9832,4187 Beechwold Drive,Columbus,OH,43224
9833,333 Bridge Street N.W.,Grand Rapids,MI,49504
9834,One West Illinois,St. Charles,IL,60174
9835,279 Prospect Place,Brooklyn,NY,11238
9836,907-935 HWY 182 East,Columbus,MS,39702
9837,U.S. Highway 74 & U.S. Highway 76,Wilmington,NC,28103
9838,2970 Shasho Place,Waldorf,MD,20603
9839,924 North Elmira Street,Sayre,PA,18840
9840,1200 Welsh Road,North Wales,PA,19454
9841,300 Champions Drive,Lufkin,TX,75901
9842,2683 N Monroe St,Tallahassee,FL,32303
9843,16203-16223 Park Row Boulevard,Houston,TX,77084
9844,1242 State Street,Marysville,WA,98270
9845,"2829 West Wisconsin Avenue, 53208 and 4208 West Villard Avenue, 4224 West Villard Avenue, 4505 North 36th Street, 4300 North 27th Street",Milwaukee,WI,
9846,1700 Commerce Street,Dallas,TX,75247
9847,1113 Pinewood Drive,Palm Bay,FL,32905
9848,300 Broadhollow Road,Melville,NY,11747
9849,1117 Williston Road,South Burlington,VT,05403
9850,801 Pennsylvania Avenue S.E.,Washington,DC,20003
9851,10345-10375 U.S. Highway 41 and 10345-10375 Tara Blvd,Jonesboro,GA,30236
9852,12825 East Mirabeau Parkway,Spokane Valley,WA,99216
9853,202 Thigpen Drive,Tyler,TX,75703
9854,2487 Alum Rock Avenue,San Jose,CA,95116
9855,14221 North 51st Avenue,Glendale,AZ,85306
9856,2200 East Mountain Road,Springdale,AR,72764
9857,400 South Edwards Boulevard,Lake Geneva,WI,53147
9858,6200-6651 67th Avenue North,Brooklyn Park,MN,55429
9859,2810 East Trinity Mills Road,Carrollton,TX,75006
9860,6700 East Columbia Street,Evansville,IN,47715
9861,"941, 947, 955, 963, 971, 973 and 985 West Elliot Road",Chandler,AZ,85222
9862,1600 Monument Avenue,Richmond,VA,23220
9863,401 Monument Road,Jacksonville,FL,32225
9864,1413 Germantown Avenue,Philadelphia,PA,19122
9865,5670-5700 Eighteen Mile Road,Sterling Heights,MI,48314
9866,9004-9070 West Broad Street,Richmond,VA,23294
9867,13540 Arnold Drive,Glen Ellen,CA,95442
9868,16225 Park Ten Place,Houston,TX,77084
9869,800 Wayne Road,Savannah,TN,38372
9870,1200 Cull Lane,Dry Ridge,KY,41035
9871,4100 Central Avenue,Riverside,CA,92506
9872,5553 Wissahickon Avenue,Philadelphia,PA,19144
9873,11120 and 11130 East Ocean Air Drive,San Diego,CA,92130
9874,809 Hwy 332 W,Clute,TX,77531
9875,929 Navigation Boulevard,Corpus Christi,TX,78408
9876,42-12 Williamsburg Drive,Harrisburg,PA,17109
9877,19073 Interstate 45,Shenandoah,TX,77385
9878,3333 South Brea Canyon Road,Diamond Bar,CA,91765
9879,1 Garden Way,East Greenbush,NY,10281
9880,1305 Indian River Blvd,Vero Beach,FL,32960
9881,600 Hampshire Road,Westlake Village,CA,91361
9882,33 Newport Road,Lititz,PA,17543
9883,1233 North La Brea Avenue,West Hollywood,CA,90038
9884,7701 Universal Boulevard,Orlando,FL,32819
9885,Route 561 and Whitehorse Road,Voorhees,NJ,08043
9886,3040-3050 Oakmead Village Drive,Santa Clara,CA,95051
9887,22106 Bulverde Road,San Antonio,TX,78259
9888,44049-44175 Groesbeck Highway,Clinton Township,MI,48036
9889,1320 Norwood Drive,Bedford,TX,76022
9890,25445 Sunnymead Boulevard,Moreno Valley,CA,92553
9891,74-5586 Palani Road,Kailua-Kona,HI,96740
9892,2705 Spyglass Drive,Pismo Beach,CA,93449
9893,8502 East Princess Drive,Scottsdale,AZ,85255
9894,1545 Wilcox Avenue,Hollywood,CA,90028
9895,800 El Camino Real West,Mountain View,CA,94040
9896,3501 - 3607 Matthews-Mint Hill Road,Mint Hill,NC,28105
9897,16495 East 40th Circle,Aurora,CO,80011
9898,16217 North Dale Mabry Highway,Tampa,FL,33618
9899,519 11th Street Southeast,Washington,DC,20003
9900,899 Monterey Street,San Luis Obispo,CA,93401
9901,101 W. 6th St.,Austin,TX,78701
9902,3300-3355 Breckinridge Boulevard,Duluth,GA,30096
9903,"2, 16, 22, 38 & 42 Copper Creek Drive",Dahlonega,GA,30533
9904,1601-1661 Pine St.,Concord,CA,94520
9905,324 Bryant Street,Ojai,CA,93023
9906,3422 US 1 Highway,Franklinton,NC,27525
9907,16680 Val Vista Road,Casa Grande,AZ,85222
9908,5055 East University Drive,Mesa,AZ,85205
9909,2101 & 2111 Southeast Caulder Avenue,Des Moines,IA,50320
9910,8081 Marvin D. Love Freeway,Dallas,TX,75237
9911,13700-13860 North Pennsylvania Avenue,Oklahoma City,OK,73134
9912,301-333 Canal Street,New Orleans,LA,70130
9913,11360 US Highway 70,Clayton,NC,27520
9914,24850 Las Brisas Road,Murrieta,CA,92592
9915,9404 Genesee Avenue,La Jolla,CA,92122
9916,600 Shore Road,Long Beach,NY,11561
9917,10401-10521 Sunland Boulevard and 8756-8846 Foothill Bouleva,Sunland,CA,91040
9918,1226 East 7th Street,Long Beach,CA,90802
9919,5264-5322 Trail Lake Drive at Old Granbury Road,Fort Worth,TX,76133
9920,650-660 Liberty Avenue,Union,NJ,07083
9921,2580 Senter Road,San Jose,CA,95111
9922,229 West 28th Street,New York,NY,10001
9923,324 Clark Street,Worcester,MA,01606
9924,401 Clovis Avenue,Clovis,CA,93612
9925,10120 S. Eastern Avenue,Henderson,NV,89052
9926,8600-8890 Whittier Boulevard,Pico Rivera,CA,90660
9927,2245 Tapo Street,Simi Valley,CA,93063
9928,6910 Rumblewood Drive,Fort Wayne,IN,46835
9929,151 Gaffield Drive,Kimball,MI,48074
9930,4600 East Nestle Purina Avenue,Flagstaff,AZ,86004
9931,925 Westlake Avenue North,Seattle,WA,98109
9932,11120 Highway 142 North,Covington,GA,30014
9933,9300 and 9330 Stockdale Highway,Bakersfield,CA,93312
9934,6550 Loisdale Road,Springfield,VA,22150
9935,28-30 East 38th Street,New York,NY,10016
9936,445 North Wells Street,Chicago,IL,60610
9937,7349 Suva Street,Downey,CA,90240
9938,4501 Southern Hills Drive,Sioux City,IA,51106
9939,100 Ticetown Road,Old Bridge,NJ,08857
9940,One Exchange Place,Jersey City,NJ,07302
9941,5436 Westerville Road,Columbus,OH,43081
9942,250 North Arcadia Avenue,Tucson,AZ,85711
9943,301 Holleman Drive East,College Station,TX,77840
9944,8300 Pat Booker Road,Live Oak,TX,78233
9945,3235 Tyler Street,Carlsbad,CA,92008
9946,2730 Fyke Road,Farmers Branch,TX,75234
9947,"2-12 Saint Albans Avenue, 2 Saint Albans Circle, 3610/3612 Chapel Road",Newtown Square,PA,19073
9948,850 Mount Zion Road,Jonesboro,GA,30236
9949,4000 Fiesta Mall,Mesa,AZ,85202
9950,10080 Commerce Park Drive,West Chester,OH,45069
9951,2765 Kingbridge Terrace,Bronx,NY,10463
9952,74-04 Grand Avenue,Maspeth,NY,11373
9953,901 Marquette Avenue,Minneapolis,MN,55402
9954,831/839 West End Avenue a/k/a 300/308 West 101st Street,New York,NY,10025
9955,404 Airline,Gonzales,LA,70737
9956,2400-2520 East Chapman Avenue & 444-450 State College Boulevard,Fullerton,CA,92831
9957,23221 Aldine Westfield Road,Spring,TX,77373
9958,237 Park Avenue,New York,NY,10017
9959,3951 North Kimball Avenue,Chicago,IL,60618
9960,901 7th Street Northwest,Washington,DC,20001
9961,816 Highway 231,Troy,AL,36081
9962,3939 Market Place Circle,Traverse,MI,49684
9963,2501 South Broadway,Edmond,OK,73013
9964,4410 Claiborne Square East,Hampton,VA,23666
9965,52 Strathmore Circle,Rochester,NY,14609
9966,"2702, 2705, 2709 & 2710 Media Center Drive",Los Angeles,CA,90065
9967,23-25 Sagamore Road,Bronxville,NY,10708
9968,7040 Archibald Avenue,Rancho Cucamonga,CA,91701
9969,14860 Farm Creek Drive,Woodbridge,VA,22191
9970,"1736-1796 18th Street, 499 Carolina Street",San Francisco,CA,94107
9971,10101 Woodfield Lane,Creve Coeur,MO,63132
9972,111 North Plano Road,Richardson,TX,75081
9973,2380 & 2390 South Cobb Drive,Smyrna,GA,30080
9974,1334 South Avenue B,Yuma,AZ,85364
9975,301 Manufacturers Road,Chattanooga,TN,37405
9976,95 Cordova Street,St. Augustine,FL,32084
9977,3925 Collins Avenue,Miami Beach,FL,33140
9978,5165 Gilbertsville Highway,Calvert City,KY,42029
9979,14030 Lemoli Avenue,Hawthorne,CA,90250
9980,555 Leila Avenue,Redding,CA,96002
9981,12493 State Highway 75,Ketchum,ID,83340
9982,1301 Washington Avenue,St. Louis,MO,63103
9983,"1146 19th Street, NW",Washington,DC,20036
9984,219-223 Park Drive,Boston,MA,02115
9985,821 Washington Street,Boston,MA,02111
9986,1420 S. Lewis Avenue,Tulsa,OK,74104
9987,193 Tanyard Park Place,Louisville,KY,40229
9988,4700 South Cliff Avenue,Sioux Falls,SD,57103
9989,2340 Noonham Road,Baltimore,MD,21244
9990,1083 East State Road  2,Laporte,IN,46350
9991,2277 Fair Oaks Boulevard,Sacramento,CA,95825
9992,232-242 W. Walnut Lane,Philadelphia,PA,19144
9993,70380 Highway 21,Covington,LA,70433
9994,4441 Cloud Avenue,La Crescenta,CA,91214
9995,1001 Elida Avenue,Delphos,OH,45833
9996,780 Gulf Avenue,Staten Island,NY,10314
9997,8637-8699 Sudley Road,Manassas,VA,20110
9998,2700 Rice Creek Rd.,New Brighton,MN,55112
9999,1964-1966 Newbold Avenue,Bronx,NY,10472
10000,1155 Washington Pike,Bridgeville,PA,15017
